{"stats":{"minecraft:killed":{"minecraft:pig":9,"minecraft:spider":2,"minecraft:zombie":1,"minecraft:cow":2},"minecraft:picked_up":{"minecraft:crafting_table":5,"biomesoplenty:fir_log":3,"minecraft:oak_log":23,"minecraft:gunpowder":1,"minecraft:string":2,"minecraft:dirt":30,"minecraft:apple":2,"minecraft:beef":4,"minecraft:gray_bed":3,"minecraft:furnace":2,"minecraft:stick":5,"minecraft:raw_iron":26,"minecraft:sweet_berries":24,"sophisticatedbackpacks:backpack":1,"minecraft:gravel":1,"minecraft:porkchop":19,"minecraft:spruce_sapling":1,"minecraft:spruce_log":4,"biomesoplenty:maple_sapling":2,"minecraft:purple_bed":1,"minecraft:rotten_flesh":3,"waystones:waystone":1,"minecraft:hay_block":10,"minecraft:coal":61,"minecraft:cobblestone":281},"minecraft:used":{"minecraft:stone_pickaxe":254,"minecraft:wooden_pickaxe":118,"minecraft:rotten_flesh":1,"minecraft:dirt":13,"minecraft:crafting_table":6,"minecraft:oak_log":1,"minecraft:apple":1,"minecraft:stone_axe":48,"minecraft:cobblestone":23,"minecraft:sweet_berries":10,"minecraft:cooked_porkchop":8,"minecraft:furnace":2,"minecraft:porkchop":2,"minecraft:gray_bed":2,"alexsmobs:animal_dictionary":1,"minecraft:cooked_beef":2},"minecraft:crafted":{"minecraft:cooked_beef":2,"minecraft:oak_planks":24,"minecraft:cooked_porkchop":13,"minecraft:crafting_table":3,"minecraft:spruce_planks":16,"minecraft:wooden_pickaxe":2,"minecraft:furnace":2,"minecraft:stone_axe":2,"minecraft:air":0,"biomesoplenty:fir_planks":12,"minecraft:stick":16,"minecraft:stone_pickaxe":3},"minecraft:mined":{"minecraft:mossy_cobblestone":1,"minecraft:powder_snow":21,"minecraft:crafting_table":5,"minecraft:grass_block":8,"minecraft:cobblestone":1,"minecraft:spruce_leaves":1,"minecraft:hay_block":7,"minecraft:purple_bed":2,"minecraft:furnace":2,"minecraft:iron_ore":26,"minecraft:sweet_berry_bush":10,"minecraft:gray_bed":5,"minecraft:spruce_log":4,"biomesoplenty:maple_leaves":3,"biomesoplenty:fir_log":3,"minecraft:grass":1,"minecraft:coal_ore":61,"minecraft:oak_log":23,"minecraft:gravel":1,"minecraft:dirt":14,"minecraft:stone":280,"minecraft:oak_leaves":3,"minecraft:fern":1},"minecraft:broken":{"minecraft:stone_pickaxe":1,"minecraft:wooden_pickaxe":2},"minecraft:dropped":{"minecraft:gravel":1,"minecraft:rotten_flesh":2},"minecraft:custom":{"minecraft:interact_with_furnace":12,"minecraft:mob_kills":14,"minecraft:interact_with_crafting_table":11,"minecraft:leave_game":1,"minecraft:time_since_death":16849,"minecraft:sleep_in_bed":3,"minecraft:time_since_rest":2030,"minecraft:waystone_activated":3,"minecraft:sprint_one_cm":123712,"minecraft:damage_taken":1479,"minecraft:walk_one_cm":95003,"minecraft:drop":2,"minecraft:damage_dealt":1636,"minecraft:swim_one_cm":4102,"minecraft:fly_one_cm":259351,"minecraft:open_chest":4,"minecraft:crouch_one_cm":4775,"minecraft:play_time":44296,"minecraft:deaths":2,"minecraft:sneak_time":1457,"minecraft:walk_under_water_one_cm":20,"minecraft:jump":1231,"minecraft:walk_on_water_one_cm":3459,"minecraft:total_world_time":44296,"minecraft:fall_one_cm":39569}},"DataVersion":3465}