{"stats":{"minecraft:custom":{"minecraft:interact_with_furnace":30,"minecraft:mob_kills":35,"minecraft:interact_with_crafting_table":27,"minecraft:leave_game":1,"minecraft:time_since_death":41260,"minecraft:climb_one_cm":646,"minecraft:time_since_rest":41288,"minecraft:sprint_one_cm":246994,"minecraft:damage_taken":2141,"minecraft:walk_one_cm":151401,"minecraft:damage_blocked_by_shield":180,"minecraft:drop":19,"minecraft:damage_dealt":6975,"minecraft:fly_one_cm":258533,"minecraft:open_chest":7,"minecraft:crouch_one_cm":3034,"minecraft:play_time":66127,"minecraft:deaths":2,"minecraft:sneak_time":1409,"minecraft:jump":1229,"minecraft:walk_on_water_one_cm":1673,"minecraft:total_world_time":66127,"minecraft:fall_one_cm":31188},"minecraft:picked_up":{"paraglider:paraglider":1,"minecraft:birch_log":33,"minecraft:crafting_table":1,"minecraft:cooked_beef":4,"minecraft:glow_ink_sac":2,"minecraft:andesite":6,"minecraft:leather":6,"minecraft:brown_mushroom":2,"minecraft:red_mushroom":1,"minecraft:potato":1,"minecraft:tuff":4,"minecraft:oak_log":6,"minecraft:string":1,"minecraft:bone":1,"minecraft:wheat_seeds":50,"minecraft:cobbled_deepslate":94,"minecraft:raw_gold":6,"minecraft:beef":7,"minecraft:iron_ingot":4,"minecraft:azalea":1,"alexsmobs:raccoon_tail":1,"minecraft:birch_sapling":27,"minecraft:flowering_azalea":1,"minecraft:furnace":1,"minecraft:stick":36,"minecraft:raw_iron":47,"minecraft:torch":3,"minecraft:porkchop":3,"minecraft:spruce_sapling":19,"minecraft:spruce_log":18,"minecraft:carrot":1,"minecraft:purple_bed":1,"minecraft:pumpkin_seeds":1,"minecraft:arrow":4,"minecraft:rotten_flesh":12,"minecraft:diamond":22,"minecraft:oak_sapling":14,"minecraft:coal":85,"minecraft:cobblestone":67},"minecraft:killed":{"minecraft:cave_spider":1,"minecraft:pig":3,"alexsmobs:grizzly_bear":1,"alexsmobs:raccoon":2,"minecraft:iron_golem":1,"minecraft:creeper":1,"minecraft:skeleton":3,"minecraft:zombie":19,"minecraft:cow":4},"minecraft:used":{"minecraft:stone_sword":93,"minecraft:stone_pickaxe":76,"minecraft:chest":2,"minecraft:shield":1,"minecraft:wooden_pickaxe":39,"minecraft:iron_sword":62,"minecraft:rotten_flesh":11,"minecraft:torch":6,"minecraft:crafting_table":2,"minecraft:bread":8,"minecraft:iron_pickaxe":218,"minecraft:iron_helmet":1,"minecraft:leather_helmet":1,"minecraft:stone_axe":76,"minecraft:cobblestone":30,"minecraft:purple_bed":1,"minecraft:furnace":3,"alexsmobs:animal_dictionary":2,"minecraft:potato":1,"minecraft:cooked_beef":11,"minecraft:cobbled_deepslate":47},"minecraft:dropped":{"minecraft:stone_axe":1,"minecraft:glow_ink_sac":2,"minecraft:birch_sapling":12,"minecraft:cobblestone":13,"minecraft:andesite":6,"minecraft:oak_sapling":3,"minecraft:spruce_sapling":7},"minecraft:mined":{"minecraft:tuff":4,"minecraft:flowering_azalea":1,"minecraft:deepslate_diamond_ore":22,"minecraft:crafting_table":1,"minecraft:torch":2,"minecraft:tall_grass":9,"minecraft:cobblestone":6,"minecraft:spruce_leaves":39,"minecraft:deepslate_gold_ore":6,"minecraft:wall_torch":1,"minecraft:large_fern":2,"minecraft:purple_bed":1,"minecraft:furnace":1,"minecraft:cobbled_deepslate":14,"minecraft:birch_log":33,"minecraft:iron_ore":20,"minecraft:spruce_log":20,"minecraft:birch_leaves":30,"minecraft:andesite":1,"minecraft:moss_carpet":1,"minecraft:grass":8,"minecraft:oak_log":5,"minecraft:coal_ore":85,"minecraft:deepslate_iron_ore":27,"minecraft:dirt":1,"minecraft:azalea":1,"minecraft:stone":56,"minecraft:oak_leaves":9,"minecraft:deepslate":81,"minecraft:fern":2},"minecraft:crafted":{"minecraft:cooked_beef":7,"minecraft:oak_planks":12,"minecraft:cooked_porkchop":1,"minecraft:crafting_table":1,"minecraft:wooden_pickaxe":1,"minecraft:iron_helmet":1,"minecraft:iron_sword":1,"minecraft:furnace":2,"minecraft:birch_planks":40,"minecraft:stone_axe":2,"minecraft:air":0,"minecraft:diamond_leggings":1,"minecraft:charcoal":1,"minecraft:shield":1,"minecraft:stick":16,"minecraft:iron_ingot":47,"minecraft:iron_pickaxe":2,"minecraft:stone_pickaxe":1,"minecraft:gold_ingot":1,"minecraft:stone_sword":1,"minecraft:chest":2,"minecraft:diamond_boots":1,"minecraft:torch":4,"minecraft:diamond_chestplate":1}},"DataVersion":3465}