{"stats":{"minecraft:custom":{"minecraft:interact_with_furnace":6,"minecraft:mob_kills":22,"minecraft:interact_with_crafting_table":9,"minecraft:leave_game":1,"minecraft:time_since_death":17260,"minecraft:climb_one_cm":646,"minecraft:time_since_rest":17288,"minecraft:sprint_one_cm":175823,"minecraft:damage_taken":1670,"minecraft:walk_one_cm":76579,"minecraft:drop":14,"minecraft:damage_dealt":4145,"minecraft:fly_one_cm":191159,"minecraft:open_chest":3,"minecraft:crouch_one_cm":607,"minecraft:play_time":42127,"minecraft:deaths":2,"minecraft:sneak_time":658,"minecraft:jump":840,"minecraft:walk_on_water_one_cm":1673,"minecraft:total_world_time":42127,"minecraft:fall_one_cm":25946},"minecraft:picked_up":{"minecraft:birch_log":5,"minecraft:crafting_table":1,"minecraft:glow_ink_sac":2,"minecraft:andesite":6,"minecraft:leather":6,"minecraft:brown_mushroom":2,"minecraft:red_mushroom":1,"minecraft:potato":1,"minecraft:tuff":4,"minecraft:oak_log":1,"minecraft:string":1,"minecraft:bone":1,"minecraft:wheat_seeds":49,"minecraft:cobbled_deepslate":23,"minecraft:raw_gold":6,"minecraft:beef":7,"minecraft:iron_ingot":4,"minecraft:azalea":1,"alexsmobs:raccoon_tail":1,"minecraft:birch_sapling":15,"minecraft:flowering_azalea":1,"minecraft:furnace":1,"minecraft:stick":17,"minecraft:raw_iron":47,"minecraft:torch":3,"minecraft:porkchop":3,"minecraft:spruce_sapling":12,"minecraft:carrot":1,"minecraft:purple_bed":1,"minecraft:pumpkin_seeds":1,"minecraft:arrow":3,"minecraft:rotten_flesh":7,"minecraft:diamond":17,"minecraft:oak_sapling":11,"minecraft:coal":1,"minecraft:cobblestone":61},"minecraft:killed":{"minecraft:cave_spider":1,"minecraft:pig":3,"alexsmobs:raccoon":1,"minecraft:iron_golem":1,"minecraft:creeper":1,"minecraft:skeleton":2,"minecraft:zombie":9,"minecraft:cow":4},"minecraft:used":{"minecraft:stone_sword":93,"minecraft:stone_pickaxe":65,"minecraft:wooden_pickaxe":39,"minecraft:torch":5,"minecraft:crafting_table":2,"minecraft:bread":8,"minecraft:iron_pickaxe":57,"minecraft:iron_helmet":1,"minecraft:leather_helmet":1,"minecraft:stone_axe":1,"minecraft:cobblestone":30,"minecraft:furnace":1,"alexsmobs:animal_dictionary":2,"minecraft:cooked_beef":7,"minecraft:cobbled_deepslate":13},"minecraft:dropped":{"minecraft:stone_axe":1,"minecraft:cobblestone":13},"minecraft:mined":{"minecraft:tuff":4,"minecraft:flowering_azalea":1,"minecraft:deepslate_diamond_ore":17,"minecraft:crafting_table":1,"minecraft:torch":2,"minecraft:tall_grass":4,"minecraft:cobblestone":6,"minecraft:spruce_leaves":2,"minecraft:deepslate_gold_ore":6,"minecraft:wall_torch":1,"minecraft:large_fern":1,"minecraft:purple_bed":1,"minecraft:furnace":1,"minecraft:cobbled_deepslate":4,"minecraft:birch_log":5,"minecraft:iron_ore":20,"minecraft:birch_leaves":5,"minecraft:andesite":1,"minecraft:moss_carpet":1,"minecraft:grass":4,"minecraft:oak_log":1,"minecraft:coal_ore":1,"minecraft:deepslate_iron_ore":27,"minecraft:azalea":1,"minecraft:stone":50,"minecraft:oak_leaves":1,"minecraft:deepslate":20,"minecraft:fern":2},"minecraft:crafted":{"minecraft:cooked_beef":7,"minecraft:crafting_table":1,"minecraft:wooden_pickaxe":1,"minecraft:iron_helmet":1,"minecraft:furnace":1,"minecraft:birch_planks":20,"minecraft:stone_axe":2,"minecraft:air":0,"minecraft:charcoal":1,"minecraft:stick":16,"minecraft:iron_ingot":5,"minecraft:iron_pickaxe":1,"minecraft:stone_pickaxe":1,"minecraft:stone_sword":1,"minecraft:torch":4}},"DataVersion":3465}