{"stats":{"minecraft:picked_up":{"minecraft:crafting_table":5,"minecraft:dark_oak_sapling":20,"minecraft:stick":12,"minecraft:raw_iron":6,"securitycraft:universal_block_reinforcer_lvl3":1,"minecraft:oak_log":1,"sophisticatedbackpacks:iron_backpack":1,"minecraft:spruce_log":15,"securitycraft:keypad_chest":4,"minecraft:dark_oak_log":56,"securitycraft:universal_block_remover":1,"securitycraft:scanner_door_item":2,"minecraft:arrow":2,"minecraft:rotten_flesh":4,"minecraft:apple":3,"minecraft:wheat_seeds":1,"minecraft:gold_nugget":1,"minecraft:cobbled_deepslate":3,"minecraft:bread":20,"rotted:rotten_brain":2,"securitycraft:keypad_door_item":2,"minecraft:coal":42,"minecraft:cobblestone":37,"minecraft:furnace":1},"minecraft:mined":{"minecraft:furnace":1,"minecraft:dark_oak_leaves":1,"minecraft:iron_ore":18,"minecraft:cobbled_deepslate":2,"minecraft:spruce_log":15,"minecraft:dark_oak_log":56,"minecraft:crafting_table":5,"minecraft:grass":2,"minecraft:coal_ore":98,"minecraft:tall_grass":1,"minecraft:stone":40,"minecraft:oak_leaves":1,"minecraft:deepslate":1},"minecraft:custom":{"minecraft:time_since_rest":34851,"minecraft:interact_with_furnace":15,"minecraft:sprint_one_cm":111387,"minecraft:damage_taken":1556,"minecraft:walk_one_cm":80420,"minecraft:damage_blocked_by_shield":365,"minecraft:mob_kills":4,"minecraft:damage_dealt":801,"minecraft:swim_one_cm":345,"minecraft:interact_with_crafting_table":17,"minecraft:talked_to_villager":1,"minecraft:fly_one_cm":203277,"minecraft:open_chest":14,"minecraft:crouch_one_cm":418,"minecraft:play_time":43465,"minecraft:sneak_time":1163,"minecraft:jump":882,"minecraft:interact_with_blast_furnace":1,"minecraft:time_since_death":43465,"minecraft:walk_on_water_one_cm":124,"minecraft:sleep_in_bed":2,"minecraft:total_world_time":43465,"minecraft:fall_one_cm":28181},"minecraft:crafted":{"minecraft:iron_chestplate":1,"minecraft:iron_boots":1,"minecraft:shield":1,"minecraft:crafting_table":1,"minecraft:stick":8,"minecraft:iron_ingot":23,"minecraft:wooden_pickaxe":1,"minecraft:iron_pickaxe":1,"minecraft:stone_pickaxe":1,"minecraft:stone_sword":1,"minecraft:iron_leggings":1,"minecraft:furnace":2,"minecraft:dark_oak_planks":48,"minecraft:stone_axe":1,"minecraft:air":0},"minecraft:killed":{"minecraft:skeleton":1,"minecraft:zombie":2,"rotted:farmer":1},"minecraft:used":{"minecraft:dark_oak_planks":14,"minecraft:apple":2,"minecraft:stone_sword":22,"minecraft:dark_oak_log":7,"minecraft:bread":19,"minecraft:stone_pickaxe":78,"minecraft:iron_pickaxe":77,"minecraft:shield":15,"minecraft:wooden_pickaxe":7,"minecraft:stone_axe":61,"minecraft:cobblestone":1,"minecraft:crafting_table":5,"minecraft:furnace":2,"alexsmobs:animal_dictionary":7}},"DataVersion":3465}