{"stats":{"minecraft:mined":{"biomesoplenty:jacaranda_leaves":30,"minecraft:dark_oak_leaves":1,"biomesoplenty:jacaranda_planks":45,"minecraft:dark_oak_log":56,"minecraft:crafting_table":7,"minecraft:grass_block":47,"biomesoplenty:stripped_jacaranda_log":1,"minecraft:copper_ore":7,"minecraft:tall_grass":1,"minecraft:cobblestone":20,"biomesoplenty:jacaranda_sapling":23,"minecraft:smooth_stone":18,"biomesoplenty:jacaranda_log":312,"biomesoplenty:tall_lavender":4,"minecraft:furnace":1,"minecraft:iron_ore":18,"minecraft:cobbled_deepslate":2,"biomesoplenty:lavender":2,"minecraft:spruce_log":15,"minecraft:brown_bed":1,"minecraft:grass":24,"minecraft:oak_log":13,"minecraft:coal_ore":125,"minecraft:sand":1,"minecraft:gravel":6,"minecraft:dirt":103,"minecraft:stone":112,"minecraft:oak_leaves":1,"minecraft:deepslate":1},"minecraft:killed":{"rotted:farmer":3,"rotted:marine":1,"rotted:miner":2,"minecraft:skeleton":1,"minecraft:zombie":2},"minecraft:custom":{"minecraft:interact_with_furnace":15,"minecraft:mob_kills":9,"minecraft:interact_with_crafting_table":18,"minecraft:leave_game":2,"minecraft:time_since_death":121965,"minecraft:sleep_in_bed":2,"minecraft:waystone_activated":3,"minecraft:time_since_rest":113351,"minecraft:damage_taken":2552,"minecraft:sprint_one_cm":305999,"minecraft:walk_one_cm":323077,"minecraft:damage_blocked_by_shield":365,"minecraft:drop":28,"minecraft:damage_dealt":1555,"minecraft:swim_one_cm":671,"minecraft:talked_to_villager":1,"minecraft:fly_one_cm":496384,"minecraft:open_chest":27,"minecraft:crouch_one_cm":6101,"minecraft:play_time":121965,"minecraft:sneak_time":3164,"minecraft:walk_under_water_one_cm":2849,"minecraft:boat_one_cm":26270,"minecraft:jump":2288,"minecraft:interact_with_blast_furnace":1,"minecraft:walk_on_water_one_cm":1988,"minecraft:total_world_time":121965,"minecraft:fall_one_cm":62343},"minecraft:broken":{"minecraft:iron_axe":1,"minecraft:stone_axe":1},"minecraft:picked_up":{"biomesoplenty:lavender":72,"minecraft:crafting_table":6,"minecraft:lilac":1,"biomesoplenty:jacaranda_sapling":52,"minecraft:oak_log":11,"securitycraft:keypad_chest":4,"biomesoplenty:jacaranda_planks":348,"minecraft:dirt":353,"securitycraft:scanner_door_item":2,"minecraft:iron_axe":1,"minecraft:smooth_stone_slab":1,"biomesoplenty:tall_lavender":5,"minecraft:apple":3,"minecraft:smooth_stone":412,"minecraft:wheat_seeds":19,"minecraft:gold_nugget":1,"minecraft:cobbled_deepslate":3,"rechiseled:chisel":2,"biomesoplenty:umbran_log":4,"minecraft:furnace":1,"minecraft:dark_oak_sapling":20,"minecraft:stick":41,"minecraft:raw_iron":6,"securitycraft:universal_block_reinforcer_lvl3":1,"minecraft:stone_brick_slab":14,"minecraft:torch":256,"minecraft:gravel":6,"minecraft:sand":1,"sophisticatedbackpacks:iron_backpack":1,"minecraft:spruce_log":15,"minecraft:dark_oak_log":56,"securitycraft:universal_block_remover":1,"minecraft:stone_sword":1,"minecraft:arrow":2,"minecraft:rotten_flesh":10,"biomesoplenty:jacaranda_log":350,"minecraft:stone_axe":1,"waystones:waystone":1,"minecraft:bread":20,"securitycraft:keypad_door_item":2,"rotted:rotten_brain":2,"minecraft:coal":48,"minecraft:cobblestone":124},"minecraft:crafted":{"biomesoplenty:jacaranda_planks":576,"minecraft:crafting_table":1,"minecraft:wooden_pickaxe":1,"minecraft:furnace":2,"minecraft:stone_axe":3,"minecraft:air":0,"minecraft:iron_boots":1,"minecraft:iron_chestplate":1,"minecraft:shield":1,"minecraft:stick":8,"minecraft:iron_ingot":23,"minecraft:iron_pickaxe":1,"minecraft:stone_pickaxe":1,"minecraft:stone_sword":1,"minecraft:iron_leggings":1,"minecraft:dark_oak_planks":48},"minecraft:dropped":{"minecraft:stone_axe":3,"biomesoplenty:jacaranda_sapling":47,"minecraft:wheat_seeds":19,"minecraft:lilac":1,"minecraft:stone_sword":1,"minecraft:dark_oak_sapling":20,"biomesoplenty:lavender":8,"minecraft:rotten_flesh":9,"biomesoplenty:jacaranda_planks":221,"minecraft:dirt":321,"biomesoplenty:umbran_log":4,"minecraft:torch":128,"rechiseled:chisel":1,"minecraft:sand":1,"minecraft:arrow":2,"minecraft:stone_pickaxe":1,"biomesoplenty:tall_lavender":5},"minecraft:used":{"minecraft:stone_sword":71,"minecraft:stone_pickaxe":78,"minecraft:wooden_pickaxe":7,"minecraft:shield":15,"minecraft:crafting_table":6,"biomesoplenty:jacaranda_planks":718,"waystones:waystone":1,"minecraft:dark_oak_planks":15,"minecraft:apple":2,"minecraft:dark_oak_log":7,"minecraft:bread":40,"minecraft:iron_axe":82,"minecraft:iron_pickaxe":234,"biomesoplenty:jacaranda_log":2,"minecraft:stone_axe":416,"minecraft:cobblestone":20,"minecraft:furnace":2,"alexsmobs:animal_dictionary":7,"minecraft:smooth_stone":410}},"DataVersion":3465}