{"stats":{"minecraft:broken":{"minecraft:iron_shovel":7,"minecraft:wooden_pickaxe":1,"minecraft:iron_axe":1,"minecraft:iron_pickaxe":3},"minecraft:mined":{"create:zinc_ore":11,"minecraft:spruce_planks":93,"minecraft:oak_sapling":2,"minecraft:allium":1,"minecraft:grass_block":692,"minecraft:oak_trapdoor":4,"minecraft:fire":2,"minecraft:snow":51,"minecraft:azure_bluet":3,"biomesoplenty:magic_log":46,"minecraft:red_tulip":6,"minecraft:dirt_path":44,"minecraft:lantern":1,"minecraft:pink_tulip":4,"minecraft:white_tulip":3,"minecraft:stone":1335,"minecraft:spruce_slab":4,"minecraft:scaffolding":4,"minecraft:red_bed":7,"minecraft:lily_of_the_valley":4,"minecraft:dandelion":3,"minecraft:crafting_table":3,"minecraft:torch":3,"biomesoplenty:fir_planks":109,"minecraft:poppy":11,"minecraft:chest":2,"minecraft:rose_bush":30,"minecraft:copper_ore":9,"minecraft:cobblestone":18,"biomesoplenty:sprout":314,"minecraft:wall_torch":1,"biomesoplenty:magic_planks":22,"minecraft:sweet_berry_bush":13,"minecraft:ice":2,"minecraft:lilac":37,"minecraft:spruce_log":104,"minecraft:orange_tulip":3,"biomesoplenty:fir_log":256,"minecraft:grass":302,"minecraft:oak_log":26,"minecraft:sunflower":47,"minecraft:gravel":9,"minecraft:dirt":236,"minecraft:oak_leaves":674,"minecraft:fern":12},"minecraft:used":{"minecraft:oak_trapdoor":7,"minecraft:netherite_sword":1,"minecraft:iron_shovel":1260,"minecraft:spruce_slab":178,"minecraft:poppy":9,"minecraft:shield":25,"minecraft:chest":14,"minecraft:spruce_planks":95,"minecraft:stone":24,"minecraft:iron_sword":78,"minecraft:zombie_spawn_egg":2,"minecraft:torch":14,"minecraft:dirt":373,"farmersdelight:flint_knife":23,"minecraft:hopper":1,"minecraft:snowball":41,"minecraft:lava_bucket":3,"minecraft:villager_spawn_egg":3,"minecraft:lantern":4,"minecraft:iron_axe":611,"biomesoplenty:fir_sapling":1,"minecraft:grass_block":66,"minecraft:scaffolding":2,"biomesoplenty:fir_fence_gate":1,"farmersdelight:cooked_mutton_chops":4,"minecraft:egg":2,"minecraft:cooked_mutton":6,"minecraft:water_bucket":11,"biomesoplenty:magic_log":1,"minecraft:wooden_pickaxe":59,"biomesoplenty:fir_planks":170,"biomesoplenty:fir_boat":3,"minecraft:cobblestone_slab":4,"minecraft:crafting_table":6,"minecraft:red_bed":14,"biomesoplenty:magic_planks":23,"minecraft:spruce_log":20,"biomesoplenty:magic_sapling":8,"minecraft:wooden_hoe":8,"minecraft:bread":68,"minecraft:iron_pickaxe":1366,"minecraft:gravel":1,"minecraft:stone_axe":34,"minecraft:cobblestone":281,"minecraft:bucket":11,"biomesoplenty:fir_sign":7,"minecraft:pumpkin_pie":1,"alexsmobs:animal_dictionary":2},"minecraft:crafted":{"minecraft:oak_planks":92,"minecraft:cobblestone_slab":12,"minecraft:cooked_mutton":6,"minecraft:oak_trapdoor":4,"minecraft:hopper":1,"minecraft:iron_boots":1,"minecraft:iron_axe":2,"minecraft:spruce_slab":222,"minecraft:chest":12,"biomesoplenty:magic_planks":40,"paraglider:paraglider":1,"biomesoplenty:fir_boat":1,"farmersdelight:cooked_mutton_chops":4,"minecraft:crafting_table":3,"minecraft:spruce_planks":244,"minecraft:wooden_pickaxe":1,"minecraft:iron_helmet":1,"minecraft:iron_sword":5,"minecraft:stone_axe":1,"minecraft:bread":2,"minecraft:air":0,"biomesoplenty:fir_sign":6,"biomesoplenty:fir_planks":512,"minecraft:wooden_hoe":1,"minecraft:iron_chestplate":1,"minecraft:shield":1,"minecraft:stick":60,"minecraft:iron_pickaxe":6,"minecraft:iron_shovel":11,"minecraft:iron_leggings":1,"biomesoplenty:fir_fence_gate":2},"minecraft:custom":{"minecraft:mob_kills":54,"minecraft:interact_with_crafting_table":37,"minecraft:leave_game":9,"minecraft:time_since_death":102259,"minecraft:climb_one_cm":695,"minecraft:sprint_one_cm":276440,"minecraft:walk_one_cm":511304,"minecraft:damage_blocked_by_shield":500,"minecraft:drop":22,"minecraft:talked_to_villager":12,"minecraft:play_time":177157,"minecraft:deaths":3,"minecraft:sneak_time":5922,"minecraft:walk_under_water_one_cm":8102,"minecraft:jump":2676,"minecraft:walk_on_water_one_cm":12022,"minecraft:total_world_time":177157,"minecraft:interact_with_furnace":8,"spartanshields:shield_bash_hits":9,"minecraft:sleep_in_bed":15,"minecraft:time_since_rest":10521,"minecraft:waystone_activated":1,"minecraft:damage_taken":7779,"minecraft:damage_dealt":14856,"minecraft:swim_one_cm":8403,"minecraft:fly_one_cm":470073,"minecraft:player_kills":1,"minecraft:open_chest":69,"minecraft:crouch_one_cm":19630,"minecraft:interact_with_smoker":1,"minecraft:fall_one_cm":96345},"minecraft:killed":{"alexsmobs:raccoon":1,"rotted:doctor":2,"rotted:miner":6,"rotted:adventurer":3,"rotted:shielder":1,"alexsmobs:grizzly_bear":2,"rotted:farmer":13,"rotted:flusk":1,"minecraft:iron_golem":8,"rotted:marine":1,"minecraft:sheep":8,"minecraft:zombie":4,"minecraft:villager":3,"minecraft:cow":1},"minecraft:picked_up":{"minecraft:crafting_table":3,"minecraft:wheat":3,"minecraft:allium":3,"minecraft:azure_bluet":6,"minecraft:oak_trapdoor":4,"minecraft:red_bed":10,"minecraft:raw_copper":27,"minecraft:compass":1,"minecraft:iron_shovel":1,"biomesoplenty:fir_sign":2,"minecraft:gold_nugget":1,"biomesoplenty:fir_planks":300,"minecraft:spruce_planks":98,"minecraft:beef":5,"minecraft:white_tulip":4,"minecraft:rose_bush":49,"minecraft:iron_nugget":2,"minecraft:poppy":19,"minecraft:spruce_slab":7,"minecraft:chest":2,"minecraft:egg":1,"minecraft:stick":64,"minecraft:stone":2,"minecraft:torch":19,"minecraft:carrot":1,"minecraft:rotten_flesh":22,"minecraft:red_tulip":7,"minecraft:pink_tulip":4,"minecraft:mutton":11,"minecraft:snowball":51,"minecraft:white_wool":10,"minecraft:cobblestone":1350,"paraglider:paraglider":1,"minecraft:lilac":38,"minecraft:leather":3,"biomesoplenty:fir_sapling":1,"biomesoplenty:fir_log":320,"create:raw_zinc":11,"minecraft:oak_log":23,"minecraft:gunpowder":1,"minecraft:dirt":970,"minecraft:lantern":5,"minecraft:name_tag":3,"minecraft:apple":2,"minecraft:orange_tulip":2,"minecraft:wheat_seeds":50,"biomesoplenty:fir_boat":2,"minecraft:iron_ingot":26,"biomesoplenty:magic_log":38,"biomesoplenty:magic_sapling":8,"minecraft:scaffolding":3,"minecraft:sweet_berries":61,"minecraft:dandelion":4,"minecraft:poisonous_potato":5,"minecraft:gravel":9,"rotted:flusk_viscera":1,"minecraft:spruce_sapling":10,"minecraft:spruce_log":123,"minecraft:lily_of_the_valley":4,"alexsmobs:animal_dictionary":1,"minecraft:diamond":1,"biomesoplenty:magic_planks":21,"minecraft:bread":3,"minecraft:oak_sapling":33,"minecraft:black_wool":2,"rotted:rotten_brain":4,"minecraft:diamond_pickaxe":1,"minecraft:sunflower":67},"minecraft:dropped":{"minecraft:water_bucket":1,"minecraft:bread":3,"minecraft:iron_sword":2,"minecraft:wheat_seeds":9,"minecraft:lilac":1,"minecraft:poisonous_potato":2,"minecraft:torch":1,"minecraft:rose_bush":9,"minecraft:iron_shovel":1,"minecraft:pink_tulip":1,"minecraft:white_tulip":1,"minecraft:poppy":8,"minecraft:stone":1,"biomesoplenty:fir_planks":113,"minecraft:spruce_planks":5,"minecraft:red_tulip":2,"minecraft:scaffolding":1}},"DataVersion":3465}