{"stats":{"minecraft:mined":{"create:zinc_ore":11,"minecraft:spruce_planks":93,"minecraft:oak_sapling":2,"minecraft:allium":1,"minecraft:grass_block":855,"minecraft:spruce_leaves":6,"minecraft:oak_trapdoor":4,"minecraft:fire":2,"minecraft:snow":51,"biomesoplenty:violet":2,"minecraft:azure_bluet":3,"biomesoplenty:magic_log":46,"minecraft:red_tulip":6,"minecraft:dirt_path":44,"minecraft:lantern":2,"minecraft:pink_tulip":4,"minecraft:white_tulip":3,"minecraft:stone":2613,"minecraft:spruce_slab":173,"minecraft:tripwire":34,"minecraft:scaffolding":4,"minecraft:red_bed":7,"minecraft:lily_of_the_valley":4,"minecraft:dandelion":3,"minecraft:crafting_table":3,"minecraft:torch":3,"biomesoplenty:fir_planks":112,"minecraft:poppy":11,"biomemakeover:willowing_branches":1,"minecraft:chest":2,"minecraft:rose_bush":50,"minecraft:copper_ore":9,"minecraft:cobblestone":128,"biomesoplenty:sprout":354,"minecraft:oak_planks":4,"minecraft:wall_torch":1,"biomemakeover:willow_log":21,"biomesoplenty:magic_planks":22,"minecraft:birch_log":5,"minecraft:sweet_berry_bush":31,"minecraft:ice":2,"minecraft:lilac":40,"minecraft:spruce_log":342,"minecraft:orange_tulip":3,"biomesoplenty:fir_log":282,"minecraft:grass":422,"minecraft:oak_log":226,"biomesoplenty:fir_trapdoor":5,"minecraft:sunflower":48,"minecraft:gravel":109,"minecraft:dirt":764,"minecraft:oak_leaves":674,"minecraft:fern":96},"minecraft:broken":{"minecraft:iron_shovel":7,"minecraft:wooden_pickaxe":1,"minecraft:iron_axe":4,"minecraft:iron_pickaxe":8,"securitycraft:universal_block_reinforcer_lvl1":1},"minecraft:picked_up":{"minecraft:crafting_table":3,"minecraft:wheat":3,"minecraft:allium":3,"minecraft:azure_bluet":6,"biomesoplenty:violet":2,"biomesoplenty:fir_trapdoor":5,"minecraft:string":39,"minecraft:oak_trapdoor":4,"minecraft:red_bed":10,"minecraft:raw_copper":27,"biomemakeover:cladded_chestplate":1,"minecraft:compass":1,"minecraft:iron_shovel":2,"biomesoplenty:fir_sign":2,"minecraft:gold_nugget":1,"biomesoplenty:fir_planks":303,"minecraft:spruce_planks":98,"minecraft:beef":5,"minecraft:white_tulip":4,"minecraft:rose_bush":68,"minecraft:iron_pickaxe":1,"minecraft:iron_nugget":2,"minecraft:poppy":19,"biomemakeover:willow_log":21,"minecraft:spruce_slab":180,"minecraft:chest":2,"securitycraft:reinforced_spruce_slab":169,"minecraft:egg":1,"minecraft:stick":79,"minecraft:stone":2,"minecraft:torch":24,"minecraft:carrot":1,"minecraft:stone_sword":1,"minecraft:rotten_flesh":26,"minecraft:red_tulip":7,"minecraft:pink_tulip":4,"minecraft:saddle":1,"minecraft:mutton":13,"minecraft:cobblestone":2510,"minecraft:snowball":51,"minecraft:white_wool":12,"paraglider:paraglider":1,"minecraft:birch_log":5,"minecraft:lilac":40,"minecraft:tripwire_hook":4,"minecraft:water_bucket":1,"minecraft:leather":3,"alexsmobs:bear_fur":2,"biomesoplenty:fir_sapling":1,"biomesoplenty:fir_log":346,"minecraft:flint":9,"create:raw_zinc":11,"minecraft:oak_log":218,"minecraft:gunpowder":1,"securitycraft:reinforced_glass":300,"minecraft:dirt":1634,"minecraft:lantern":6,"minecraft:white_banner":4,"minecraft:name_tag":4,"biomemakeover:crude_fragment":13,"minecraft:glass":20,"minecraft:apple":3,"minecraft:wheat_seeds":70,"minecraft:orange_tulip":2,"biomesoplenty:fir_boat":2,"minecraft:iron_ingot":26,"biomesoplenty:magic_log":38,"minecraft:oak_planks":4,"biomesoplenty:magic_sapling":8,"minecraft:scaffolding":3,"minecraft:sweet_berries":105,"minecraft:dandelion":4,"minecraft:poisonous_potato":5,"minecraft:gravel":95,"rotted:flusk_viscera":1,"minecraft:spruce_sapling":12,"minecraft:spruce_log":350,"minecraft:lily_of_the_valley":4,"alexsmobs:animal_dictionary":1,"biomemakeover:cladding_upgrade_smithing_template":4,"biomesoplenty:maple_sapling":21,"biomemakeover:cladded_boots":1,"biomemakeover:willow_sapling":2,"minecraft:diamond":1,"biomesoplenty:magic_planks":21,"minecraft:lever":2,"minecraft:emerald":3,"minecraft:bread":3,"minecraft:oak_sapling":33,"minecraft:black_wool":2,"rotted:rotten_brain":6,"minecraft:sunflower":68,"minecraft:diamond_pickaxe":1},"minecraft:used":{"minecraft:oak_trapdoor":7,"minecraft:netherite_sword":1,"biomemakeover:cladded_chestplate":1,"securitycraft:reinforced_spruce_slab":39,"minecraft:iron_shovel":1609,"minecraft:spruce_slab":184,"minecraft:poppy":9,"minecraft:chest":14,"minecraft:spruce_planks":95,"minecraft:shield":35,"minecraft:stone":24,"minecraft:iron_sword":166,"minecraft:zombie_spawn_egg":3,"minecraft:iron_chestplate":1,"minecraft:torch":14,"minecraft:dirt":441,"farmersdelight:flint_knife":23,"minecraft:hopper":1,"minecraft:snowball":41,"biomesoplenty:maple_sapling":11,"minecraft:lava_bucket":7,"minecraft:villager_spawn_egg":3,"minecraft:lantern":6,"minecraft:iron_axe":1803,"minecraft:grass_block":66,"biomesoplenty:fir_sapling":1,"minecraft:birch_sapling":1,"minecraft:iron_boots":1,"minecraft:tripwire_hook":4,"minecraft:scaffolding":2,"biomesoplenty:fir_trapdoor":5,"biomesoplenty:fir_fence_gate":1,"farmersdelight:cooked_mutton_chops":4,"minecraft:egg":2,"minecraft:cooked_mutton":6,"minecraft:water_bucket":34,"biomesoplenty:magic_log":1,"minecraft:oak_planks":558,"minecraft:wooden_pickaxe":59,"biomesoplenty:fir_planks":173,"biomesoplenty:fir_boat":3,"minecraft:cobblestone_slab":4,"minecraft:crafting_table":7,"minecraft:red_bed":14,"securitycraft:universal_block_remover":1,"biomesoplenty:magic_planks":23,"minecraft:shears":28,"minecraft:spruce_log":110,"biomesoplenty:magic_sapling":8,"minecraft:lever":2,"minecraft:wooden_hoe":8,"minecraft:diamond_pickaxe":45,"minecraft:sunflower":1,"minecraft:bread":116,"minecraft:string":38,"minecraft:iron_pickaxe":3153,"biomemakeover:cladded_boots":1,"minecraft:gravel":1,"minecraft:stone_axe":34,"minecraft:cobblestone":391,"minecraft:white_banner":3,"minecraft:birch_log":88,"minecraft:bucket":40,"biomesoplenty:fir_sign":7,"minecraft:pumpkin_pie":1,"alexsmobs:animal_dictionary":2},"minecraft:custom":{"minecraft:mob_kills":80,"minecraft:interact_with_crafting_table":46,"minecraft:leave_game":11,"minecraft:time_since_death":42043,"minecraft:climb_one_cm":805,"minecraft:sprint_one_cm":456003,"minecraft:walk_one_cm":757291,"minecraft:damage_blocked_by_shield":1095,"minecraft:drop":53,"minecraft:talked_to_villager":14,"minecraft:raid_win":1,"minecraft:play_time":281056,"minecraft:deaths":4,"minecraft:sneak_time":11398,"minecraft:walk_under_water_one_cm":42954,"minecraft:jump":4587,"minecraft:walk_on_water_one_cm":44052,"minecraft:total_world_time":281056,"minecraft:interact_with_furnace":8,"spartanshields:shield_bash_hits":11,"minecraft:raid_trigger":1,"minecraft:sleep_in_bed":26,"minecraft:waystone_activated":3,"minecraft:time_since_rest":7928,"minecraft:damage_taken":9625,"minecraft:damage_dealt":19420,"minecraft:swim_one_cm":24796,"minecraft:player_kills":1,"minecraft:fly_one_cm":753403,"minecraft:open_chest":132,"minecraft:crouch_one_cm":34738,"minecraft:interact_with_smoker":1,"minecraft:fall_one_cm":137312},"minecraft:killed":{"alexsmobs:raccoon":1,"minecraft:vindicator":2,"rotted:doctor":2,"rotted:miner":6,"rotted:adventurer":9,"alexsmobs:grizzly_bear":3,"rotted:shielder":1,"rotted:farmer":14,"rotted:flusk":1,"minecraft:iron_golem":8,"rotted:marine":2,"minecraft:sheep":10,"minecraft:pillager":12,"minecraft:zombie":5,"minecraft:villager":3,"minecraft:cow":1},"minecraft:crafted":{"biomesoplenty:fir_trapdoor":4,"minecraft:oak_planks":848,"minecraft:cobblestone_slab":12,"minecraft:cooked_mutton":6,"minecraft:oak_trapdoor":4,"minecraft:hopper":1,"minecraft:iron_boots":1,"minecraft:iron_axe":6,"minecraft:spruce_slab":228,"minecraft:chest":12,"biomesoplenty:magic_planks":40,"minecraft:magenta_dye":2,"paraglider:paraglider":1,"biomesoplenty:fir_boat":1,"farmersdelight:cooked_mutton_chops":4,"minecraft:crafting_table":4,"minecraft:spruce_planks":344,"minecraft:wooden_pickaxe":1,"minecraft:iron_helmet":1,"minecraft:iron_sword":5,"sophisticatedbackpacks:gold_backpack":1,"minecraft:stone_axe":1,"minecraft:bread":2,"minecraft:air":0,"biomesoplenty:fir_sign":6,"biomesoplenty:fir_planks":616,"minecraft:iron_chestplate":1,"minecraft:wooden_hoe":1,"minecraft:shield":2,"minecraft:stick":188,"minecraft:iron_pickaxe":19,"minecraft:iron_shovel":11,"minecraft:iron_leggings":1,"minecraft:shears":1,"biomesoplenty:fir_fence_gate":2},"minecraft:dropped":{"minecraft:water_bucket":1,"minecraft:bread":3,"minecraft:iron_sword":2,"minecraft:wheat_seeds":21,"minecraft:lilac":2,"minecraft:poisonous_potato":2,"minecraft:cobblestone":1,"biomemakeover:crude_fragment":4,"minecraft:apple":1,"minecraft:saddle":1,"minecraft:torch":1,"minecraft:mutton":2,"minecraft:rose_bush":9,"rotted:rotten_brain":2,"minecraft:iron_pickaxe":4,"minecraft:iron_shovel":3,"minecraft:string":15,"minecraft:spruce_sapling":2,"minecraft:pink_tulip":1,"minecraft:white_tulip":1,"minecraft:rotten_flesh":3,"minecraft:poppy":8,"minecraft:stone":1,"biomesoplenty:fir_planks":113,"minecraft:spruce_planks":5,"minecraft:red_tulip":2,"minecraft:scaffolding":1}},"DataVersion":3465}