{"stats":{"minecraft:mined":{"create:zinc_ore":11,"minecraft:spruce_planks":93,"minecraft:farmland":1,"minecraft:oak_sapling":2,"minecraft:stripped_birch_log":173,"minecraft:allium":1,"minecraft:grass_block":919,"minecraft:spruce_leaves":7,"minecraft:oak_trapdoor":4,"minecraft:fire":2,"minecraft:snow":51,"biomesoplenty:violet":2,"minecraft:stripped_spruce_log":174,"minecraft:azure_bluet":3,"biomesoplenty:magic_log":46,"minecraft:red_tulip":6,"minecraft:dirt_path":44,"minecraft:lantern":2,"minecraft:pink_tulip":6,"minecraft:white_tulip":4,"minecraft:stone":3176,"minecraft:spruce_slab":173,"minecraft:tripwire":34,"minecraft:scaffolding":4,"minecraft:red_bed":12,"minecraft:lily_of_the_valley":4,"minecraft:dandelion":3,"minecraft:torch":3,"minecraft:crafting_table":4,"biomesoplenty:fir_planks":114,"minecraft:poppy":11,"biomemakeover:willowing_branches":1,"minecraft:chest":16,"minecraft:rose_bush":50,"minecraft:copper_ore":9,"minecraft:cobblestone":137,"biomesoplenty:sprout":359,"minecraft:oak_planks":121,"minecraft:wall_torch":1,"biomemakeover:willow_log":21,"biomesoplenty:magic_planks":23,"minecraft:birch_log":5,"minecraft:sweet_berry_bush":31,"minecraft:ice":2,"minecraft:lilac":40,"minecraft:spruce_log":349,"minecraft:wither_rose":1,"minecraft:orange_tulip":4,"biomesoplenty:fir_log":282,"minecraft:grass":424,"minecraft:oak_log":229,"biomesoplenty:fir_trapdoor":5,"minecraft:sunflower":48,"minecraft:gravel":116,"minecraft:dirt":861,"minecraft:oak_leaves":740,"minecraft:fern":96},"minecraft:broken":{"minecraft:iron_shovel":8,"minecraft:iron_boots":1,"minecraft:wooden_pickaxe":1,"minecraft:iron_axe":6,"minecraft:iron_helmet":1,"minecraft:iron_sword":1,"minecraft:iron_pickaxe":11,"securitycraft:universal_block_reinforcer_lvl1":1},"minecraft:picked_up":{"minecraft:crafting_table":6,"minecraft:wheat":17,"minecraft:allium":7,"minecraft:azure_bluet":6,"minecraft:lead":4,"minecraft:wither_rose":1,"biomesoplenty:violet":2,"securitycraft:reinforced_oak_planks":40,"biomesoplenty:fir_trapdoor":9,"minecraft:oak_trapdoor":4,"minecraft:string":41,"minecraft:red_bed":19,"minecraft:iron_axe":1,"minecraft:raw_copper":27,"biomemakeover:cladded_chestplate":1,"securitycraft:scanner_trapdoor":1,"minecraft:compass":3,"minecraft:iron_shovel":2,"biomesoplenty:fir_sign":6,"minecraft:gold_nugget":5,"biomesoplenty:fir_planks":336,"minecraft:spruce_planks":98,"minecraft:beef":5,"minecraft:white_tulip":5,"minecraft:rose_bush":69,"minecraft:iron_nugget":2,"minecraft:poppy":30,"minecraft:iron_pickaxe":2,"minecraft:spruce_slab":180,"biomemakeover:willow_log":21,"minecraft:chest":16,"securitycraft:reinforced_spruce_slab":250,"minecraft:egg":1,"minecraft:stick":86,"minecraft:stone":6,"minecraft:torch":42,"minecraft:carrot":3,"minecraft:stone_sword":1,"minecraft:arrow":2,"minecraft:rotten_flesh":56,"minecraft:shears":2,"minecraft:red_tulip":7,"minecraft:pink_tulip":7,"minecraft:saddle":1,"minecraft:gold_ingot":2,"minecraft:mutton":23,"securitycraft:reinforced_stripped_birch_log":76,"minecraft:snowball":71,"minecraft:white_wool":20,"minecraft:cobblestone":3939,"paraglider:paraglider":1,"minecraft:birch_log":5,"minecraft:lilac":40,"farmersdelight:rice":23,"minecraft:tripwire_hook":4,"minecraft:water_bucket":1,"minecraft:leather":3,"alexsmobs:bear_fur":2,"biomesoplenty:fir_sapling":1,"biomesoplenty:fir_log":346,"minecraft:magenta_dye":1,"minecraft:flint":9,"create:raw_zinc":11,"minecraft:oak_log":221,"minecraft:chainmail_chestplate":1,"securitycraft:sentry":21,"minecraft:gunpowder":1,"securitycraft:reinforced_stripped_spruce_log":79,"minecraft:wooden_hoe":2,"minecraft:stripped_birch_log":171,"minecraft:dirt":2387,"securitycraft:reinforced_glass":344,"minecraft:lantern":8,"minecraft:white_banner":6,"minecraft:name_tag":7,"biomemakeover:crude_fragment":13,"minecraft:glass":20,"minecraft:bone":2,"minecraft:apple":3,"minecraft:wheat_seeds":74,"minecraft:orange_tulip":3,"biomesoplenty:fir_boat":2,"minecraft:iron_ingot":26,"biomesoplenty:magic_log":65,"minecraft:oak_planks":57,"biomesoplenty:magic_sapling":8,"minecraft:scaffolding":3,"minecraft:sweet_berries":105,"minecraft:dandelion":6,"minecraft:poisonous_potato":6,"minecraft:gravel":102,"rotted:flusk_viscera":4,"minecraft:stripped_spruce_log":174,"minecraft:spruce_sapling":12,"minecraft:grass_block":1,"minecraft:spruce_log":355,"minecraft:lily_of_the_valley":5,"alexsmobs:animal_dictionary":5,"biomemakeover:cladding_upgrade_smithing_template":4,"securitycraft:universal_block_remover":1,"biomesoplenty:maple_sapling":21,"biomemakeover:cladded_boots":1,"biomemakeover:willow_sapling":2,"minecraft:diamond":1,"biomesoplenty:magic_planks":103,"waystones:waystone":2,"minecraft:lever":2,"minecraft:emerald":9,"minecraft:bread":3,"minecraft:oak_sapling":37,"minecraft:black_wool":2,"rotted:rotten_brain":8,"minecraft:sunflower":95,"minecraft:diamond_pickaxe":1},"minecraft:used":{"minecraft:oak_trapdoor":7,"minecraft:netherite_sword":1,"biomemakeover:cladded_chestplate":1,"securitycraft:reinforced_spruce_slab":301,"minecraft:iron_shovel":1719,"securitycraft:reinforced_stripped_birch_log":180,"securitycraft:keypad_chest":1,"minecraft:spruce_slab":184,"minecraft:poppy":9,"minecraft:oak_sign":2,"minecraft:chest":45,"minecraft:spruce_planks":98,"minecraft:shield":36,"securitycraft:scanner_trapdoor":2,"minecraft:stone":30,"minecraft:iron_sword":274,"minecraft:zombie_spawn_egg":3,"minecraft:iron_chestplate":1,"minecraft:torch":14,"minecraft:dirt":588,"farmersdelight:flint_knife":23,"minecraft:hopper":1,"minecraft:snowball":41,"minecraft:stripped_spruce_log":92,"biomesoplenty:maple_sapling":11,"minecraft:lava_bucket":20,"minecraft:villager_spawn_egg":3,"minecraft:lantern":6,"minecraft:iron_axe":2374,"minecraft:grass_block":75,"biomesoplenty:fir_sapling":1,"minecraft:birch_sapling":1,"minecraft:iron_boots":1,"securitycraft:sentry":36,"minecraft:tripwire_hook":4,"minecraft:scaffolding":2,"securitycraft:reinforced_glass":773,"biomesoplenty:fir_trapdoor":5,"minecraft:egg":2,"biomesoplenty:fir_fence_gate":1,"farmersdelight:cooked_mutton_chops":4,"minecraft:cooked_mutton":6,"minecraft:water_bucket":72,"securitycraft:reinforced_oak_planks":1208,"biomesoplenty:magic_log":1,"minecraft:stripped_birch_log":90,"minecraft:oak_planks":1231,"minecraft:wooden_pickaxe":59,"biomesoplenty:fir_boat":3,"biomesoplenty:fir_planks":173,"minecraft:cobblestone_slab":4,"minecraft:crafting_table":8,"minecraft:red_bed":23,"biomesoplenty:magic_planks":23,"securitycraft:universal_block_remover":201,"minecraft:spruce_log":112,"biomesoplenty:magic_sapling":8,"securitycraft:reinforced_stripped_spruce_log":183,"minecraft:shears":28,"waystones:waystone":2,"minecraft:wooden_hoe":8,"minecraft:lever":2,"minecraft:diamond_pickaxe":45,"minecraft:sunflower":1,"minecraft:bread":202,"minecraft:iron_pickaxe":3734,"minecraft:string":38,"biomemakeover:cladded_boots":1,"minecraft:gravel":1,"minecraft:stone_axe":34,"minecraft:cobblestone":396,"minecraft:white_banner":3,"minecraft:bucket":88,"minecraft:birch_log":94,"biomesoplenty:fir_sign":7,"minecraft:pumpkin_pie":1,"alexsmobs:animal_dictionary":2},"minecraft:custom":{"minecraft:mob_kills":115,"minecraft:interact_with_crafting_table":52,"minecraft:leave_game":14,"minecraft:time_since_death":196970,"minecraft:climb_one_cm":805,"minecraft:sprint_one_cm":768160,"minecraft:walk_one_cm":1230596,"minecraft:damage_blocked_by_shield":1203,"minecraft:drop":66,"minecraft:talked_to_villager":14,"minecraft:raid_win":1,"minecraft:play_time":435983,"minecraft:sneak_time":23902,"minecraft:deaths":4,"minecraft:walk_under_water_one_cm":116306,"minecraft:jump":6874,"minecraft:walk_on_water_one_cm":93168,"minecraft:total_world_time":435983,"minecraft:interact_with_furnace":8,"spartanshields:shield_bash_hits":11,"minecraft:raid_trigger":1,"minecraft:sleep_in_bed":32,"minecraft:waystone_activated":5,"minecraft:time_since_rest":48498,"minecraft:damage_taken":13230,"minecraft:damage_dealt":24228,"minecraft:swim_one_cm":51529,"minecraft:player_kills":1,"minecraft:fly_one_cm":1140350,"minecraft:open_chest":175,"minecraft:crouch_one_cm":90817,"minecraft:interact_with_smoker":1,"minecraft:fall_one_cm":194353},"minecraft:killed":{"alexsmobs:raccoon":1,"minecraft:vindicator":2,"rotted:doctor":5,"rotted:miner":12,"minecraft:skeleton":3,"rotted:adventurer":19,"alexsmobs:grizzly_bear":3,"rotted:shielder":1,"rotted:farmer":22,"rotted:flusk":2,"minecraft:iron_golem":9,"rotted:marine":3,"minecraft:sheep":10,"minecraft:pillager":12,"minecraft:zombie":6,"minecraft:villager":3,"minecraft:cow":1},"minecraft:crafted":{"biomesoplenty:fir_trapdoor":4,"minecraft:oak_planks":848,"minecraft:cobblestone_slab":12,"minecraft:oak_sign":12,"minecraft:cooked_mutton":6,"minecraft:oak_trapdoor":8,"minecraft:hopper":1,"minecraft:iron_boots":1,"minecraft:iron_axe":6,"minecraft:spruce_slab":228,"minecraft:chest":30,"biomesoplenty:magic_planks":148,"minecraft:magenta_dye":2,"paraglider:paraglider":1,"biomesoplenty:fir_boat":1,"farmersdelight:cooked_mutton_chops":4,"minecraft:crafting_table":5,"minecraft:spruce_planks":364,"minecraft:wooden_pickaxe":1,"minecraft:iron_helmet":1,"minecraft:iron_sword":5,"sophisticatedbackpacks:gold_backpack":1,"minecraft:stone_axe":1,"minecraft:bread":2,"minecraft:air":0,"biomesoplenty:fir_sign":6,"biomesoplenty:fir_planks":616,"minecraft:iron_chestplate":1,"minecraft:wooden_hoe":1,"minecraft:shield":2,"minecraft:stick":192,"minecraft:iron_pickaxe":19,"minecraft:iron_shovel":11,"minecraft:iron_leggings":1,"minecraft:shears":1,"biomesoplenty:fir_fence_gate":2},"minecraft:dropped":{"minecraft:water_bucket":1,"minecraft:bread":3,"minecraft:iron_sword":2,"minecraft:wheat_seeds":23,"minecraft:lilac":2,"securitycraft:reinforced_spruce_slab":1,"minecraft:poisonous_potato":2,"minecraft:cobblestone":1,"biomemakeover:crude_fragment":4,"minecraft:apple":1,"minecraft:saddle":1,"minecraft:torch":68,"minecraft:mutton":2,"minecraft:rose_bush":9,"rotted:rotten_brain":2,"minecraft:iron_pickaxe":4,"minecraft:iron_shovel":3,"minecraft:string":15,"minecraft:bucket":1,"minecraft:pink_tulip":2,"minecraft:spruce_sapling":2,"minecraft:bone":1,"minecraft:white_tulip":1,"minecraft:rotten_flesh":3,"securitycraft:universal_block_remover":2,"minecraft:poppy":8,"minecraft:stone":1,"biomesoplenty:fir_planks":113,"minecraft:spruce_planks":5,"securitycraft:scanner_trapdoor":1,"minecraft:red_tulip":2,"minecraft:scaffolding":1}},"DataVersion":3465}