{"stats":{"minecraft:killed":{"rotted:farmer":5,"minecraft:iron_golem":2,"rotted:doctor":1,"rotted:miner":1,"minecraft:sheep":4,"minecraft:zombie":2,"rotted:adventurer":1,"minecraft:villager":3,"minecraft:cow":1},"minecraft:broken":{"minecraft:wooden_pickaxe":1},"minecraft:mined":{"minecraft:spruce_planks":11,"minecraft:oak_sapling":1,"minecraft:red_bed":1,"minecraft:lily_of_the_valley":3,"minecraft:dandelion":3,"minecraft:crafting_table":3,"minecraft:grass_block":117,"biomesoplenty:fir_planks":28,"minecraft:chest":1,"minecraft:rose_bush":19,"biomesoplenty:sprout":154,"minecraft:wall_torch":1,"minecraft:oak_trapdoor":4,"minecraft:sweet_berry_bush":13,"minecraft:lilac":35,"minecraft:spruce_log":26,"biomesoplenty:fir_log":256,"minecraft:azure_bluet":3,"minecraft:grass":192,"minecraft:red_tulip":1,"minecraft:oak_log":15,"minecraft:sunflower":40,"minecraft:gravel":4,"minecraft:dirt":98,"minecraft:pink_tulip":1,"minecraft:stone":113,"minecraft:oak_leaves":449,"minecraft:fern":12},"minecraft:dropped":{"minecraft:bread":3,"minecraft:poisonous_potato":2,"minecraft:stone":1,"biomesoplenty:fir_planks":113},"minecraft:used":{"minecraft:oak_trapdoor":7,"minecraft:cooked_mutton":2,"minecraft:netherite_sword":1,"minecraft:iron_shovel":127,"minecraft:spruce_planks":22,"minecraft:chest":6,"minecraft:wooden_pickaxe":59,"minecraft:zombie_spawn_egg":2,"minecraft:stone":10,"biomesoplenty:fir_planks":93,"biomesoplenty:fir_boat":3,"minecraft:cobblestone_slab":3,"minecraft:torch":8,"minecraft:dirt":59,"farmersdelight:flint_knife":23,"minecraft:crafting_table":5,"minecraft:red_bed":8,"minecraft:villager_spawn_egg":3,"minecraft:grass_block":65,"biomesoplenty:fir_sapling":1,"minecraft:iron_axe":136,"minecraft:bread":30,"minecraft:iron_pickaxe":97,"minecraft:gravel":1,"minecraft:stone_axe":34,"minecraft:cobblestone":3,"minecraft:pumpkin_pie":1,"farmersdelight:cooked_mutton_chops":4},"minecraft:picked_up":{"paraglider:paraglider":1,"minecraft:crafting_table":3,"minecraft:allium":1,"minecraft:azure_bluet":6,"minecraft:lilac":35,"minecraft:leather":3,"biomesoplenty:fir_sapling":1,"biomesoplenty:fir_log":320,"minecraft:oak_log":13,"minecraft:oak_trapdoor":4,"minecraft:dirt":228,"minecraft:red_bed":4,"minecraft:name_tag":1,"minecraft:apple":2,"biomesoplenty:fir_boat":2,"minecraft:wheat_seeds":38,"biomesoplenty:fir_planks":219,"minecraft:spruce_planks":12,"minecraft:iron_ingot":7,"minecraft:beef":5,"minecraft:rose_bush":38,"minecraft:poppy":2,"minecraft:chest":1,"minecraft:stick":41,"minecraft:stone":2,"minecraft:sweet_berries":61,"minecraft:poisonous_potato":4,"minecraft:torch":9,"minecraft:dandelion":3,"minecraft:gravel":4,"minecraft:spruce_sapling":3,"minecraft:spruce_log":47,"minecraft:lily_of_the_valley":3,"alexsmobs:animal_dictionary":1,"minecraft:rotten_flesh":11,"minecraft:red_tulip":2,"minecraft:pink_tulip":1,"minecraft:bread":3,"minecraft:oak_sapling":18,"minecraft:black_wool":2,"minecraft:mutton":6,"rotted:rotten_brain":2,"minecraft:white_wool":6,"minecraft:cobblestone":233,"minecraft:sunflower":54},"minecraft:custom":{"minecraft:interact_with_furnace":8,"minecraft:mob_kills":20,"minecraft:interact_with_crafting_table":18,"minecraft:leave_game":6,"minecraft:time_since_death":17421,"minecraft:sleep_in_bed":4,"minecraft:climb_one_cm":0,"minecraft:time_since_rest":4005,"minecraft:waystone_activated":1,"minecraft:sprint_one_cm":107413,"minecraft:damage_taken":6020,"minecraft:walk_one_cm":150186,"minecraft:drop":7,"minecraft:damage_dealt":4937,"minecraft:talked_to_villager":12,"minecraft:fly_one_cm":181598,"minecraft:open_chest":31,"minecraft:crouch_one_cm":10166,"minecraft:play_time":63007,"minecraft:deaths":2,"minecraft:sneak_time":3040,"minecraft:jump":980,"minecraft:total_world_time":63007,"minecraft:fall_one_cm":63059},"minecraft:crafted":{"paraglider:paraglider":1,"minecraft:oak_planks":52,"minecraft:cobblestone_slab":6,"biomesoplenty:fir_boat":1,"farmersdelight:cooked_mutton_chops":4,"minecraft:crafting_table":3,"minecraft:spruce_planks":20,"minecraft:wooden_pickaxe":1,"minecraft:stone_axe":1,"minecraft:cooked_mutton":6,"minecraft:bread":2,"minecraft:air":0,"minecraft:oak_trapdoor":4,"biomesoplenty:fir_planks":512,"minecraft:shield":1,"minecraft:iron_axe":1,"minecraft:stick":16,"minecraft:iron_pickaxe":1,"minecraft:chest":4,"minecraft:iron_shovel":1}},"DataVersion":3465}