{"stats":{"minecraft:killed":{"rotted:farmer":4,"minecraft:iron_golem":2,"rotted:doctor":1,"rotted:miner":1,"minecraft:sheep":4,"minecraft:zombie":1,"rotted:adventurer":1,"minecraft:cow":1},"minecraft:broken":{"minecraft:wooden_pickaxe":1},"minecraft:mined":{"minecraft:spruce_planks":8,"minecraft:oak_sapling":1,"minecraft:red_bed":1,"minecraft:lily_of_the_valley":3,"minecraft:dandelion":3,"minecraft:crafting_table":2,"minecraft:grass_block":14,"biomesoplenty:fir_planks":9,"minecraft:chest":1,"minecraft:rose_bush":19,"biomesoplenty:sprout":154,"minecraft:oak_trapdoor":2,"minecraft:sweet_berry_bush":13,"minecraft:lilac":35,"minecraft:spruce_log":21,"biomesoplenty:fir_log":256,"minecraft:azure_bluet":3,"minecraft:grass":191,"minecraft:red_tulip":1,"minecraft:oak_log":15,"minecraft:sunflower":40,"minecraft:gravel":4,"minecraft:dirt":77,"minecraft:pink_tulip":1,"minecraft:stone":113,"minecraft:oak_leaves":449,"minecraft:fern":11},"minecraft:used":{"minecraft:oak_trapdoor":5,"minecraft:cooked_mutton":2,"minecraft:iron_shovel":14,"minecraft:chest":5,"minecraft:wooden_pickaxe":59,"biomesoplenty:fir_planks":25,"minecraft:cobblestone_slab":2,"minecraft:dirt":8,"farmersdelight:flint_knife":23,"minecraft:crafting_table":4,"minecraft:red_bed":4,"biomesoplenty:fir_sapling":1,"minecraft:iron_axe":86,"minecraft:bread":20,"minecraft:iron_pickaxe":91,"minecraft:gravel":1,"minecraft:stone_axe":34,"minecraft:cobblestone":3,"minecraft:pumpkin_pie":1,"farmersdelight:cooked_mutton_chops":4},"minecraft:picked_up":{"minecraft:crafting_table":2,"minecraft:azure_bluet":3,"minecraft:lilac":35,"minecraft:leather":3,"biomesoplenty:fir_sapling":1,"biomesoplenty:fir_log":256,"minecraft:oak_log":13,"minecraft:oak_trapdoor":2,"minecraft:dirt":90,"minecraft:red_bed":4,"minecraft:name_tag":1,"minecraft:apple":2,"minecraft:wheat_seeds":19,"biomesoplenty:fir_planks":11,"minecraft:spruce_planks":8,"minecraft:iron_ingot":7,"minecraft:beef":5,"minecraft:rose_bush":19,"minecraft:poppy":1,"minecraft:chest":1,"minecraft:stick":19,"minecraft:sweet_berries":27,"minecraft:torch":8,"minecraft:dandelion":3,"minecraft:gravel":4,"minecraft:spruce_sapling":3,"minecraft:spruce_log":21,"minecraft:lily_of_the_valley":3,"minecraft:rotten_flesh":7,"minecraft:red_tulip":1,"minecraft:pink_tulip":1,"minecraft:oak_sapling":18,"minecraft:black_wool":1,"minecraft:mutton":6,"rotted:rotten_brain":1,"minecraft:white_wool":3,"minecraft:cobblestone":169,"minecraft:sunflower":27},"minecraft:custom":{"minecraft:interact_with_furnace":8,"minecraft:mob_kills":15,"minecraft:interact_with_crafting_table":15,"minecraft:leave_game":6,"minecraft:time_since_death":39007,"minecraft:sleep_in_bed":3,"minecraft:climb_one_cm":0,"minecraft:time_since_rest":17285,"minecraft:waystone_activated":1,"minecraft:sprint_one_cm":78554,"minecraft:damage_taken":1307,"minecraft:walk_one_cm":87460,"minecraft:damage_dealt":3657,"minecraft:talked_to_villager":12,"minecraft:fly_one_cm":114425,"minecraft:open_chest":28,"minecraft:crouch_one_cm":1729,"minecraft:play_time":39007,"minecraft:sneak_time":709,"minecraft:jump":619,"minecraft:total_world_time":39007,"minecraft:fall_one_cm":14749},"minecraft:crafted":{"paraglider:paraglider":1,"minecraft:oak_planks":52,"minecraft:cobblestone_slab":6,"farmersdelight:cooked_mutton_chops":4,"minecraft:crafting_table":3,"minecraft:wooden_pickaxe":1,"minecraft:stone_axe":1,"minecraft:cooked_mutton":6,"minecraft:bread":2,"minecraft:air":0,"minecraft:oak_trapdoor":4,"biomesoplenty:fir_planks":256,"minecraft:shield":1,"minecraft:iron_axe":1,"minecraft:stick":16,"minecraft:iron_pickaxe":1,"minecraft:chest":4,"minecraft:iron_shovel":1}},"DataVersion":3465}