{"stats":{"minecraft:crafted":{"minecraft:oak_planks":12,"biomesoplenty:mahogany_planks":104,"minecraft:furnace":1,"minecraft:iron_boots":2,"mvw:iron_hammer":1,"minecraft:iron_axe":3,"minecraft:chest":2,"minecraft:crafting_table":5,"minecraft:wooden_pickaxe":2,"minecraft:iron_helmet":2,"minecraft:copper_ingot":60,"minecraft:bucket":1,"minecraft:stone_axe":1,"minecraft:air":0,"minecraft:iron_chestplate":2,"minecraft:shield":3,"minecraft:stick":56,"minecraft:iron_ingot":159,"minecraft:iron_pickaxe":10,"minecraft:gold_ingot":57,"minecraft:iron_leggings":2,"minecraft:torch":96},"minecraft:mined":{"alexscaves:spelunkery_table":3,"create:deepslate_zinc_ore":10,"minecraft:tuff":631,"minecraft:stone_pressure_plate":1,"minecraft:mossy_cobblestone":11,"minecraft:deepslate_diamond_ore":4,"minecraft:cave_vines_plant":10,"minecraft:grass_block":5,"unusualprehistory:deepslate_fossil":1,"minecraft:light_gray_bed":1,"minecraft:redstone_wire":2,"minecraft:spruce_leaves":128,"minecraft:hopper":4,"minecraft:oak_trapdoor":1,"minecraft:furnace":1,"minecraft:iron_ore":41,"minecraft:fire":4,"minecraft:cobbled_deepslate":82,"create:asurine":66,"minecraft:mossy_stone_brick_stairs":3,"minecraft:cave_vines":11,"minecraft:deepslate_iron_ore":50,"minecraft:vine":76,"minecraft:stripped_oak_log":3,"minecraft:stone":576,"minecraft:iron_block":8,"minecraft:tripwire":3,"minecraft:piston_head":34,"minecraft:deepslate_redstone_ore":31,"unusualprehistory:deepslate_plant_fossil":3,"minecraft:observer":5,"minecraft:emerald_ore":22,"minecraft:melon":10,"minecraft:dropper":10,"minecraft:calcite":138,"minecraft:copper_ore":12,"minecraft:tall_grass":1,"minecraft:cobblestone":28,"minecraft:deepslate_gold_ore":36,"minecraft:sculk":145,"minecraft:wall_torch":3,"minecraft:cauldron":1,"minecraft:skeleton_skull":1,"minecraft:repeater":35,"biomesoplenty:mahogany_log":26,"minecraft:redstone_torch":17,"minecraft:red_wall_banner":1,"minecraft:yellow_bed":1,"minecraft:grass":13,"minecraft:oak_log":30,"minecraft:coal_ore":45,"minecraft:gravel":443,"minecraft:dirt":15,"minecraft:tripwire_hook":2,"minecraft:dispenser":44,"minecraft:stone_bricks":3,"minecraft:stonecutter":1,"minecraft:netherrack":20,"minecraft:mossy_stone_bricks":6,"minecraft:deepslate":659,"minecraft:fern":59},"minecraft:picked_up":{"minecraft:crafting_table":1,"minecraft:leather_leggings":1,"alexscaves:cave_tablet":6,"minecraft:enchanted_book":1,"minecraft:dragon_breath":1,"minecraft:oak_trapdoor":1,"minecraft:string":41,"minecraft:raw_copper":52,"minecraft:sticky_piston":34,"unusualprehistory:paleo_fossil":1,"minecraft:cobbled_deepslate":741,"minecraft:redstone_torch":17,"unusualprehistory:plant_fossil_item":3,"minecraft:calcite":137,"minecraft:observer":5,"minecraft:iron_pickaxe":2,"minecraft:melon_slice":54,"minecraft:furnace":1,"minecraft:tipped_arrow":7,"minecraft:stick":13,"minecraft:raw_iron":91,"minecraft:torch":13,"minecraft:stone_button":3,"minecraft:cookie":38,"minecraft:redstone":142,"minecraft:cauldron":1,"minecraft:stone_pressure_plate":1,"artifacts:snorkel":1,"minecraft:light_gray_bed":1,"minecraft:rotten_flesh":27,"minecraft:arrow":19,"biomesoplenty:mahogany_sapling":3,"alexscaves:spelunkery_table":3,"create:asurine":69,"minecraft:skeleton_skull":1,"minecraft:glow_berries":9,"minecraft:cobblestone":608,"minecraft:stripped_oak_log":3,"minecraft:leather_chestplate":1,"minecraft:repeater":34,"artifacts:anglers_hat":1,"minecraft:flint":35,"minecraft:tuff":629,"create:raw_zinc":32,"minecraft:oak_log":30,"artifacts:flame_pendant":1,"minecraft:gunpowder":9,"minecraft:dirt":17,"minecraft:paper":15,"artifacts:flippers":4,"minecraft:name_tag":3,"minecraft:bone":9,"minecraft:stone_bricks":2,"minecraft:stonecutter":1,"minecraft:raw_gold":36,"minecraft:rabbit_hide":9,"minecraft:stone_pickaxe":1,"minecraft:iron_ingot":20,"minecraft:mossy_stone_bricks":7,"minecraft:powered_rail":1,"biomesoplenty:mahogany_planks":20,"minecraft:mossy_stone_brick_stairs":5,"artifacts:rooted_boots":1,"minecraft:dropper":11,"unusualfishmod:raw_hatchetfish":1,"minecraft:gravel":307,"minecraft:spruce_sapling":11,"minecraft:red_banner":1,"minecraft:spider_eye":4,"minecraft:mossy_cobblestone":18,"biomesoplenty:mahogany_log":26,"minecraft:dispenser":44,"minecraft:diamond":4,"minecraft:bone_meal":2,"minecraft:emerald":37,"minecraft:bread":3,"minecraft:netherrack":2,"minecraft:coal":45,"minecraft:hopper":4},"minecraft:broken":{"minecraft:wooden_pickaxe":2,"minecraft:iron_pickaxe":7},"minecraft:killed":{"minecraft:witch":2,"minecraft:spider":13,"minecraft:skeleton":9,"artifacts:mimic":3,"minecraft:iron_golem":2,"minecraft:creeper":4,"minecraft:zombie":32,"unusualfishmod:prawn":1,"minecraft:enderman":1},"minecraft:custom":{"minecraft:inspect_dropper":1,"minecraft:interact_with_anvil":1,"minecraft:mob_kills":69,"minecraft:inspect_hopper":1,"minecraft:interact_with_crafting_table":20,"minecraft:open_barrel":16,"goblintraders:trade_with_goblin":88,"minecraft:leave_game":2,"minecraft:time_since_death":110777,"minecraft:climb_one_cm":13572,"minecraft:sprint_one_cm":252814,"minecraft:walk_one_cm":297948,"minecraft:damage_blocked_by_shield":475,"minecraft:drop":132,"minecraft:talked_to_villager":4,"minecraft:play_time":126271,"minecraft:deaths":1,"minecraft:sneak_time":3530,"minecraft:walk_under_water_one_cm":3189,"minecraft:jump":2186,"minecraft:walk_on_water_one_cm":13332,"minecraft:total_world_time":126271,"minecraft:interact_with_furnace":5,"spartanshields:shield_bash_hits":1,"minecraft:interact_with_loom":10,"minecraft:pot_flower":1,"minecraft:sleep_in_bed":4,"minecraft:time_since_rest":36813,"minecraft:damage_taken":1996,"minecraft:damage_absorbed":39,"minecraft:damage_dealt":15815,"minecraft:swim_one_cm":1029,"minecraft:fly_one_cm":267740,"minecraft:open_chest":35,"minecraft:crouch_one_cm":6086,"minecraft:fall_one_cm":69091},"minecraft:used":{"biomesoplenty:mahogany_planks":3,"minecraft:chest":2,"minecraft:shield":16,"minecraft:rotten_flesh":25,"minecraft:torch":81,"unusualfishmod:raw_hatchetfish":1,"minecraft:tuff":7,"minecraft:iron_axe":181,"minecraft:iron_boots":1,"alexscaves:spelunkery_table":3,"minecraft:furnace":1,"minecraft:skeleton_skull":1,"mvw:iron_hammer":49,"minecraft:cobbled_deepslate":87,"minecraft:iron_leggings":1,"minecraft:calcite":31,"minecraft:stone_pickaxe":5,"minecraft:wooden_pickaxe":118,"minecraft:cookie":38,"minecraft:golden_apple":2,"minecraft:glow_berries":10,"minecraft:crafting_table":6,"alexscaves:cave_book":2,"minecraft:melon_slice":36,"minecraft:bread":13,"minecraft:string":1,"minecraft:iron_pickaxe":2743,"create:asurine":41,"minecraft:gravel":13,"minecraft:stone_axe":8,"minecraft:cobblestone":22,"minecraft:bucket":1,"alexsmobs:animal_dictionary":1},"minecraft:dropped":{"minecraft:oak_log":2,"minecraft:mossy_cobblestone":17,"minecraft:iron_helmet":1,"minecraft:cobblestone":518,"minecraft:mossy_stone_brick_stairs":5,"artifacts:flippers":4,"minecraft:stick":4,"minecraft:flint":10,"minecraft:dirt":17,"minecraft:stone_button":3,"minecraft:iron_leggings":2,"minecraft:bone_meal":2,"minecraft:iron_axe":2,"minecraft:iron_pickaxe":4,"minecraft:string":16,"minecraft:spruce_sapling":6,"unusualprehistory:plant_fossil_item":3,"create:raw_zinc":22,"minecraft:cauldron":1,"minecraft:bone":8,"minecraft:gravel":294,"minecraft:furnace":1,"minecraft:oak_trapdoor":1,"minecraft:cobbled_deepslate":654,"minecraft:tuff":550,"minecraft:rotten_flesh":2,"minecraft:iron_boots":1,"unusualprehistory:paleo_fossil":1,"alexsmobs:ancient_dart":1,"minecraft:stripped_oak_log":3,"create:asurine":28,"minecraft:rabbit_hide":9,"minecraft:leather_chestplate":1,"minecraft:tipped_arrow":7,"minecraft:shield":1,"minecraft:gunpowder":5,"minecraft:dropper":1,"minecraft:iron_chestplate":1,"minecraft:mossy_stone_bricks":7,"minecraft:light_gray_bed":1,"minecraft:chainmail_boots":1,"minecraft:stone_bricks":2,"minecraft:stone_pressure_plate":1,"minecraft:leather_leggings":1,"minecraft:spider_eye":3,"minecraft:arrow":18,"minecraft:powered_rail":1,"minecraft:calcite":106,"minecraft:netherrack":2}},"DataVersion":3465}