{"stats":{"minecraft:crafted":{"biomesoplenty:mahogany_planks":104,"minecraft:furnace":1,"minecraft:iron_boots":2,"mvw:iron_hammer":1,"minecraft:iron_axe":3,"minecraft:chest":2,"minecraft:crafting_table":4,"minecraft:wooden_pickaxe":2,"minecraft:iron_helmet":2,"minecraft:stone_axe":1,"minecraft:air":0,"minecraft:iron_chestplate":2,"minecraft:shield":2,"minecraft:stick":56,"minecraft:iron_ingot":99,"minecraft:iron_pickaxe":8,"minecraft:gold_ingot":27,"minecraft:iron_leggings":2,"minecraft:torch":96},"minecraft:mined":{"alexscaves:spelunkery_table":3,"create:deepslate_zinc_ore":10,"minecraft:tuff":275,"minecraft:stone_pressure_plate":1,"minecraft:mossy_cobblestone":11,"minecraft:cave_vines_plant":10,"minecraft:grass_block":2,"minecraft:light_gray_bed":1,"minecraft:redstone_wire":2,"minecraft:hopper":4,"minecraft:oak_trapdoor":1,"minecraft:furnace":1,"minecraft:iron_ore":8,"minecraft:fire":4,"minecraft:cobbled_deepslate":80,"create:asurine":66,"minecraft:mossy_stone_brick_stairs":3,"minecraft:cave_vines":11,"minecraft:deepslate_iron_ore":20,"minecraft:vine":3,"minecraft:stripped_oak_log":3,"minecraft:stone":353,"minecraft:iron_block":8,"minecraft:tripwire":3,"minecraft:piston_head":34,"minecraft:deepslate_redstone_ore":21,"minecraft:observer":5,"minecraft:melon":10,"minecraft:dropper":10,"minecraft:calcite":138,"minecraft:tall_grass":1,"minecraft:cobblestone":27,"minecraft:deepslate_gold_ore":16,"minecraft:wall_torch":3,"minecraft:cauldron":1,"minecraft:skeleton_skull":1,"minecraft:repeater":35,"biomesoplenty:mahogany_log":26,"minecraft:redstone_torch":17,"minecraft:yellow_bed":1,"minecraft:grass":13,"minecraft:oak_log":2,"minecraft:coal_ore":45,"minecraft:gravel":203,"minecraft:dirt":4,"minecraft:tripwire_hook":2,"minecraft:dispenser":44,"minecraft:stone_bricks":3,"minecraft:stonecutter":1,"minecraft:netherrack":20,"minecraft:mossy_stone_bricks":6,"minecraft:deepslate":407,"minecraft:fern":59},"minecraft:picked_up":{"minecraft:crafting_table":1,"minecraft:leather_leggings":1,"alexscaves:cave_tablet":6,"minecraft:dragon_breath":1,"minecraft:oak_trapdoor":1,"minecraft:string":37,"minecraft:sticky_piston":34,"minecraft:cobbled_deepslate":485,"minecraft:redstone_torch":17,"minecraft:calcite":137,"minecraft:observer":5,"minecraft:iron_pickaxe":1,"minecraft:melon_slice":54,"minecraft:furnace":1,"minecraft:tipped_arrow":7,"minecraft:stick":1,"minecraft:raw_iron":28,"minecraft:torch":4,"minecraft:stone_button":3,"minecraft:cookie":38,"minecraft:redstone":98,"minecraft:cauldron":1,"minecraft:stone_pressure_plate":1,"minecraft:light_gray_bed":1,"minecraft:rotten_flesh":26,"minecraft:arrow":19,"biomesoplenty:mahogany_sapling":3,"alexscaves:spelunkery_table":3,"create:asurine":69,"minecraft:skeleton_skull":1,"minecraft:glow_berries":9,"minecraft:cobblestone":384,"minecraft:stripped_oak_log":3,"minecraft:leather_chestplate":1,"minecraft:repeater":34,"artifacts:anglers_hat":1,"minecraft:flint":13,"minecraft:tuff":273,"create:raw_zinc":32,"minecraft:oak_log":2,"artifacts:flame_pendant":1,"minecraft:gunpowder":7,"minecraft:dirt":3,"minecraft:paper":15,"artifacts:flippers":4,"minecraft:bone":8,"minecraft:stone_bricks":2,"minecraft:stonecutter":1,"minecraft:raw_gold":16,"minecraft:rabbit_hide":9,"minecraft:iron_ingot":20,"minecraft:mossy_stone_bricks":7,"minecraft:powered_rail":1,"biomesoplenty:mahogany_planks":20,"minecraft:mossy_stone_brick_stairs":5,"minecraft:dropper":11,"unusualfishmod:raw_hatchetfish":1,"minecraft:gravel":89,"minecraft:spider_eye":3,"minecraft:mossy_cobblestone":18,"biomesoplenty:mahogany_log":26,"minecraft:dispenser":44,"minecraft:bone_meal":2,"minecraft:emerald":15,"minecraft:bread":3,"minecraft:netherrack":2,"minecraft:coal":45,"minecraft:hopper":4},"minecraft:broken":{"minecraft:wooden_pickaxe":2,"minecraft:iron_pickaxe":5},"minecraft:killed":{"minecraft:witch":2,"minecraft:spider":10,"minecraft:skeleton":7,"artifacts:mimic":2,"minecraft:iron_golem":2,"minecraft:creeper":4,"minecraft:zombie":29,"minecraft:enderman":1},"minecraft:custom":{"minecraft:inspect_dropper":1,"minecraft:mob_kills":59,"minecraft:inspect_hopper":1,"minecraft:interact_with_crafting_table":16,"minecraft:open_barrel":13,"goblintraders:trade_with_goblin":18,"minecraft:leave_game":2,"minecraft:time_since_death":74777,"minecraft:climb_one_cm":10574,"minecraft:sprint_one_cm":172195,"minecraft:walk_one_cm":228048,"minecraft:damage_blocked_by_shield":50,"minecraft:drop":103,"minecraft:talked_to_villager":4,"minecraft:play_time":90271,"minecraft:deaths":1,"minecraft:sneak_time":2340,"minecraft:walk_under_water_one_cm":3189,"minecraft:jump":1722,"minecraft:walk_on_water_one_cm":11099,"minecraft:total_world_time":90271,"minecraft:interact_with_furnace":5,"minecraft:interact_with_loom":8,"minecraft:pot_flower":1,"minecraft:sleep_in_bed":4,"minecraft:time_since_rest":813,"minecraft:damage_taken":1717,"minecraft:damage_absorbed":39,"minecraft:damage_dealt":13559,"minecraft:swim_one_cm":1029,"minecraft:fly_one_cm":206476,"minecraft:open_chest":26,"minecraft:crouch_one_cm":4405,"minecraft:fall_one_cm":45737},"minecraft:used":{"biomesoplenty:mahogany_planks":3,"minecraft:chest":2,"minecraft:shield":2,"minecraft:rotten_flesh":25,"minecraft:torch":78,"unusualfishmod:raw_hatchetfish":1,"minecraft:tuff":6,"minecraft:iron_axe":145,"alexscaves:spelunkery_table":2,"minecraft:furnace":1,"mvw:iron_hammer":25,"minecraft:cobbled_deepslate":65,"minecraft:iron_leggings":1,"minecraft:calcite":31,"minecraft:wooden_pickaxe":118,"minecraft:cookie":38,"minecraft:golden_apple":2,"minecraft:glow_berries":10,"minecraft:crafting_table":5,"alexscaves:cave_book":2,"minecraft:melon_slice":13,"minecraft:bread":9,"minecraft:string":1,"minecraft:iron_pickaxe":1677,"create:asurine":41,"minecraft:gravel":13,"minecraft:stone_axe":8,"minecraft:cobblestone":22,"alexsmobs:animal_dictionary":1},"minecraft:dropped":{"minecraft:oak_log":2,"minecraft:mossy_cobblestone":17,"minecraft:iron_helmet":1,"minecraft:cobblestone":295,"minecraft:mossy_stone_brick_stairs":5,"artifacts:flippers":4,"minecraft:stick":4,"minecraft:flint":10,"minecraft:dirt":3,"minecraft:stone_button":3,"minecraft:iron_leggings":2,"minecraft:bone_meal":2,"minecraft:iron_axe":1,"minecraft:iron_pickaxe":2,"minecraft:string":16,"create:raw_zinc":22,"minecraft:cauldron":1,"minecraft:bone":8,"minecraft:gravel":76,"minecraft:furnace":1,"minecraft:oak_trapdoor":1,"minecraft:cobbled_deepslate":420,"minecraft:tuff":259,"minecraft:rotten_flesh":1,"minecraft:iron_boots":1,"alexsmobs:ancient_dart":1,"minecraft:stripped_oak_log":3,"create:asurine":28,"minecraft:rabbit_hide":9,"minecraft:leather_chestplate":1,"minecraft:tipped_arrow":7,"minecraft:shield":1,"minecraft:gunpowder":5,"minecraft:dropper":1,"minecraft:iron_chestplate":1,"minecraft:mossy_stone_bricks":7,"minecraft:light_gray_bed":1,"minecraft:chainmail_boots":1,"minecraft:stone_bricks":2,"minecraft:stone_pressure_plate":1,"minecraft:leather_leggings":1,"minecraft:spider_eye":3,"minecraft:arrow":18,"minecraft:powered_rail":1,"minecraft:calcite":106,"minecraft:netherrack":2}},"DataVersion":3465}