{"stats":{"minecraft:mined":{"minecraft:stripped_cherry_log":15,"minecraft:ladder":34,"biomesoplenty:bush":2,"minecraft:allium":2,"minecraft:grass_block":91,"biomesoplenty:jacaranda_stairs":5,"minecraft:spruce_leaves":1,"biomesoplenty:jacaranda_sapling":3,"minecraft:large_fern":1,"minecraft:smooth_stone":14,"biomesoplenty:jacaranda_log":39,"biomesoplenty:tall_lavender":4,"biomesoplenty:lavender":6,"minecraft:cherry_fence_gate":18,"biomesoplenty:jacaranda_trapdoor":8,"minecraft:stone":24,"biomesoplenty:jacaranda_leaves":62,"biomesoplenty:jacaranda_fence_gate":1,"framedblocks:framed_ladder":18,"minecraft:cherry_planks":48,"biomesoplenty:jacaranda_planks":17,"biomesoplenty:jacaranda_slab":3,"minecraft:stone_brick_slab":13,"minecraft:crafting_table":1,"biomesoplenty:stripped_jacaranda_log":5,"minecraft:cobblestone":5,"minecraft:tall_grass":26,"minecraft:cherry_slab":3,"minecraft:cherry_fence":7,"minecraft:lilac":1,"minecraft:spruce_log":7,"minecraft:stone_brick_stairs":17,"minecraft:smooth_stone_slab":23,"minecraft:grass":121,"minecraft:dirt":144,"minecraft:stone_bricks":27,"minecraft:fern":4},"minecraft:broken":{"minecraft:wooden_shovel":1,"minecraft:wooden_pickaxe":1,"minecraft:iron_axe":1,"minecraft:stone_axe":2,"minecraft:stone_shovel":1},"minecraft:used":{"minecraft:cherry_sapling":128,"minecraft:stone_sword":14,"biomesoplenty:jacaranda_fence_gate":15,"minecraft:stone_shovel":131,"minecraft:ladder":65,"minecraft:spruce_planks":3,"minecraft:wooden_shovel":68,"minecraft:rotten_flesh":2,"minecraft:torch":64,"minecraft:dirt":560,"biomesoplenty:jacaranda_slab":60,"minecraft:stone_brick_slab":78,"minecraft:iron_axe":108,"minecraft:cherry_slab":4,"minecraft:cherry_trapdoor":20,"framedblocks:framed_ladder":84,"minecraft:cherry_fence_gate":6,"biomesoplenty:jacaranda_log":2,"minecraft:stone_brick_stairs":142,"minecraft:stone_bricks":309,"biomesoplenty:jacaranda_stairs":14,"minecraft:beef":3,"minecraft:cherry_fence":61,"sophisticatedbackpacks:gold_backpack":1,"minecraft:stone_pickaxe":1,"minecraft:wooden_pickaxe":63,"minecraft:cherry_planks":66,"minecraft:crafting_table":8,"minecraft:spruce_log":1,"biomesoplenty:jacaranda_planks":243,"biomesoplenty:jacaranda_trapdoor":53,"minecraft:bread":20,"minecraft:iron_pickaxe":64,"biomesoplenty:stripped_jacaranda_log":185,"minecraft:spruce_sapling":1,"minecraft:stone_axe":43,"minecraft:cobblestone":18,"minecraft:smooth_stone_slab":235,"alexsmobs:animal_dictionary":1,"minecraft:stripped_cherry_log":22,"minecraft:smooth_stone":195},"minecraft:picked_up":{"sophisticatedbackpacks:gold_backpack":1,"minecraft:crafting_table":2,"minecraft:allium":2,"minecraft:ladder":49,"biomesoplenty:jacaranda_sapling":39,"minecraft:stripped_cherry_log":137,"biomesoplenty:jacaranda_fence_gate":90,"minecraft:stone_brick_stairs":274,"minecraft:iron_axe":2,"minecraft:smooth_stone_slab":20,"biomesoplenty:tall_lavender":15,"biomesoplenty:jacaranda_slab":5,"minecraft:smooth_stone":145,"minecraft:beef":3,"minecraft:cobblestone_slab":125,"minecraft:iron_pickaxe":2,"minecraft:cherry_trapdoor":1,"minecraft:egg":1,"minecraft:dark_oak_sapling":20,"minecraft:stick":96,"minecraft:birch_trapdoor":1,"minecraft:torch":321,"minecraft:cherry_log":197,"minecraft:golden_chestplate":1,"minecraft:cherry_fence_gate":9,"biomesoplenty:jacaranda_trapdoor":79,"minecraft:arrow":2,"create_sa:large_filling_tank":1,"minecraft:rotten_flesh":12,"biomesoplenty:jacaranda_log":225,"biomesoplenty:jacaranda_stairs":92,"securitycraft:keypad_door_item":2,"minecraft:cobblestone":238,"biomesoplenty:lavender":13,"minecraft:lilac":1,"minecraft:cherry_planks":35,"minecraft:cherry_fence":109,"biomesoplenty:jacaranda_planks":112,"securitycraft:keypad_chest":4,"create_sa:copper_jetpack_chestplate":1,"minecraft:dirt":1128,"securitycraft:scanner_door_item":2,"minecraft:bone":4,"minecraft:stone_bricks":26,"minecraft:wheat_seeds":15,"framedblocks:framed_ladder":131,"rechiseled:chisel":2,"biomesoplenty:umbran_log":8,"securitycraft:universal_block_reinforcer_lvl3":1,"minecraft:stone_brick_slab":15,"minecraft:spruce_sapling":3,"sophisticatedbackpacks:iron_backpack":1,"minecraft:spruce_log":14,"biomesoplenty:flowering_oak_sapling":1,"securitycraft:universal_block_remover":1,"minecraft:stone_axe":2,"minecraft:cherry_sapling":129,"minecraft:bread":44,"minecraft:oak_sapling":2,"minecraft:cherry_slab":2,"biomesoplenty:stripped_jacaranda_log":649,"rotted:rotten_brain":1},"minecraft:custom":{"minecraft:mob_kills":5,"minecraft:interact_with_crafting_table":23,"minecraft:open_barrel":2,"minecraft:leave_game":12,"minecraft:time_since_death":313608,"minecraft:climb_one_cm":55218,"minecraft:sprint_one_cm":857609,"minecraft:walk_one_cm":922664,"minecraft:drop":30,"minecraft:play_time":352291,"minecraft:deaths":4,"minecraft:sneak_time":18314,"minecraft:walk_under_water_one_cm":7866,"minecraft:boat_one_cm":20,"minecraft:jump":5049,"minecraft:walk_on_water_one_cm":12215,"minecraft:total_world_time":352291,"minecraft:interact_with_stonecutter":1,"minecraft:time_since_rest":313654,"minecraft:waystone_activated":3,"minecraft:damage_taken":10542,"minecraft:damage_dealt":662,"minecraft:swim_one_cm":4746,"minecraft:fly_one_cm":1075696,"minecraft:open_chest":17,"minecraft:crouch_one_cm":65858,"minecraft:fall_one_cm":246467},"minecraft:killed":{"rotted:adventurer":1,"minecraft:zombie":1,"alexsmobs:fly":1,"minecraft:cow":1},"minecraft:crafted":{"minecraft:cherry_planks":424,"minecraft:wooden_sword":1,"minecraft:stone_shovel":1,"minecraft:smooth_stone_slab":306,"minecraft:cherry_slab":12,"minecraft:cherry_trapdoor":22,"minecraft:stone_brick_slab":174,"minecraft:ladder":219,"minecraft:stone_pickaxe":1,"biomesoplenty:jacaranda_stairs":56,"minecraft:wooden_shovel":1,"biomesoplenty:jacaranda_planks":468,"minecraft:crafting_table":7,"minecraft:spruce_planks":28,"minecraft:wooden_pickaxe":2,"biomesoplenty:jacaranda_slab":60,"minecraft:stick":651,"minecraft:stone_sword":1},"minecraft:dropped":{"minecraft:wheat_seeds":12,"minecraft:lilac":1,"biomesoplenty:lavender":2,"minecraft:cherry_fence_gate":3,"minecraft:stick":68,"minecraft:dirt":129,"biomesoplenty:flowering_oak_sapling":1,"biomesoplenty:jacaranda_trapdoor":1,"minecraft:iron_pickaxe":1,"minecraft:smooth_stone":1,"biomesoplenty:umbran_log":4,"minecraft:birch_trapdoor":1,"minecraft:ladder":1,"rechiseled:chisel":1,"minecraft:stone_brick_stairs":1,"minecraft:cherry_fence":1,"biomesoplenty:tall_lavender":8}},"DataVersion":3465}