{"stats":{"minecraft:mined":{"biomesoplenty:jacaranda_leaves":17,"biomesoplenty:jacaranda_planks":13,"minecraft:crafting_table":1,"minecraft:ladder":2,"biomesoplenty:bush":2,"minecraft:allium":2,"minecraft:grass_block":81,"minecraft:cobblestone":5,"minecraft:tall_grass":26,"minecraft:spruce_leaves":1,"biomesoplenty:jacaranda_sapling":1,"minecraft:large_fern":1,"minecraft:smooth_stone":5,"biomesoplenty:jacaranda_log":21,"biomesoplenty:tall_lavender":4,"minecraft:lilac":1,"biomesoplenty:lavender":3,"minecraft:spruce_log":7,"minecraft:grass":115,"minecraft:dirt":116,"minecraft:stone":22,"minecraft:stone_bricks":2,"minecraft:fern":4},"minecraft:killed":{"minecraft:zombie":1,"rotted:adventurer":1,"alexsmobs:fly":1,"minecraft:cow":1},"minecraft:custom":{"minecraft:mob_kills":5,"minecraft:interact_with_crafting_table":13,"minecraft:open_barrel":2,"minecraft:interact_with_stonecutter":1,"minecraft:leave_game":4,"minecraft:time_since_death":63782,"minecraft:climb_one_cm":2800,"minecraft:time_since_rest":63828,"minecraft:waystone_activated":2,"minecraft:sprint_one_cm":264204,"minecraft:damage_taken":3414,"minecraft:walk_one_cm":368059,"minecraft:drop":14,"minecraft:damage_dealt":632,"minecraft:swim_one_cm":4746,"minecraft:fly_one_cm":263878,"minecraft:open_chest":6,"minecraft:crouch_one_cm":12457,"minecraft:play_time":102465,"minecraft:sneak_time":3197,"minecraft:deaths":4,"minecraft:walk_under_water_one_cm":6961,"minecraft:boat_one_cm":20,"minecraft:jump":1910,"minecraft:walk_on_water_one_cm":10621,"minecraft:total_world_time":102465,"minecraft:fall_one_cm":78663},"minecraft:broken":{"minecraft:wooden_shovel":1},"minecraft:picked_up":{"biomesoplenty:lavender":6,"minecraft:crafting_table":2,"minecraft:allium":2,"minecraft:lilac":1,"minecraft:ladder":1,"biomesoplenty:jacaranda_sapling":17,"securitycraft:keypad_chest":4,"biomesoplenty:jacaranda_planks":107,"minecraft:dirt":711,"securitycraft:scanner_door_item":2,"biomesoplenty:tall_lavender":8,"minecraft:bone":4,"minecraft:stone_bricks":3,"minecraft:wheat_seeds":10,"minecraft:smooth_stone":136,"minecraft:beef":3,"rechiseled:chisel":2,"biomesoplenty:umbran_log":8,"minecraft:dark_oak_sapling":20,"minecraft:stick":13,"securitycraft:universal_block_reinforcer_lvl3":1,"minecraft:torch":321,"minecraft:spruce_sapling":3,"sophisticatedbackpacks:iron_backpack":1,"minecraft:spruce_log":14,"minecraft:golden_chestplate":1,"securitycraft:universal_block_remover":1,"minecraft:arrow":2,"minecraft:rotten_flesh":12,"biomesoplenty:jacaranda_log":64,"minecraft:stone_axe":2,"minecraft:bread":44,"minecraft:oak_sapling":1,"securitycraft:keypad_door_item":2,"rotted:rotten_brain":1,"minecraft:cobblestone":172},"minecraft:dropped":{"minecraft:lilac":1,"biomesoplenty:lavender":2,"minecraft:dirt":129,"biomesoplenty:umbran_log":4,"rechiseled:chisel":1,"minecraft:smooth_stone":1,"biomesoplenty:tall_lavender":1},"minecraft:crafted":{"minecraft:wooden_sword":1,"minecraft:wooden_shovel":1,"minecraft:stone_shovel":1,"minecraft:smooth_stone_slab":306,"biomesoplenty:jacaranda_planks":208,"minecraft:crafting_table":5,"minecraft:spruce_planks":28,"minecraft:wooden_pickaxe":2,"minecraft:stone_brick_slab":174,"minecraft:stick":8,"minecraft:stone_pickaxe":1,"minecraft:stone_sword":1},"minecraft:used":{"minecraft:stone_sword":14,"minecraft:stone_pickaxe":1,"minecraft:stone_shovel":120,"minecraft:spruce_planks":3,"minecraft:wooden_pickaxe":34,"minecraft:wooden_shovel":68,"minecraft:rotten_flesh":2,"minecraft:torch":42,"minecraft:dirt":73,"minecraft:crafting_table":6,"minecraft:spruce_log":1,"biomesoplenty:jacaranda_planks":234,"minecraft:bread":20,"minecraft:spruce_sapling":1,"minecraft:stone_bricks":108,"minecraft:stone_axe":27,"minecraft:cobblestone":18,"minecraft:beef":3,"alexsmobs:animal_dictionary":1,"minecraft:smooth_stone":173}},"DataVersion":3465}