{"stats":{"minecraft:mined":{"farmersdelight:onions":2,"minecraft:glass_pane":1,"biomesoplenty:desert_grass":1,"minecraft:crafting_table":2,"minecraft:acacia_log":4,"minecraft:grass_block":5,"minecraft:poppy":1,"farmersdelight:cabbages":4,"minecraft:tall_grass":2,"farmersdelight:tomatoes":7,"minecraft:spruce_leaves":1,"minecraft:coarse_dirt":1,"minecraft:grass":19,"minecraft:oak_log":7,"minecraft:coal_ore":22,"minecraft:dirt":7,"minecraft:acacia_planks":1,"minecraft:stone":14,"minecraft:orange_bed":6},"minecraft:used":{"minecraft:stone_sword":1,"minecraft:stone_pickaxe":24,"minecraft:wooden_pickaxe":12,"minecraft:spruce_fence_gate":1,"minecraft:rotten_flesh":1,"minecraft:orange_bed":5,"minecraft:torch":1,"farmersdelight:onion":1,"minecraft:dirt":10,"minecraft:crafting_table":3,"minecraft:oak_log":1,"rotted:rotten_brain":2,"minecraft:wooden_sword":14,"minecraft:acacia_planks":1,"alexsmobs:emu_egg":1},"minecraft:killed_by":{"rotted:adventurer":2,"minecraft:player":1,"minecraft:zombie":1},"minecraft:picked_up":{"minecraft:wooden_axe":1,"minecraft:crafting_table":2,"minecraft:coarse_dirt":1,"minecraft:potato":2,"minecraft:oak_log":7,"farmersdelight:tomato":12,"minecraft:dirt":11,"minecraft:lantern":1,"minecraft:acacia_door":2,"minecraft:acacia_planks":1,"minecraft:wheat_seeds":5,"farmersdelight:cabbage":3,"minecraft:poppy":1,"biomesoplenty:wildflower":1,"minecraft:acacia_sapling":2,"farmersdelight:cabbage_seeds":8,"minecraft:acacia_log":2,"minecraft:poisonous_potato":1,"farmersdelight:tomato_seeds":7,"minecraft:orange_bed":6,"minecraft:spruce_fence_gate":1,"minecraft:rotten_flesh":6,"farmersdelight:onion":2,"alexsmobs:emu_egg":1,"minecraft:emerald":2,"minecraft:coal":7,"rotted:rotten_brain":2,"minecraft:cobblestone":14},"minecraft:custom":{"minecraft:interact_with_crafting_table":7,"minecraft:leave_game":3,"minecraft:time_since_death":1885,"minecraft:time_since_rest":1894,"minecraft:sprint_one_cm":128307,"minecraft:damage_taken":4133,"minecraft:walk_one_cm":109257,"minecraft:drop":7,"minecraft:damage_dealt":690,"minecraft:swim_one_cm":11097,"minecraft:talked_to_villager":1,"minecraft:fly_one_cm":247857,"minecraft:player_kills":1,"minecraft:open_chest":3,"minecraft:crouch_one_cm":65,"minecraft:play_time":31451,"minecraft:deaths":15,"minecraft:sneak_time":30,"minecraft:walk_under_water_one_cm":1613,"minecraft:jump":981,"minecraft:walk_on_water_one_cm":2612,"minecraft:total_world_time":31451,"minecraft:fall_one_cm":38519},"minecraft:crafted":{"minecraft:wooden_sword":1,"minecraft:oak_planks":24,"minecraft:crafting_table":3,"minecraft:wooden_pickaxe":2,"minecraft:stick":12,"minecraft:stone_pickaxe":2,"minecraft:stone_sword":1,"minecraft:acacia_planks":8,"minecraft:torch":8},"minecraft:dropped":{"minecraft:wheat_seeds":1,"minecraft:rotten_flesh":1,"minecraft:emerald":2,"minecraft:poppy":1,"minecraft:potato":2}},"DataVersion":3465}