{"stats":{"minecraft:picked_up":{"securitycraft:scanner_door_item":2,"securitycraft:universal_block_remover":1,"securitycraft:universal_block_reinforcer_lvl3":1,"minecraft:allium":2,"minecraft:wheat_seeds":3,"minecraft:spruce_sapling":1,"sophisticatedbackpacks:iron_backpack":1,"minecraft:spruce_log":7,"securitycraft:keypad_chest":4,"securitycraft:keypad_door_item":2},"minecraft:mined":{"minecraft:large_fern":1,"minecraft:grass":42,"minecraft:allium":2,"minecraft:tall_grass":24,"minecraft:spruce_leaves":1,"minecraft:spruce_log":7,"minecraft:fern":4},"minecraft:custom":{"minecraft:crouch_one_cm":14,"minecraft:play_time":21949,"minecraft:sprint_one_cm":55546,"minecraft:damage_taken":375,"minecraft:walk_one_cm":65634,"minecraft:sneak_time":10,"minecraft:mob_kills":1,"minecraft:jump":478,"minecraft:damage_dealt":20,"minecraft:climb_one_cm":1952,"minecraft:leave_game":2,"minecraft:time_since_death":21949,"minecraft:total_world_time":21949,"minecraft:interact_with_crafting_table":3,"minecraft:fall_one_cm":14355,"minecraft:fly_one_cm":92459,"minecraft:open_barrel":2,"minecraft:time_since_rest":21949},"minecraft:crafted":{"minecraft:crafting_table":3,"minecraft:spruce_planks":28,"minecraft:stick":8},"minecraft:killed":{"alexsmobs:fly":1},"minecraft:used":{"minecraft:cobblestone":3,"minecraft:crafting_table":2,"minecraft:bread":4,"alexsmobs:animal_dictionary":1}},"DataVersion":3465}