{"stats":{"minecraft:picked_up":{"biomesoplenty:lavender":6,"minecraft:crafting_table":2,"minecraft:allium":2,"minecraft:lilac":1,"biomesoplenty:jacaranda_sapling":17,"biomesoplenty:jacaranda_planks":107,"securitycraft:keypad_chest":4,"minecraft:dirt":639,"securitycraft:scanner_door_item":2,"biomesoplenty:tall_lavender":8,"minecraft:bone":4,"minecraft:wheat_seeds":10,"minecraft:smooth_stone":135,"minecraft:beef":3,"rechiseled:chisel":2,"biomesoplenty:umbran_log":8,"minecraft:dark_oak_sapling":20,"minecraft:stick":13,"securitycraft:universal_block_reinforcer_lvl3":1,"minecraft:torch":321,"minecraft:spruce_sapling":3,"sophisticatedbackpacks:iron_backpack":1,"minecraft:spruce_log":14,"minecraft:golden_chestplate":1,"securitycraft:universal_block_remover":1,"minecraft:arrow":2,"minecraft:rotten_flesh":12,"biomesoplenty:jacaranda_log":64,"minecraft:stone_axe":2,"minecraft:bread":44,"minecraft:oak_sapling":1,"rotted:rotten_brain":1,"securitycraft:keypad_door_item":2,"minecraft:cobblestone":172},"minecraft:broken":{"minecraft:wooden_shovel":1},"minecraft:mined":{"biomesoplenty:jacaranda_leaves":3,"biomesoplenty:jacaranda_planks":13,"minecraft:crafting_table":1,"biomesoplenty:bush":2,"minecraft:allium":2,"minecraft:grass_block":69,"minecraft:tall_grass":26,"minecraft:cobblestone":5,"minecraft:spruce_leaves":1,"biomesoplenty:jacaranda_sapling":1,"minecraft:large_fern":1,"minecraft:smooth_stone":4,"biomesoplenty:jacaranda_log":21,"biomesoplenty:tall_lavender":4,"biomesoplenty:lavender":3,"minecraft:lilac":1,"minecraft:spruce_log":7,"minecraft:grass":115,"minecraft:dirt":115,"minecraft:stone":22,"minecraft:fern":4},"minecraft:custom":{"minecraft:mob_kills":5,"minecraft:interact_with_crafting_table":12,"minecraft:open_barrel":2,"minecraft:interact_with_stonecutter":1,"minecraft:leave_game":3,"minecraft:time_since_death":54522,"minecraft:climb_one_cm":1952,"minecraft:time_since_rest":54568,"minecraft:waystone_activated":2,"minecraft:sprint_one_cm":239512,"minecraft:damage_taken":2994,"minecraft:walk_one_cm":333917,"minecraft:drop":10,"minecraft:damage_dealt":632,"minecraft:swim_one_cm":4746,"minecraft:fly_one_cm":251281,"minecraft:open_chest":5,"minecraft:crouch_one_cm":6953,"minecraft:play_time":93205,"minecraft:deaths":4,"minecraft:sneak_time":2092,"minecraft:walk_under_water_one_cm":6961,"minecraft:boat_one_cm":20,"minecraft:jump":1722,"minecraft:walk_on_water_one_cm":10621,"minecraft:total_world_time":93205,"minecraft:fall_one_cm":67914},"minecraft:crafted":{"minecraft:wooden_sword":1,"minecraft:wooden_shovel":1,"minecraft:stone_shovel":1,"biomesoplenty:jacaranda_planks":208,"minecraft:crafting_table":5,"minecraft:spruce_planks":28,"minecraft:wooden_pickaxe":2,"minecraft:stick":8,"minecraft:stone_pickaxe":1,"minecraft:stone_sword":1},"minecraft:dropped":{"minecraft:lilac":1,"biomesoplenty:lavender":2,"biomesoplenty:umbran_log":4,"rechiseled:chisel":1,"minecraft:smooth_stone":1,"biomesoplenty:tall_lavender":1},"minecraft:killed":{"minecraft:zombie":1,"rotted:adventurer":1,"alexsmobs:fly":1,"minecraft:cow":1},"minecraft:used":{"minecraft:stone_sword":14,"minecraft:stone_shovel":107,"minecraft:stone_pickaxe":1,"minecraft:spruce_planks":3,"minecraft:wooden_pickaxe":31,"minecraft:wooden_shovel":68,"minecraft:rotten_flesh":2,"minecraft:torch":42,"minecraft:dirt":73,"minecraft:crafting_table":6,"minecraft:spruce_log":1,"biomesoplenty:jacaranda_planks":234,"minecraft:bread":14,"minecraft:spruce_sapling":1,"minecraft:stone_axe":27,"minecraft:cobblestone":18,"minecraft:beef":3,"alexsmobs:animal_dictionary":1,"minecraft:smooth_stone":134}},"DataVersion":3465}