{"stats":{"minecraft:broken":{"minecraft:wooden_shovel":1,"minecraft:stone_axe":2,"minecraft:stone_shovel":1,"minecraft:wooden_pickaxe":1},"minecraft:mined":{"biomesoplenty:jacaranda_leaves":62,"biomesoplenty:jacaranda_planks":17,"minecraft:stone_brick_slab":13,"minecraft:crafting_table":1,"minecraft:ladder":10,"biomesoplenty:bush":2,"minecraft:allium":2,"minecraft:grass_block":91,"biomesoplenty:stripped_jacaranda_log":5,"minecraft:tall_grass":26,"minecraft:cobblestone":5,"minecraft:spruce_leaves":1,"biomesoplenty:jacaranda_sapling":3,"minecraft:large_fern":1,"minecraft:smooth_stone":14,"biomesoplenty:jacaranda_log":38,"biomesoplenty:tall_lavender":4,"minecraft:lilac":1,"biomesoplenty:lavender":6,"minecraft:spruce_log":7,"minecraft:stone_brick_stairs":17,"minecraft:smooth_stone_slab":23,"minecraft:grass":121,"minecraft:dirt":144,"minecraft:stone":24,"minecraft:stone_bricks":27,"minecraft:fern":4},"minecraft:used":{"minecraft:cherry_sapling":128,"minecraft:stone_sword":14,"minecraft:stone_pickaxe":1,"minecraft:stone_shovel":131,"minecraft:ladder":65,"minecraft:spruce_planks":3,"minecraft:wooden_pickaxe":63,"minecraft:wooden_shovel":68,"minecraft:rotten_flesh":2,"minecraft:torch":64,"minecraft:dirt":560,"minecraft:crafting_table":6,"minecraft:spruce_log":1,"biomesoplenty:jacaranda_planks":243,"minecraft:stone_brick_slab":78,"minecraft:bread":20,"minecraft:iron_pickaxe":64,"biomesoplenty:stripped_jacaranda_log":185,"minecraft:stone_brick_stairs":142,"minecraft:spruce_sapling":1,"biomesoplenty:jacaranda_log":1,"minecraft:stone_bricks":309,"minecraft:stone_axe":43,"minecraft:cobblestone":18,"minecraft:beef":3,"alexsmobs:animal_dictionary":1,"minecraft:smooth_stone_slab":235,"minecraft:smooth_stone":195,"sophisticatedbackpacks:gold_backpack":1},"minecraft:crafted":{"minecraft:cherry_planks":256,"minecraft:wooden_sword":1,"minecraft:wooden_shovel":1,"minecraft:stone_shovel":1,"biomesoplenty:jacaranda_planks":464,"minecraft:smooth_stone_slab":306,"minecraft:crafting_table":5,"minecraft:spruce_planks":28,"minecraft:wooden_pickaxe":2,"minecraft:stone_brick_slab":174,"minecraft:ladder":219,"minecraft:stick":520,"minecraft:stone_pickaxe":1,"minecraft:stone_sword":1},"minecraft:custom":{"minecraft:mob_kills":5,"minecraft:interact_with_crafting_table":17,"minecraft:open_barrel":2,"minecraft:interact_with_stonecutter":1,"minecraft:leave_game":11,"minecraft:time_since_death":242265,"minecraft:climb_one_cm":33455,"minecraft:time_since_rest":242311,"minecraft:waystone_activated":3,"minecraft:damage_taken":7972,"minecraft:sprint_one_cm":804176,"minecraft:walk_one_cm":768227,"minecraft:drop":21,"minecraft:damage_dealt":662,"minecraft:swim_one_cm":4746,"minecraft:fly_one_cm":928784,"minecraft:open_chest":17,"minecraft:crouch_one_cm":59153,"minecraft:play_time":280948,"minecraft:sneak_time":14681,"minecraft:deaths":4,"minecraft:walk_under_water_one_cm":7866,"minecraft:boat_one_cm":20,"minecraft:jump":4838,"minecraft:walk_on_water_one_cm":12215,"minecraft:total_world_time":280948,"minecraft:fall_one_cm":186273},"minecraft:killed":{"minecraft:zombie":1,"rotted:adventurer":1,"alexsmobs:fly":1,"minecraft:cow":1},"minecraft:picked_up":{"biomesoplenty:lavender":13,"sophisticatedbackpacks:gold_backpack":1,"minecraft:crafting_table":2,"minecraft:allium":2,"minecraft:lilac":1,"minecraft:ladder":9,"biomesoplenty:jacaranda_sapling":39,"minecraft:stripped_cherry_log":64,"minecraft:stone_brick_stairs":274,"securitycraft:keypad_chest":4,"biomesoplenty:jacaranda_planks":111,"create_sa:copper_jetpack_chestplate":1,"minecraft:dirt":1128,"securitycraft:scanner_door_item":2,"minecraft:smooth_stone_slab":20,"biomesoplenty:tall_lavender":15,"minecraft:bone":4,"minecraft:stone_bricks":26,"minecraft:wheat_seeds":15,"minecraft:smooth_stone":145,"minecraft:beef":3,"minecraft:cobblestone_slab":125,"rechiseled:chisel":2,"minecraft:iron_pickaxe":2,"biomesoplenty:umbran_log":8,"minecraft:egg":1,"minecraft:dark_oak_sapling":20,"minecraft:stick":32,"securitycraft:universal_block_reinforcer_lvl3":1,"minecraft:stone_brick_slab":15,"minecraft:torch":321,"minecraft:cherry_log":197,"minecraft:spruce_sapling":3,"sophisticatedbackpacks:iron_backpack":1,"minecraft:spruce_log":14,"minecraft:golden_chestplate":1,"biomesoplenty:flowering_oak_sapling":1,"securitycraft:universal_block_remover":1,"minecraft:arrow":2,"create_sa:large_filling_tank":1,"minecraft:rotten_flesh":12,"biomesoplenty:jacaranda_log":224,"minecraft:stone_axe":2,"minecraft:cherry_sapling":129,"minecraft:bread":44,"minecraft:oak_sapling":2,"securitycraft:keypad_door_item":2,"rotted:rotten_brain":1,"biomesoplenty:stripped_jacaranda_log":649,"minecraft:cobblestone":238},"minecraft:dropped":{"minecraft:wheat_seeds":12,"minecraft:lilac":1,"biomesoplenty:lavender":2,"minecraft:dirt":129,"biomesoplenty:umbran_log":4,"biomesoplenty:flowering_oak_sapling":1,"minecraft:ladder":1,"rechiseled:chisel":1,"minecraft:iron_pickaxe":1,"minecraft:smooth_stone":1,"minecraft:stone_brick_stairs":1,"biomesoplenty:tall_lavender":8}},"DataVersion":3465}