{"stats":{"minecraft:killed":{"minecraft:spider":1,"minecraft:iron_golem":1,"minecraft:creeper":1,"minecraft:sheep":11,"minecraft:skeleton":1,"minecraft:zombie":4,"alexsmobs:banana_slug":1,"alexsmobs:bison":1,"minecraft:cow":24},"minecraft:picked_up":{"minecraft:crafting_table":5,"minecraft:leather":21,"biomesoplenty:fir_sapling":29,"biomesoplenty:fir_log":88,"alexsmobs:bison_fur":2,"minecraft:oak_log":20,"minecraft:dirt":6,"minecraft:raw_copper":63,"biomesoplenty:snowblossom_sapling":98,"minecraft:wheat_seeds":7,"minecraft:iron_ingot":5,"minecraft:beef":55,"minecraft:lectern":1,"minecraft:oak_planks":15,"minecraft:book":18,"biomesoplenty:toadstool":2,"minecraft:raw_iron":79,"minecraft:stick":97,"minecraft:pumpkin":6,"minecraft:sweet_berries":20,"minecraft:cherry_log":165,"minecraft:spruce_sapling":23,"minecraft:carrot":1,"minecraft:white_bed":1,"minecraft:spruce_log":57,"minecraft:purple_bed":5,"minecraft:rotten_flesh":4,"waystones:waystone":2,"biomesoplenty:white_petals":9,"minecraft:bread":52,"sophisticatedbackpacks:copper_backpack":1,"minecraft:mutton":16,"minecraft:coal":93,"minecraft:snowball":3,"minecraft:white_wool":11,"minecraft:cobblestone":88},"minecraft:used":{"minecraft:stone_pickaxe":180,"minecraft:oak_planks":3,"minecraft:wooden_pickaxe":15,"minecraft:crafting_table":5,"minecraft:white_bed":1,"biomesoplenty:snowblossom_sapling":3,"minecraft:iron_axe":8,"minecraft:bread":33,"minecraft:stone_axe":516,"minecraft:purple_bed":4,"biomesoplenty:fir_log":4,"minecraft:cherry_log":9},"minecraft:crafted":{"minecraft:oak_planks":24,"minecraft:crafting_table":1,"minecraft:wooden_pickaxe":1,"minecraft:iron_sword":1,"minecraft:furnace":1,"minecraft:stone_axe":4,"biomesoplenty:fir_planks":20,"minecraft:iron_axe":1,"minecraft:stick":8,"minecraft:stone_pickaxe":2,"minecraft:white_bed":2},"minecraft:mined":{"minecraft:white_bed":1,"minecraft:cherry_log":170,"minecraft:crafting_table":5,"minecraft:grass_block":7,"biomesoplenty:white_petals":4,"minecraft:lectern":1,"minecraft:tall_grass":8,"minecraft:copper_ore":18,"minecraft:cobblestone":2,"minecraft:spruce_leaves":22,"minecraft:large_fern":1,"minecraft:purple_bed":5,"biomesoplenty:snowblossom_sapling":3,"minecraft:iron_ore":79,"minecraft:sweet_berry_bush":10,"minecraft:spruce_log":59,"minecraft:pumpkin":6,"biomesoplenty:fir_log":89,"minecraft:grass":64,"minecraft:bookshelf":6,"minecraft:oak_log":20,"minecraft:coal_ore":67,"minecraft:stone":23,"minecraft:fern":13},"minecraft:broken":{"minecraft:stone_pickaxe":1,"minecraft:stone_axe":3},"minecraft:dropped":{"biomesoplenty:toadstool":2,"minecraft:bread":20,"minecraft:wheat_seeds":7,"minecraft:rotten_flesh":4,"alexsmobs:bison_fur":2,"minecraft:stick":24,"minecraft:snowball":3,"minecraft:wooden_pickaxe":1,"minecraft:bone":5},"minecraft:custom":{"minecraft:mob_kills":45,"minecraft:interact_with_crafting_table":11,"minecraft:damage_dealt_resisted":333,"minecraft:leave_game":6,"minecraft:time_since_death":55659,"minecraft:sleep_in_bed":6,"minecraft:waystone_activated":1,"minecraft:time_since_rest":980,"minecraft:sprint_one_cm":244373,"minecraft:damage_taken":1425,"minecraft:walk_one_cm":162402,"minecraft:drop":16,"minecraft:damage_dealt":5866,"minecraft:damage_dealt_absorbed":80,"minecraft:swim_one_cm":27938,"minecraft:fly_one_cm":481455,"minecraft:open_chest":8,"minecraft:crouch_one_cm":8096,"minecraft:play_time":80183,"minecraft:deaths":1,"minecraft:sneak_time":3705,"minecraft:walk_under_water_one_cm":1171,"minecraft:jump":2298,"minecraft:walk_on_water_one_cm":4997,"minecraft:total_world_time":80183,"minecraft:fall_one_cm":79652}},"DataVersion":3465}