{"stats":{"minecraft:killed":{"minecraft:spider":1,"minecraft:iron_golem":2,"minecraft:creeper":1,"minecraft:sheep":12,"minecraft:skeleton":1,"minecraft:zombie":4,"alexsmobs:banana_slug":1,"alexsmobs:bison":1,"minecraft:cow":24},"minecraft:picked_up":{"minecraft:crafting_table":5,"minecraft:leather":21,"biomesoplenty:fir_sapling":29,"biomesoplenty:fir_log":88,"alexsmobs:bison_fur":2,"minecraft:oak_log":20,"minecraft:dirt":6,"minecraft:raw_copper":63,"biomesoplenty:snowblossom_sapling":98,"minecraft:wheat_seeds":8,"minecraft:iron_ingot":10,"minecraft:beef":55,"minecraft:poppy":1,"minecraft:lectern":1,"minecraft:oak_planks":15,"minecraft:furnace":1,"minecraft:stick":97,"minecraft:book":18,"biomesoplenty:toadstool":2,"minecraft:raw_iron":79,"minecraft:pumpkin":6,"minecraft:sweet_berries":20,"minecraft:cherry_log":165,"minecraft:spruce_sapling":23,"minecraft:white_bed":1,"minecraft:spruce_log":57,"minecraft:carrot":1,"minecraft:purple_bed":5,"minecraft:rotten_flesh":4,"waystones:waystone":2,"sophisticatedbackpacks:copper_backpack":1,"minecraft:bread":60,"biomesoplenty:white_petals":9,"minecraft:mutton":16,"minecraft:coal":93,"minecraft:snowball":3,"minecraft:white_wool":12,"minecraft:cobblestone":88},"minecraft:used":{"minecraft:stone_pickaxe":181,"minecraft:oak_planks":7,"minecraft:wooden_pickaxe":15,"minecraft:iron_sword":8,"minecraft:crafting_table":6,"minecraft:white_bed":1,"biomesoplenty:snowblossom_sapling":3,"minecraft:bread":37,"minecraft:iron_axe":8,"minecraft:stone_axe":519,"ironfurnaces:iron_furnace":1,"minecraft:purple_bed":4,"minecraft:furnace":1,"biomesoplenty:fir_log":4,"minecraft:cherry_log":9},"minecraft:crafted":{"minecraft:oak_planks":24,"minecraft:crafting_table":2,"minecraft:wooden_pickaxe":1,"minecraft:iron_sword":1,"minecraft:furnace":2,"ironfurnaces:iron_furnace":1,"minecraft:stone_axe":4,"minecraft:air":0,"biomesoplenty:fir_planks":20,"minecraft:iron_axe":1,"minecraft:stick":8,"minecraft:iron_ingot":4,"minecraft:stone_pickaxe":2,"minecraft:white_bed":2,"sophisticatedbackpacks:iron_backpack":1},"minecraft:mined":{"minecraft:white_bed":1,"minecraft:cherry_log":170,"minecraft:crafting_table":5,"biomesoplenty:bush":1,"minecraft:grass_block":7,"biomesoplenty:white_petals":4,"minecraft:lectern":1,"minecraft:tall_grass":8,"minecraft:copper_ore":18,"minecraft:cobblestone":2,"minecraft:spruce_leaves":22,"minecraft:large_fern":1,"minecraft:purple_bed":5,"biomesoplenty:snowblossom_sapling":3,"minecraft:furnace":1,"minecraft:iron_ore":79,"minecraft:sweet_berry_bush":10,"minecraft:spruce_log":59,"minecraft:pumpkin":6,"biomesoplenty:fir_log":89,"minecraft:grass":65,"minecraft:bookshelf":6,"minecraft:oak_log":20,"minecraft:coal_ore":67,"minecraft:stone":23,"minecraft:fern":13},"minecraft:broken":{"minecraft:stone_pickaxe":1,"minecraft:stone_axe":4},"minecraft:dropped":{"biomesoplenty:toadstool":2,"minecraft:bread":28,"minecraft:wheat_seeds":8,"minecraft:crafting_table":1,"minecraft:rotten_flesh":4,"alexsmobs:bison_fur":2,"minecraft:stick":24,"minecraft:poppy":1,"minecraft:snowball":3,"minecraft:wooden_pickaxe":1,"minecraft:bone":5},"minecraft:custom":{"minecraft:interact_with_furnace":15,"minecraft:mob_kills":47,"minecraft:interact_with_crafting_table":24,"minecraft:damage_dealt_resisted":333,"minecraft:leave_game":8,"minecraft:time_since_death":65075,"minecraft:sleep_in_bed":6,"minecraft:waystone_activated":1,"minecraft:time_since_rest":10396,"minecraft:sprint_one_cm":258548,"minecraft:damage_taken":1435,"minecraft:walk_one_cm":169781,"minecraft:drop":21,"minecraft:damage_dealt":6916,"minecraft:damage_dealt_absorbed":80,"minecraft:swim_one_cm":27938,"minecraft:fly_one_cm":531552,"minecraft:open_chest":8,"minecraft:crouch_one_cm":8167,"minecraft:play_time":89599,"minecraft:deaths":1,"minecraft:sneak_time":4041,"minecraft:walk_under_water_one_cm":1171,"minecraft:jump":2470,"minecraft:walk_on_water_one_cm":5105,"minecraft:total_world_time":89599,"minecraft:fall_one_cm":87909}},"DataVersion":3465}