{"stats":{"minecraft:crafted":{"minecraft:crafting_table":1,"minecraft:stick":8,"minecraft:iron_sword":1,"minecraft:jungle_planks":8},"minecraft:mined":{"minecraft:white_bed":3,"minecraft:jungle_slab":2,"minecraft:jungle_leaves":3,"minecraft:jungle_fence":1,"minecraft:crafting_table":1,"minecraft:jungle_planks":1,"minecraft:bookshelf":6,"minecraft:cave_vines":4,"minecraft:vine":7,"minecraft:jungle_log":34,"minecraft:stripped_jungle_log":4,"minecraft:fern":1},"minecraft:picked_up":{"minecraft:book":18,"minecraft:crafting_table":1,"minecraft:jungle_log":37,"minecraft:jungle_fence":1,"minecraft:jungle_planks":1,"minecraft:white_bed":3,"minecraft:jungle_slab":2,"minecraft:dirt":13,"minecraft:name_tag":1,"minecraft:stripped_jungle_log":4,"minecraft:rotten_flesh":2,"minecraft:baked_potato":5,"minecraft:glow_berries":1},"minecraft:killed":{"minecraft:zombie":2,"minecraft:spider":1},"minecraft:custom":{"minecraft:time_since_rest":813,"minecraft:interact_with_furnace":1,"minecraft:sprint_one_cm":72673,"minecraft:damage_taken":886,"minecraft:walk_one_cm":52590,"minecraft:mob_kills":3,"minecraft:damage_dealt":530,"minecraft:talked_to_villager":1,"minecraft:interact_with_crafting_table":1,"minecraft:fly_one_cm":33005,"minecraft:open_chest":12,"minecraft:crouch_one_cm":180,"minecraft:play_time":17768,"minecraft:deaths":2,"minecraft:interact_with_campfire":5,"minecraft:sneak_time":43,"minecraft:jump":258,"minecraft:interact_with_grindstone":1,"minecraft:walk_on_water_one_cm":74,"minecraft:time_since_death":10810,"minecraft:sleep_in_bed":3,"minecraft:climb_one_cm":23268,"minecraft:total_world_time":17768,"minecraft:inspect_dispenser":2,"minecraft:fall_one_cm":6679},"minecraft:used":{"fusion:steel_axe":71,"minecraft:bread":4,"minecraft:jungle_fence":1,"minecraft:iron_helmet":1,"minecraft:iron_chestplate":1,"minecraft:glow_berries":1,"minecraft:crafting_table":1,"minecraft:white_bed":1,"alexsmobs:animal_dictionary":1}},"DataVersion":3465}