{"stats":{"minecraft:mined":{"create:zinc_ore":66,"minecraft:crafting_table":2,"minecraft:calcite":58,"minecraft:grass_block":239,"unusualprehistory:plant_fossil":5,"minecraft:mushroom_stem":6,"minecraft:copper_ore":12,"minecraft:cobblestone":2,"biomesoplenty:sprout":6,"minecraft:diorite":4,"minecraft:wall_torch":4,"biomesoplenty:magic_planks":2,"minecraft:iron_ore":6,"minecraft:fire":31,"minecraft:lilac":1,"minecraft:spruce_log":79,"biomesoplenty:umbran_log":1,"biomesoplenty:magic_log":125,"minecraft:grass":6,"minecraft:coal_ore":137,"minecraft:oak_log":5,"minecraft:dirt_path":4,"minecraft:sunflower":5,"minecraft:dirt":316,"minecraft:stone":563,"minecraft:red_mushroom_block":32,"biomesoplenty:fir_sign":1,"create:limestone":39},"minecraft:broken":{"minecraft:iron_axe":1},"minecraft:used":{"minecraft:water_bucket":23,"minecraft:iron_shovel":564,"minecraft:flint_and_steel":41,"minecraft:spruce_planks":8,"minecraft:shield":5,"minecraft:iron_sword":50,"minecraft:torch":8,"minecraft:dirt":29,"minecraft:crafting_table":3,"biomesoplenty:magic_planks":176,"minecraft:apple":1,"minecraft:lantern":1,"minecraft:iron_axe":276,"minecraft:bread":26,"minecraft:iron_pickaxe":897,"minecraft:cobblestone":1,"minecraft:bucket":24,"alexsmobs:animal_dictionary":1,"mvw:iron_hammer":4},"minecraft:picked_up":{"minecraft:crafting_table":2,"minecraft:wheat":1,"minecraft:allium":1,"minecraft:lilac":2,"minecraft:water_bucket":1,"minecraft:leather":3,"minecraft:lead":2,"minecraft:red_mushroom":21,"alexsmobs:bear_fur":2,"minecraft:flint":4,"create:raw_zinc":3,"minecraft:oak_log":5,"minecraft:gunpowder":1,"minecraft:string":15,"minecraft:dirt":629,"minecraft:lantern":1,"minecraft:raw_copper":27,"create:limestone":39,"minecraft:compass":2,"minecraft:iron_shovel":9,"biomesoplenty:fir_sign":1,"minecraft:apple":1,"minecraft:wheat_seeds":3,"minecraft:gold_nugget":1,"minecraft:iron_ingot":11,"minecraft:beef":4,"biomesoplenty:magic_log":119,"minecraft:calcite":58,"unusualprehistory:plant_fossil_item":5,"minecraft:poppy":1,"minecraft:iron_pickaxe":1,"biomesoplenty:umbran_log":2,"minecraft:egg":1,"biomesoplenty:magic_sapling":15,"minecraft:scaffolding":2,"minecraft:stick":63,"minecraft:torch":5,"minecraft:gravel":1,"minecraft:spruce_sapling":18,"minecraft:diorite":4,"minecraft:spruce_log":79,"mvw:iron_katana":1,"minecraft:rotten_flesh":9,"biomesoplenty:magic_planks":6,"minecraft:bread":5,"minecraft:emerald":2,"minecraft:oak_sapling":1,"rotted:rotten_brain":2,"minecraft:coal":58,"minecraft:cobblestone":766,"minecraft:sunflower":4},"minecraft:custom":{"spartanshields:shield_bash_hits":3,"minecraft:mob_kills":16,"minecraft:interact_with_crafting_table":19,"minecraft:leave_game":4,"minecraft:time_since_death":120913,"minecraft:sleep_in_bed":14,"minecraft:climb_one_cm":566,"minecraft:time_since_rest":7585,"minecraft:damage_taken":1651,"minecraft:sprint_one_cm":218374,"minecraft:walk_one_cm":465378,"minecraft:damage_blocked_by_shield":110,"minecraft:drop":586,"minecraft:damage_dealt":3704,"minecraft:swim_one_cm":929,"minecraft:talked_to_villager":2,"minecraft:fly_one_cm":242666,"minecraft:open_chest":35,"minecraft:crouch_one_cm":9759,"minecraft:play_time":121860,"minecraft:deaths":1,"minecraft:sneak_time":3199,"minecraft:walk_under_water_one_cm":36859,"minecraft:jump":1534,"minecraft:walk_on_water_one_cm":11052,"minecraft:interact_with_smoker":1,"minecraft:total_world_time":121860,"minecraft:fall_one_cm":35759},"minecraft:killed":{"rotted:farmer":3,"minecraft:vindicator":1,"rotted:doctor":1,"minecraft:wandering_trader":1,"minecraft:trader_llama":2,"minecraft:pillager":1,"rotted:adventurer":4,"minecraft:cow":3},"minecraft:crafted":{"mvw:iron_katana":1,"sophisticatedbackpacks:backpack":1,"minecraft:crafting_table":3,"minecraft:iron_helmet":1,"minecraft:iron_sword":1,"minecraft:bucket":1,"minecraft:flint_and_steel":1,"biomesoplenty:fir_planks":20,"minecraft:iron_chestplate":1,"minecraft:iron_boots":1,"mvw:iron_hammer":1,"minecraft:shield":1,"minecraft:iron_axe":1,"minecraft:stick":136,"minecraft:iron_pickaxe":4,"minecraft:chest":1,"biomesoplenty:magic_planks":476,"minecraft:iron_shovel":11,"minecraft:iron_leggings":1,"minecraft:torch":128},"minecraft:dropped":{"minecraft:bread":8,"minecraft:compass":1,"minecraft:raw_iron":3,"minecraft:cobblestone":416,"minecraft:leather":2,"mvw:iron_katana":1,"minecraft:coal":41,"minecraft:red_mushroom":21,"minecraft:flint":3,"minecraft:stick":20,"minecraft:dirt":494,"biomesoplenty:umbran_log":1,"minecraft:torch":4,"minecraft:diorite":4,"minecraft:beef":4,"minecraft:iron_pickaxe":1,"minecraft:iron_shovel":15,"minecraft:scaffolding":2}},"DataVersion":3465}