{"stats":{"minecraft:mined":{"create:zinc_ore":55,"minecraft:crafting_table":1,"minecraft:calcite":29,"minecraft:grass_block":235,"minecraft:mushroom_stem":6,"minecraft:copper_ore":8,"minecraft:cobblestone":2,"biomesoplenty:sprout":5,"minecraft:diorite":2,"minecraft:wall_torch":3,"biomesoplenty:magic_planks":2,"minecraft:iron_ore":3,"minecraft:fire":31,"minecraft:lilac":1,"minecraft:spruce_log":79,"biomesoplenty:magic_log":125,"minecraft:grass":5,"minecraft:oak_log":5,"minecraft:coal_ore":137,"minecraft:dirt_path":4,"minecraft:sunflower":5,"minecraft:dirt":313,"minecraft:red_mushroom_block":32,"minecraft:stone":498,"biomesoplenty:fir_sign":1},"minecraft:broken":{"minecraft:iron_axe":1},"minecraft:used":{"minecraft:water_bucket":21,"minecraft:iron_shovel":557,"minecraft:flint_and_steel":41,"minecraft:spruce_planks":8,"minecraft:shield":3,"minecraft:iron_sword":36,"minecraft:torch":7,"minecraft:dirt":29,"minecraft:crafting_table":2,"biomesoplenty:magic_planks":176,"minecraft:apple":1,"minecraft:lantern":1,"minecraft:iron_axe":276,"minecraft:bread":23,"minecraft:iron_pickaxe":738,"minecraft:cobblestone":1,"minecraft:bucket":22,"alexsmobs:animal_dictionary":1,"mvw:iron_hammer":4},"minecraft:picked_up":{"minecraft:crafting_table":1,"minecraft:wheat":1,"minecraft:lilac":2,"minecraft:water_bucket":1,"minecraft:leather":2,"minecraft:lead":2,"minecraft:red_mushroom":21,"alexsmobs:bear_fur":2,"minecraft:flint":4,"minecraft:oak_log":5,"minecraft:gunpowder":1,"minecraft:dirt":622,"minecraft:lantern":1,"minecraft:raw_copper":27,"minecraft:compass":2,"minecraft:iron_shovel":9,"biomesoplenty:fir_sign":1,"minecraft:apple":1,"minecraft:wheat_seeds":3,"minecraft:gold_nugget":1,"minecraft:iron_ingot":11,"minecraft:beef":4,"biomesoplenty:magic_log":119,"minecraft:calcite":28,"minecraft:poppy":1,"minecraft:iron_pickaxe":1,"minecraft:egg":1,"biomesoplenty:magic_sapling":15,"minecraft:scaffolding":2,"minecraft:stick":63,"minecraft:torch":4,"minecraft:gravel":1,"minecraft:spruce_sapling":18,"minecraft:diorite":2,"minecraft:spruce_log":79,"mvw:iron_katana":1,"minecraft:rotten_flesh":9,"biomesoplenty:magic_planks":6,"minecraft:bread":5,"minecraft:oak_sapling":1,"rotted:rotten_brain":2,"minecraft:coal":58,"minecraft:cobblestone":701,"minecraft:sunflower":4},"minecraft:custom":{"spartanshields:shield_bash_hits":3,"minecraft:mob_kills":13,"minecraft:interact_with_crafting_table":12,"minecraft:leave_game":3,"minecraft:time_since_death":105035,"minecraft:sleep_in_bed":13,"minecraft:climb_one_cm":341,"minecraft:time_since_rest":18556,"minecraft:sprint_one_cm":184948,"minecraft:damage_taken":1582,"minecraft:walk_one_cm":422152,"minecraft:damage_blocked_by_shield":55,"minecraft:drop":582,"minecraft:damage_dealt":2794,"minecraft:swim_one_cm":929,"minecraft:talked_to_villager":1,"minecraft:fly_one_cm":217071,"minecraft:open_chest":25,"minecraft:crouch_one_cm":9269,"minecraft:play_time":105982,"minecraft:deaths":1,"minecraft:sneak_time":3117,"minecraft:walk_under_water_one_cm":33732,"minecraft:jump":1240,"minecraft:walk_on_water_one_cm":10650,"minecraft:total_world_time":105982,"minecraft:fall_one_cm":31434},"minecraft:killed":{"rotted:farmer":3,"rotted:doctor":1,"minecraft:wandering_trader":1,"minecraft:trader_llama":2,"rotted:adventurer":4,"minecraft:cow":2},"minecraft:crafted":{"mvw:iron_katana":1,"minecraft:crafting_table":2,"minecraft:iron_helmet":1,"minecraft:iron_sword":1,"minecraft:bucket":1,"minecraft:flint_and_steel":1,"biomesoplenty:fir_planks":20,"minecraft:iron_boots":1,"minecraft:iron_chestplate":1,"mvw:iron_hammer":1,"minecraft:shield":1,"minecraft:iron_axe":1,"minecraft:stick":136,"minecraft:iron_pickaxe":4,"biomesoplenty:magic_planks":476,"minecraft:iron_shovel":11,"minecraft:iron_leggings":1,"minecraft:torch":128},"minecraft:dropped":{"minecraft:bread":8,"minecraft:compass":1,"minecraft:raw_iron":3,"minecraft:cobblestone":416,"minecraft:leather":2,"mvw:iron_katana":1,"minecraft:coal":41,"minecraft:stick":20,"minecraft:flint":3,"minecraft:dirt":494,"minecraft:beef":4,"minecraft:iron_pickaxe":1,"minecraft:iron_shovel":15,"minecraft:scaffolding":2}},"DataVersion":3465}