{"stats":{"minecraft:used":{"minecraft:iron_shovel":44,"minecraft:shield":33,"minecraft:iron_sword":26,"minecraft:iron_chestplate":1,"minecraft:torch":16,"minecraft:dirt":6,"minecraft:jungle_planks":36,"minecraft:milk_bucket":1,"farmersdelight:beef_patty":3,"fusion:steel_axe":169,"minecraft:iron_helmet":1,"minecraft:furnace":2,"minecraft:gray_bed":1,"minecraft:cooked_beef":2,"minecraft:potato":5,"minecraft:baked_potato":11,"minecraft:stone_pickaxe":132,"minecraft:jungle_fence":1,"minecraft:ender_pearl":1,"minecraft:cookie":14,"minecraft:glow_berries":1,"minecraft:crafting_table":9,"minecraft:white_bed":4,"fusion:bronze_axe":620,"farmersdelight:minced_beef":12,"minecraft:oak_log":98,"minecraft:wooden_hoe":14,"farmersdelight:stuffed_potato":1,"minecraft:bread":38,"minecraft:melon_slice":59,"minecraft:iron_pickaxe":117,"minecraft:cobblestone":103,"minecraft:bucket":1,"minecraft:yellow_bed":4,"alexsmobs:animal_dictionary":1},"minecraft:crafted":{"minecraft:oak_planks":4,"minecraft:furnace":1,"minecraft:stone_pickaxe":2,"minecraft:gray_bed":1,"minecraft:cooked_beef":2,"minecraft:crafting_table":3,"minecraft:baked_potato":1,"minecraft:iron_sword":1,"minecraft:bucket":1,"farmersdelight:beef_patty":3,"minecraft:jungle_planks":404,"minecraft:wooden_hoe":1,"minecraft:shield":2,"minecraft:stick":280,"minecraft:iron_ingot":3,"minecraft:iron_shovel":1,"farmersdelight:stuffed_potato":1},"minecraft:custom":{"minecraft:interact_with_anvil":1,"minecraft:mob_kills":37,"minecraft:interact_with_crafting_table":17,"minecraft:open_barrel":5,"minecraft:interact_with_campfire":11,"minecraft:bell_ring":2,"minecraft:damage_dealt_resisted":163,"minecraft:leave_game":5,"minecraft:time_since_death":10661,"minecraft:climb_one_cm":42797,"minecraft:sprint_one_cm":739727,"minecraft:walk_one_cm":743176,"minecraft:damage_blocked_by_shield":1190,"minecraft:drop":32,"minecraft:talked_to_villager":3,"minecraft:raid_win":1,"minecraft:play_time":202065,"minecraft:sneak_time":3099,"minecraft:deaths":6,"minecraft:walk_under_water_one_cm":14237,"minecraft:jump":3064,"minecraft:interact_with_blast_furnace":2,"minecraft:walk_on_water_one_cm":19676,"minecraft:total_world_time":202065,"minecraft:interact_with_furnace":11,"spartanshields:shield_bash_hits":32,"minecraft:interact_with_loom":1,"minecraft:raid_trigger":1,"minecraft:interact_with_grindstone":1,"minecraft:sleep_in_bed":5,"minecraft:time_since_rest":10690,"minecraft:damage_taken":5160,"minecraft:damage_dealt":7197,"minecraft:swim_one_cm":408,"minecraft:fly_one_cm":363985,"minecraft:open_chest":72,"minecraft:crouch_one_cm":6415,"minecraft:interact_with_smoker":1,"minecraft:inspect_dispenser":3,"minecraft:fall_one_cm":74778},"minecraft:dropped":{"minecraft:enchanted_book":1,"minecraft:bread":2,"minecraft:porkchop":4,"minecraft:stick":204,"minecraft:torch":18,"minecraft:mutton":9,"paraglider:heart_container":1,"minecraft:melon_slice":2,"farmersdelight:bacon":7,"minecraft:red_banner":1,"minecraft:rotten_flesh":3,"unusualprehistory:paleo_fossil":1,"fusion:bronze_axe":2,"sophisticatedbackpacks:backpack":1,"minecraft:potato":1,"farmersdelight:minced_beef":29,"minecraft:beef":10,"minecraft:stone_pickaxe":3},"minecraft:picked_up":{"minecraft:charcoal":3,"minecraft:crafting_table":11,"minecraft:wheat":4,"minecraft:allium":1,"minecraft:soul_soil":1,"unusualprehistory:paleo_fossil":1,"minecraft:cobbled_deepslate":40,"minecraft:beef":22,"minecraft:rose_bush":3,"unusualprehistory:plant_fossil_item":3,"minecraft:iron_nugget":5,"minecraft:poppy":1,"minecraft:iron_pickaxe":3,"biomesoplenty:redwood_wood":92,"minecraft:melon_slice":240,"minecraft:furnace":2,"unusualfishmod:raw_blind_sailfin":5,"minecraft:stick":230,"minecraft:deepslate_brick_wall":3,"farmersdelight:minced_beef":17,"minecraft:torch":12,"sophisticatedbackpacks:backpack":2,"minecraft:redstone":2,"alexsmobs:centipede_leg":1,"minecraft:stone_pressure_plate":3,"minecraft:rotten_flesh":22,"minecraft:arrow":11,"biomesoplenty:mahogany_sapling":1,"farmersdelight:onion":1,"unusualfishmod:raw_shockcat":8,"crittersandcompanions:silk":34,"create:veridium":1,"minecraft:saddle":1,"sophisticatedbackpacks:copper_backpack":1,"biomesoplenty:redwood_sapling":13,"fusion:bronze_axe":3,"minecraft:glow_berries":3,"minecraft:mutton":2,"minecraft:white_wool":1,"minecraft:cobblestone":133,"minecraft:stripped_oak_log":17,"minecraft:cooked_beef":2,"minecraft:glow_ink_sac":9,"minecraft:jungle_log":101,"minecraft:jungle_fence":1,"minecraft:potato":3,"minecraft:oak_log":142,"minecraft:yellow_bed":4,"minecraft:gunpowder":6,"minecraft:dirt":48,"minecraft:white_banner":1,"minecraft:name_tag":3,"biomemakeover:crude_fragment":2,"minecraft:bone":14,"minecraft:apple":3,"minecraft:wheat_seeds":10,"minecraft:rabbit_hide":12,"minecraft:iron_ingot":3,"minecraft:stone_pickaxe":3,"minecraft:gray_bed":1,"minecraft:book":24,"minecraft:smooth_basalt":1,"minecraft:chiseled_stone_bricks":2,"minecraft:dandelion":1,"unusualfishmod:raw_hatchetfish":6,"minecraft:jungle_planks":19,"minecraft:red_banner":1,"minecraft:white_bed":6,"minecraft:jungle_slab":2,"minecraft:spider_eye":5,"minecraft:mossy_cobblestone":2,"minecraft:leather_helmet":1,"biomemakeover:cladding_upgrade_smithing_template":1,"minecraft:stripped_jungle_log":4,"biomesoplenty:mahogany_log":28,"minecraft:stone_axe":1,"minecraft:crossbow":1,"minecraft:bone_meal":8,"minecraft:bread":2,"minecraft:rooted_dirt":1,"minecraft:baked_potato":11,"minecraft:oak_sapling":39,"minecraft:netherrack":14,"minecraft:coal":3,"unusualprehistory:mezo_fossil":1,"minecraft:ender_pearl":1},"minecraft:mined":{"alexsmobs:skunk_spray":3,"minecraft:stone_pressure_plate":3,"minecraft:white_bed":6,"minecraft:oak_sapling":10,"minecraft:mossy_cobblestone":2,"minecraft:jungle_slab":2,"minecraft:sculk_vein":1,"minecraft:jungle_leaves":3,"minecraft:jack_o_lantern":1,"minecraft:cave_vines_plant":1,"minecraft:dark_oak_fence":1,"minecraft:grass_block":26,"minecraft:jungle_planks":17,"minecraft:jungle_log":98,"minecraft:redstone_wire":2,"alexsmobs:leafcutter_ant_chamber":1,"minecraft:soul_campfire":1,"minecraft:rooted_dirt":2,"minecraft:chiseled_stone_bricks":2,"minecraft:furnace":2,"minecraft:iron_ore":10,"minecraft:bookshelf":8,"minecraft:cave_vines":5,"minecraft:deepslate_iron_ore":2,"biomesoplenty:mahogany_leaves":1,"minecraft:vine":8,"crittersandcompanions:silk_cocoon":9,"minecraft:stripped_jungle_log":4,"minecraft:stripped_oak_log":17,"minecraft:stone":105,"create:veridium":1,"minecraft:podzol":1,"minecraft:deepslate_redstone_ore":3,"minecraft:hanging_roots":2,"minecraft:deepslate_brick_wall":3,"minecraft:dandelion":1,"minecraft:crafting_table":7,"minecraft:melon":49,"minecraft:cobblestone":29,"minecraft:sculk":1,"minecraft:wall_torch":3,"biomesoplenty:mahogany_log":28,"minecraft:gray_bed":1,"minecraft:jungle_fence":1,"minecraft:yellow_bed":3,"minecraft:grass":29,"minecraft:oak_log":145,"minecraft:coal_ore":16,"minecraft:dirt":11,"minecraft:smooth_basalt":1,"minecraft:netherrack":14,"biomesoplenty:redwood_wood":93,"minecraft:oak_leaves":60,"minecraft:deepslate":41,"minecraft:fern":42},"minecraft:broken":{"minecraft:iron_pickaxe":1},"minecraft:killed":{"minecraft:spider":1,"minecraft:skeleton":5,"artifacts:mimic":1,"minecraft:zombie_villager":2,"alexsmobs:skunk":2,"crittersandcompanions:jumping_spider":1,"minecraft:ravager":1,"minecraft:sheep":1,"minecraft:pillager":1,"minecraft:zombie":19,"unusualfishmod:hatchet_fish":1,"alexsmobs:crow":1,"minecraft:cow":1}},"DataVersion":3465}