{"stats":{"minecraft:crafted":{"minecraft:crafting_table":2,"minecraft:iron_sword":1,"minecraft:jungle_planks":404,"minecraft:shield":2,"minecraft:stick":280,"minecraft:iron_ingot":3,"minecraft:stone_pickaxe":2},"minecraft:mined":{"minecraft:deepslate_redstone_ore":3,"minecraft:white_bed":6,"minecraft:jungle_slab":2,"minecraft:sculk_vein":1,"minecraft:jungle_leaves":3,"minecraft:crafting_table":1,"minecraft:melon":24,"minecraft:jungle_planks":1,"minecraft:jungle_log":98,"alexsmobs:leafcutter_ant_chamber":1,"minecraft:cobblestone":1,"minecraft:sculk":1,"minecraft:iron_ore":10,"minecraft:jungle_fence":1,"minecraft:oak_log":19,"minecraft:yellow_bed":3,"minecraft:grass":4,"minecraft:bookshelf":8,"minecraft:coal_ore":16,"minecraft:cave_vines":4,"minecraft:deepslate_iron_ore":2,"minecraft:vine":8,"biomesoplenty:mahogany_leaves":1,"crittersandcompanions:silk_cocoon":5,"minecraft:stripped_oak_log":9,"minecraft:stripped_jungle_log":4,"minecraft:smooth_basalt":1,"minecraft:stone":92,"create:veridium":1,"minecraft:deepslate":41,"minecraft:fern":22},"minecraft:picked_up":{"minecraft:stripped_oak_log":9,"minecraft:charcoal":2,"minecraft:crafting_table":5,"minecraft:wheat":4,"minecraft:allium":1,"minecraft:glow_ink_sac":9,"minecraft:jungle_log":101,"minecraft:jungle_fence":1,"minecraft:potato":3,"minecraft:oak_log":19,"minecraft:yellow_bed":4,"minecraft:dirt":13,"minecraft:white_banner":1,"minecraft:name_tag":3,"biomemakeover:crude_fragment":2,"minecraft:bone":13,"minecraft:apple":1,"minecraft:wheat_seeds":3,"unusualprehistory:paleo_fossil":1,"minecraft:cobbled_deepslate":40,"minecraft:rabbit_hide":12,"minecraft:iron_ingot":3,"minecraft:beef":10,"minecraft:stone_pickaxe":3,"minecraft:rose_bush":3,"unusualprehistory:plant_fossil_item":3,"minecraft:iron_nugget":1,"minecraft:poppy":1,"minecraft:iron_pickaxe":3,"minecraft:melon_slice":115,"minecraft:book":24,"minecraft:stick":197,"unusualfishmod:raw_blind_sailfin":5,"minecraft:smooth_basalt":1,"farmersdelight:minced_beef":12,"minecraft:torch":9,"unusualfishmod:raw_hatchetfish":6,"minecraft:jungle_planks":3,"minecraft:red_banner":1,"minecraft:white_bed":6,"minecraft:jungle_slab":2,"minecraft:spider_eye":1,"alexsmobs:centipede_leg":1,"minecraft:leather_helmet":1,"biomemakeover:cladding_upgrade_smithing_template":1,"minecraft:stripped_jungle_log":4,"minecraft:arrow":10,"minecraft:rotten_flesh":8,"minecraft:stone_axe":1,"farmersdelight:onion":1,"unusualfishmod:raw_shockcat":8,"crittersandcompanions:silk":21,"minecraft:crossbow":1,"minecraft:bone_meal":8,"create:veridium":1,"minecraft:saddle":1,"sophisticatedbackpacks:copper_backpack":1,"fusion:bronze_axe":1,"minecraft:baked_potato":11,"minecraft:oak_sapling":5,"minecraft:glow_berries":1,"minecraft:coal":2,"unusualprehistory:mezo_fossil":1,"minecraft:cobblestone":93},"minecraft:broken":{"minecraft:iron_pickaxe":1},"minecraft:killed":{"minecraft:zombie_villager":2,"minecraft:spider":1,"minecraft:ravager":1,"minecraft:skeleton":3,"minecraft:pillager":1,"minecraft:zombie":8,"unusualfishmod:hatchet_fish":1,"artifacts:mimic":1},"minecraft:custom":{"minecraft:interact_with_furnace":3,"spartanshields:shield_bash_hits":27,"minecraft:interact_with_anvil":1,"minecraft:mob_kills":18,"minecraft:interact_with_crafting_table":7,"minecraft:open_barrel":4,"minecraft:interact_with_loom":1,"minecraft:interact_with_campfire":11,"minecraft:raid_trigger":1,"minecraft:interact_with_grindstone":1,"minecraft:leave_game":2,"minecraft:time_since_death":3423,"minecraft:sleep_in_bed":3,"minecraft:climb_one_cm":41770,"minecraft:time_since_rest":3497,"minecraft:sprint_one_cm":424816,"minecraft:damage_taken":3597,"minecraft:walk_one_cm":388397,"minecraft:damage_blocked_by_shield":695,"minecraft:drop":23,"minecraft:damage_dealt":3761,"minecraft:play_time":116243,"minecraft:swim_one_cm":234,"minecraft:fly_one_cm":156777,"minecraft:talked_to_villager":1,"minecraft:raid_win":1,"minecraft:open_chest":67,"minecraft:crouch_one_cm":3355,"minecraft:sneak_time":1810,"minecraft:deaths":4,"minecraft:walk_under_water_one_cm":14225,"minecraft:jump":1814,"minecraft:interact_with_blast_furnace":2,"minecraft:total_world_time":116243,"minecraft:walk_on_water_one_cm":16333,"minecraft:interact_with_smoker":1,"minecraft:inspect_dispenser":2,"minecraft:fall_one_cm":44421},"minecraft:used":{"minecraft:stone_pickaxe":132,"minecraft:baked_potato":11,"minecraft:jungle_fence":1,"minecraft:shield":16,"minecraft:iron_sword":13,"minecraft:cookie":14,"minecraft:iron_chestplate":1,"minecraft:torch":9,"minecraft:glow_berries":1,"minecraft:crafting_table":2,"minecraft:white_bed":4,"fusion:bronze_axe":96,"fusion:steel_axe":169,"minecraft:bread":29,"minecraft:melon_slice":39,"minecraft:iron_pickaxe":45,"minecraft:iron_helmet":1,"minecraft:cobblestone":39,"alexsmobs:animal_dictionary":1,"minecraft:potato":5,"minecraft:yellow_bed":3},"minecraft:dropped":{"minecraft:enchanted_book":1,"minecraft:porkchop":4,"minecraft:red_banner":1,"minecraft:rotten_flesh":3,"unusualprehistory:paleo_fossil":1,"minecraft:stick":204,"minecraft:potato":1,"minecraft:torch":18,"minecraft:mutton":9,"paraglider:heart_container":1,"farmersdelight:minced_beef":24,"farmersdelight:bacon":7,"minecraft:beef":10,"minecraft:stone_pickaxe":3}},"DataVersion":3465}