{"stats":{"minecraft:picked_up":{"minecraft:jungle_fence":1,"minecraft:glow_berries":1},"minecraft:mined":{"minecraft:cave_vines":4,"minecraft:jungle_fence":1,"minecraft:fern":1},"minecraft:custom":{"minecraft:time_since_rest":493,"minecraft:open_chest":7,"minecraft:walk_one_cm":18270,"minecraft:crouch_one_cm":157,"minecraft:play_time":5768,"minecraft:interact_with_furnace":1,"minecraft:sprint_one_cm":39980,"minecraft:damage_taken":355,"minecraft:deaths":1,"minecraft:sneak_time":20,"minecraft:jump":108,"minecraft:time_since_death":469,"minecraft:walk_on_water_one_cm":74,"minecraft:total_world_time":5768,"minecraft:climb_one_cm":6634,"minecraft:talked_to_villager":1,"minecraft:fall_one_cm":2328,"minecraft:fly_one_cm":13326,"minecraft:inspect_dispenser":2},"minecraft:used":{"minecraft:glow_berries":1,"minecraft:bread":2,"minecraft:jungle_fence":1,"alexsmobs:animal_dictionary":1}},"DataVersion":3465}