{"stats":{"minecraft:crafted":{"minecraft:crafting_table":2,"minecraft:iron_sword":1,"minecraft:jungle_planks":148,"minecraft:stick":280,"minecraft:stone_pickaxe":2},"minecraft:picked_up":{"minecraft:crafting_table":1,"minecraft:wheat":4,"minecraft:glow_ink_sac":3,"minecraft:jungle_log":37,"minecraft:jungle_fence":1,"minecraft:yellow_bed":1,"minecraft:dirt":13,"minecraft:name_tag":3,"minecraft:bone":11,"unusualprehistory:paleo_fossil":1,"minecraft:cobbled_deepslate":40,"minecraft:rabbit_hide":6,"minecraft:stone_pickaxe":2,"unusualprehistory:plant_fossil_item":3,"minecraft:iron_nugget":1,"minecraft:iron_pickaxe":2,"minecraft:book":18,"minecraft:stick":192,"unusualfishmod:raw_blind_sailfin":5,"minecraft:smooth_basalt":1,"minecraft:torch":9,"unusualfishmod:raw_hatchetfish":6,"minecraft:jungle_planks":1,"minecraft:red_banner":1,"minecraft:white_bed":5,"minecraft:jungle_slab":2,"alexsmobs:centipede_leg":1,"minecraft:stripped_jungle_log":4,"minecraft:arrow":8,"minecraft:rotten_flesh":6,"unusualfishmod:raw_shockcat":4,"crittersandcompanions:silk":16,"minecraft:bone_meal":8,"create:veridium":1,"minecraft:baked_potato":5,"minecraft:glow_berries":1,"minecraft:coal":2,"minecraft:cobblestone":92},"minecraft:mined":{"minecraft:deepslate_redstone_ore":3,"minecraft:white_bed":5,"minecraft:jungle_slab":2,"minecraft:sculk_vein":1,"minecraft:jungle_leaves":3,"minecraft:crafting_table":1,"minecraft:jungle_planks":1,"minecraft:jungle_log":34,"minecraft:cobblestone":1,"minecraft:sculk":1,"minecraft:iron_ore":10,"minecraft:jungle_fence":1,"minecraft:yellow_bed":1,"minecraft:deepslate_iron_ore":2,"minecraft:bookshelf":6,"minecraft:coal_ore":16,"minecraft:cave_vines":4,"minecraft:vine":8,"crittersandcompanions:silk_cocoon":4,"minecraft:stripped_jungle_log":4,"minecraft:smooth_basalt":1,"minecraft:stone":91,"create:veridium":1,"minecraft:deepslate":41,"minecraft:fern":1},"minecraft:broken":{"minecraft:iron_pickaxe":1},"minecraft:killed":{"minecraft:zombie_villager":1,"minecraft:spider":1,"minecraft:skeleton":3,"minecraft:zombie":7,"unusualfishmod:hatchet_fish":1,"artifacts:mimic":1},"minecraft:custom":{"minecraft:interact_with_furnace":1,"minecraft:mob_kills":14,"minecraft:interact_with_anvil":1,"minecraft:interact_with_crafting_table":3,"minecraft:open_barrel":4,"minecraft:interact_with_campfire":5,"minecraft:interact_with_grindstone":1,"minecraft:time_since_death":58810,"minecraft:sleep_in_bed":3,"minecraft:climb_one_cm":37566,"minecraft:time_since_rest":48813,"minecraft:sprint_one_cm":236448,"minecraft:damage_taken":1988,"minecraft:walk_one_cm":228836,"minecraft:drop":12,"minecraft:damage_dealt":2182,"minecraft:swim_one_cm":234,"minecraft:talked_to_villager":1,"minecraft:fly_one_cm":64567,"minecraft:open_chest":22,"minecraft:crouch_one_cm":988,"minecraft:play_time":65768,"minecraft:deaths":2,"minecraft:sneak_time":224,"minecraft:walk_under_water_one_cm":3703,"minecraft:jump":1045,"minecraft:interact_with_blast_furnace":2,"minecraft:walk_on_water_one_cm":11535,"minecraft:interact_with_smoker":1,"minecraft:total_world_time":65768,"minecraft:fall_one_cm":29495,"minecraft:inspect_dispenser":2},"minecraft:used":{"minecraft:stone_pickaxe":132,"minecraft:jungle_fence":1,"minecraft:iron_sword":10,"minecraft:iron_chestplate":1,"minecraft:cookie":2,"minecraft:torch":7,"minecraft:glow_berries":1,"minecraft:crafting_table":2,"minecraft:white_bed":3,"fusion:steel_axe":91,"minecraft:bread":29,"minecraft:iron_pickaxe":43,"minecraft:iron_helmet":1,"minecraft:cobblestone":38,"alexsmobs:animal_dictionary":1},"minecraft:dropped":{"minecraft:enchanted_book":1,"minecraft:red_banner":1,"unusualprehistory:paleo_fossil":1,"minecraft:stick":204,"minecraft:torch":18,"minecraft:stone_pickaxe":3}},"DataVersion":3465}