{"stats":{"minecraft:mined":{"create:zinc_ore":66,"farmersdelight:onions":2,"minecraft:stripped_birch_log":2,"minecraft:grass_block":244,"unusualprehistory:plant_fossil":5,"minecraft:cobbled_deepslate":3,"minecraft:iron_ore":6,"minecraft:fire":38,"minecraft:stripped_spruce_log":3,"biomesoplenty:magic_log":125,"minecraft:red_tulip":2,"minecraft:dirt_path":6,"minecraft:white_tulip":1,"minecraft:stone":769,"biomesoplenty:fir_sign":1,"create:limestone":39,"minecraft:crafting_table":5,"minecraft:torch":2,"minecraft:calcite":58,"minecraft:rose_bush":3,"minecraft:mushroom_stem":6,"farmersdelight:cabbages":8,"minecraft:copper_ore":12,"minecraft:cobblestone":16,"biomesoplenty:sprout":18,"minecraft:oak_planks":7,"minecraft:diorite":4,"minecraft:wall_torch":5,"biomesoplenty:magic_planks":11,"minecraft:sweet_berry_bush":2,"minecraft:lilac":2,"minecraft:spruce_log":79,"minecraft:orange_tulip":1,"biomesoplenty:umbran_log":1,"minecraft:grass":17,"minecraft:oak_log":5,"minecraft:coal_ore":157,"minecraft:sunflower":9,"minecraft:dirt":326,"minecraft:red_mushroom_block":32,"minecraft:oak_leaves":1},"minecraft:broken":{"minecraft:iron_boots":1,"minecraft:iron_leggings":1,"minecraft:iron_axe":1,"minecraft:iron_helmet":1},"minecraft:used":{"minecraft:iron_shovel":593,"minecraft:flint_and_steel":48,"minecraft:chest":3,"minecraft:spruce_planks":8,"minecraft:shield":47,"minecraft:iron_sword":132,"minecraft:cooked_chicken":1,"minecraft:torch":13,"minecraft:dirt":30,"fusion:bronze_pickaxe":11,"minecraft:stripped_spruce_log":2,"minecraft:lava_bucket":14,"minecraft:lantern":1,"minecraft:iron_axe":302,"minecraft:sweet_berries":7,"mvw:iron_hammer":16,"minecraft:cobbled_deepslate":2,"farmersdelight:mutton_wrap":1,"minecraft:water_bucket":55,"securitycraft:reinforced_oak_planks":2,"minecraft:stripped_birch_log":1,"minecraft:oak_planks":7,"minecraft:ender_pearl":4,"minecraft:white_wool":1,"minecraft:red_bed":1,"minecraft:crafting_table":6,"biomesoplenty:magic_planks":190,"minecraft:spruce_log":2,"waystones:waystone":1,"minecraft:apple":1,"minecraft:bread":82,"minecraft:iron_pickaxe":1135,"minecraft:cobblestone":113,"minecraft:bucket":71,"alexsmobs:animal_dictionary":1,"minecraft:splash_potion":1},"minecraft:picked_up":{"minecraft:crafting_table":4,"minecraft:iron_chestplate":1,"minecraft:wheat":7,"minecraft:allium":1,"minecraft:splash_potion":2,"minecraft:chicken":3,"minecraft:lead":4,"fusion:bronze_pickaxe":2,"securitycraft:reinforced_oak_planks":2,"minecraft:iron_axe":1,"minecraft:string":15,"minecraft:red_bed":1,"minecraft:raw_copper":27,"create:limestone":39,"minecraft:compass":2,"minecraft:iron_shovel":12,"biomesoplenty:fir_sign":1,"minecraft:gold_nugget":4,"minecraft:cobbled_deepslate":6,"farmersdelight:cabbage":5,"minecraft:bucket":1,"minecraft:spruce_planks":57,"minecraft:beef":4,"minecraft:white_tulip":1,"minecraft:rose_bush":1,"minecraft:calcite":58,"unusualprehistory:plant_fossil_item":5,"alexsmobs:raccoon_tail":1,"minecraft:iron_nugget":2,"minecraft:poppy":1,"minecraft:iron_pickaxe":2,"minecraft:spruce_slab":51,"minecraft:chest":1,"farmersdelight:cabbage_seeds":20,"minecraft:egg":2,"minecraft:stick":63,"minecraft:torch":10,"minecraft:diorite":4,"mvw:iron_katana":1,"minecraft:rotten_flesh":23,"farmersdelight:onion":19,"minecraft:red_tulip":2,"minecraft:saddle":2,"minecraft:mutton":1,"minecraft:white_wool":2,"minecraft:cobblestone":1169,"minecraft:feather":8,"minecraft:lilac":2,"mvw:iron_bow":1,"minecraft:water_bucket":1,"minecraft:leather":11,"minecraft:red_mushroom":21,"alexsmobs:bear_fur":3,"minecraft:flint":4,"create:raw_zinc":3,"minecraft:oak_log":5,"unusualfishmod:raw_triple_twirl_pleco":1,"minecraft:gunpowder":3,"minecraft:stripped_birch_log":2,"farmersdelight:tomato":3,"minecraft:dirt":653,"minecraft:lantern":1,"securitycraft:sentry":1,"minecraft:name_tag":2,"minecraft:cooked_mutton":4,"minecraft:apple":1,"minecraft:orange_tulip":1,"minecraft:wheat_seeds":5,"minecraft:rabbit_hide":1,"minecraft:cooked_chicken":3,"minecraft:iron_ingot":15,"biomesoplenty:magic_log":119,"minecraft:oak_planks":71,"biomesoplenty:umbran_log":2,"biomesoplenty:magic_sapling":15,"minecraft:scaffolding":2,"minecraft:sweet_berries":15,"unusualfishmod:raw_rhino_tetra":1,"minecraft:poisonous_potato":1,"minecraft:gravel":1,"rotted:flusk_viscera":3,"minecraft:stripped_spruce_log":3,"minecraft:spruce_sapling":18,"minecraft:spruce_log":81,"minecraft:spruce_door":1,"alexsmobs:animal_dictionary":1,"securitycraft:universal_block_remover":1,"minecraft:diamond":1,"biomesoplenty:magic_planks":15,"waystones:waystone":1,"minecraft:bone_meal":1,"minecraft:chainmail_helmet":1,"minecraft:emerald":2,"minecraft:bread":7,"minecraft:oak_sapling":1,"rotted:rotten_brain":2,"minecraft:coal":78,"minecraft:ender_pearl":2,"minecraft:sunflower":8},"minecraft:custom":{"minecraft:mob_kills":41,"minecraft:interact_with_crafting_table":36,"minecraft:open_barrel":2,"minecraft:interact_with_campfire":4,"minecraft:bell_ring":1,"minecraft:leave_game":6,"minecraft:time_since_death":17536,"minecraft:climb_one_cm":602,"minecraft:sprint_one_cm":666057,"minecraft:walk_one_cm":979406,"minecraft:damage_blocked_by_shield":960,"minecraft:drop":637,"minecraft:talked_to_villager":2,"minecraft:play_time":277006,"minecraft:deaths":8,"minecraft:sneak_time":4618,"minecraft:walk_under_water_one_cm":143635,"minecraft:jump":3660,"minecraft:walk_on_water_one_cm":56007,"minecraft:total_world_time":277006,"spartanshields:shield_bash_hits":14,"minecraft:sleep_in_bed":26,"minecraft:time_since_rest":5693,"minecraft:waystone_activated":5,"minecraft:damage_taken":9776,"minecraft:damage_dealt":7593,"minecraft:swim_one_cm":16879,"minecraft:fly_one_cm":635558,"minecraft:open_chest":85,"minecraft:crouch_one_cm":12405,"minecraft:interact_with_smoker":1,"minecraft:fall_one_cm":134757},"minecraft:killed":{"alexsmobs:raccoon":3,"minecraft:vindicator":1,"rotted:doctor":2,"rotted:miner":2,"minecraft:chicken":3,"rotted:adventurer":6,"alexsmobs:grizzly_bear":1,"rotted:farmer":5,"rotted:flusk":1,"minecraft:wandering_trader":2,"unusualfishmod:rhino_tetra":1,"minecraft:sheep":1,"minecraft:trader_llama":4,"minecraft:pillager":1,"alexsmobs:crow":1,"minecraft:cow":3,"unusualfishmod:triple_twirl_pleco":1},"minecraft:crafted":{"mvw:iron_katana":1,"farmersdelight:mutton_wrap":1,"minecraft:flint_and_steel":1,"minecraft:bow":1,"minecraft:iron_boots":1,"mvw:iron_hammer":1,"minecraft:iron_axe":4,"minecraft:chest":3,"biomesoplenty:magic_planks":476,"paraglider:paraglider":1,"sophisticatedbackpacks:backpack":1,"minecraft:crafting_table":5,"minecraft:iron_helmet":1,"minecraft:iron_sword":1,"mvw:iron_bow":1,"minecraft:bucket":1,"sophisticatedbackpacks:upgrade_base":1,"biomesoplenty:fir_planks":20,"minecraft:iron_chestplate":1,"minecraft:shield":1,"minecraft:stick":156,"minecraft:iron_pickaxe":6,"minecraft:iron_shovel":11,"minecraft:iron_leggings":1,"minecraft:torch":128},"minecraft:dropped":{"minecraft:water_bucket":1,"minecraft:iron_ingot":1,"minecraft:bread":10,"minecraft:stripped_spruce_log":1,"minecraft:wheat_seeds":1,"minecraft:ender_pearl":2,"minecraft:poisonous_potato":1,"minecraft:orange_tulip":1,"minecraft:feather":8,"minecraft:cobblestone":416,"minecraft:leather":9,"minecraft:saddle":1,"minecraft:spruce_door":1,"minecraft:coal":41,"minecraft:red_mushroom":21,"minecraft:stick":25,"minecraft:flint":3,"minecraft:dirt":503,"minecraft:diorite":4,"minecraft:torch":4,"minecraft:rose_bush":1,"farmersdelight:onion":11,"minecraft:sunflower":1,"minecraft:iron_axe":1,"minecraft:iron_pickaxe":2,"minecraft:iron_shovel":16,"minecraft:white_wool":1,"minecraft:white_tulip":1,"minecraft:compass":1,"mvw:iron_bow":1,"minecraft:iron_nugget":1,"minecraft:cooked_chicken":2,"minecraft:cobbled_deepslate":3,"minecraft:wheat":2,"farmersdelight:cabbage":4,"minecraft:raw_iron":3,"minecraft:rotten_flesh":1,"minecraft:oak_planks":2,"mvw:iron_katana":1,"fusion:bronze_pickaxe":2,"securitycraft:universal_block_remover":1,"minecraft:potato":27,"biomesoplenty:umbran_log":1,"minecraft:iron_chestplate":1,"minecraft:beef":4,"minecraft:scaffolding":2}},"DataVersion":3465}