{"stats":{"minecraft:crafted":{"minecraft:crafting_table":2,"minecraft:iron_sword":1,"minecraft:jungle_planks":148,"minecraft:stick":280,"minecraft:stone_pickaxe":2},"minecraft:mined":{"minecraft:white_bed":5,"minecraft:jungle_slab":2,"minecraft:sculk_vein":1,"minecraft:jungle_leaves":3,"minecraft:crafting_table":1,"minecraft:jungle_planks":1,"minecraft:jungle_log":34,"minecraft:cobblestone":1,"minecraft:sculk":1,"minecraft:iron_ore":10,"minecraft:jungle_fence":1,"minecraft:yellow_bed":1,"minecraft:bookshelf":6,"minecraft:coal_ore":16,"minecraft:cave_vines":4,"minecraft:vine":8,"crittersandcompanions:silk_cocoon":4,"minecraft:stripped_jungle_log":4,"minecraft:smooth_basalt":1,"minecraft:stone":91,"create:veridium":1,"minecraft:deepslate":32,"minecraft:fern":1},"minecraft:picked_up":{"minecraft:crafting_table":1,"minecraft:jungle_log":37,"minecraft:jungle_fence":1,"minecraft:yellow_bed":1,"minecraft:dirt":13,"minecraft:name_tag":3,"minecraft:bone":7,"unusualprehistory:paleo_fossil":1,"minecraft:cobbled_deepslate":32,"minecraft:rabbit_hide":6,"unusualprehistory:plant_fossil_item":3,"minecraft:iron_nugget":1,"minecraft:book":18,"minecraft:stick":192,"unusualfishmod:raw_blind_sailfin":5,"minecraft:smooth_basalt":1,"minecraft:torch":9,"unusualfishmod:raw_hatchetfish":5,"minecraft:jungle_planks":1,"minecraft:red_banner":1,"minecraft:white_bed":5,"minecraft:jungle_slab":2,"alexsmobs:centipede_leg":1,"minecraft:stripped_jungle_log":4,"minecraft:arrow":3,"minecraft:rotten_flesh":5,"crittersandcompanions:silk":16,"minecraft:bone_meal":6,"create:veridium":1,"minecraft:baked_potato":5,"minecraft:glow_berries":1,"minecraft:coal":2,"minecraft:cobblestone":91},"minecraft:broken":{"minecraft:iron_pickaxe":1},"minecraft:killed":{"minecraft:spider":1,"minecraft:skeleton":2,"minecraft:zombie":3,"artifacts:mimic":1},"minecraft:custom":{"minecraft:interact_with_furnace":1,"minecraft:mob_kills":7,"minecraft:interact_with_anvil":1,"minecraft:interact_with_crafting_table":2,"minecraft:open_barrel":2,"minecraft:interact_with_campfire":5,"minecraft:interact_with_grindstone":1,"minecraft:time_since_death":46810,"minecraft:sleep_in_bed":3,"minecraft:climb_one_cm":37566,"minecraft:time_since_rest":36813,"minecraft:sprint_one_cm":192356,"minecraft:damage_taken":1604,"minecraft:walk_one_cm":191491,"minecraft:drop":10,"minecraft:damage_dealt":1343,"minecraft:swim_one_cm":234,"minecraft:talked_to_villager":1,"minecraft:fly_one_cm":48491,"minecraft:open_chest":21,"minecraft:crouch_one_cm":988,"minecraft:play_time":53768,"minecraft:deaths":2,"minecraft:sneak_time":224,"minecraft:walk_under_water_one_cm":2632,"minecraft:jump":750,"minecraft:interact_with_blast_furnace":2,"minecraft:walk_on_water_one_cm":5608,"minecraft:interact_with_smoker":1,"minecraft:total_world_time":53768,"minecraft:fall_one_cm":23132,"minecraft:inspect_dispenser":2},"minecraft:used":{"minecraft:stone_pickaxe":132,"minecraft:jungle_fence":1,"minecraft:iron_sword":8,"minecraft:iron_chestplate":1,"minecraft:torch":6,"minecraft:glow_berries":1,"minecraft:crafting_table":2,"minecraft:white_bed":3,"fusion:steel_axe":80,"minecraft:bread":22,"minecraft:iron_pickaxe":29,"minecraft:iron_helmet":1,"minecraft:cobblestone":38,"alexsmobs:animal_dictionary":1},"minecraft:dropped":{"minecraft:enchanted_book":1,"minecraft:red_banner":1,"minecraft:stick":204,"minecraft:torch":18,"minecraft:stone_pickaxe":2}},"DataVersion":3465}