{"stats":{"minecraft:mined":{"minecraft:crafting_table":1,"minecraft:grass_block":235,"minecraft:mushroom_stem":6,"minecraft:cobblestone":2,"biomesoplenty:sprout":5,"biomesoplenty:magic_planks":2,"minecraft:lilac":1,"minecraft:spruce_log":79,"biomesoplenty:magic_log":125,"minecraft:grass":5,"minecraft:oak_log":5,"minecraft:dirt_path":4,"minecraft:sunflower":5,"minecraft:dirt":306,"minecraft:red_mushroom_block":32,"minecraft:stone":161,"biomesoplenty:fir_sign":1},"minecraft:broken":{"minecraft:iron_axe":1},"minecraft:used":{"minecraft:water_bucket":13,"minecraft:flint_and_steel":1,"minecraft:iron_shovel":551,"minecraft:spruce_planks":8,"minecraft:shield":3,"minecraft:iron_sword":36,"minecraft:torch":1,"minecraft:dirt":29,"minecraft:crafting_table":2,"biomesoplenty:magic_planks":156,"minecraft:apple":1,"minecraft:lantern":1,"minecraft:iron_axe":276,"minecraft:bread":21,"minecraft:iron_pickaxe":164,"minecraft:cobblestone":1,"minecraft:bucket":14,"alexsmobs:animal_dictionary":1,"mvw:iron_hammer":4},"minecraft:picked_up":{"minecraft:crafting_table":1,"minecraft:wheat":1,"minecraft:lilac":2,"minecraft:water_bucket":1,"minecraft:leather":2,"minecraft:lead":2,"minecraft:red_mushroom":21,"alexsmobs:bear_fur":2,"minecraft:flint":4,"minecraft:oak_log":5,"minecraft:gunpowder":1,"minecraft:dirt":615,"minecraft:lantern":1,"minecraft:iron_shovel":2,"biomesoplenty:fir_sign":1,"minecraft:apple":1,"minecraft:wheat_seeds":3,"minecraft:gold_nugget":1,"minecraft:iron_ingot":11,"minecraft:beef":4,"biomesoplenty:magic_log":119,"minecraft:poppy":1,"minecraft:iron_pickaxe":1,"minecraft:egg":1,"biomesoplenty:magic_sapling":15,"minecraft:scaffolding":2,"minecraft:stick":49,"minecraft:torch":1,"minecraft:gravel":1,"minecraft:spruce_sapling":18,"minecraft:spruce_log":79,"mvw:iron_katana":1,"minecraft:rotten_flesh":9,"biomesoplenty:magic_planks":2,"minecraft:bread":5,"minecraft:oak_sapling":1,"rotted:rotten_brain":2,"minecraft:cobblestone":415,"minecraft:sunflower":4},"minecraft:custom":{"spartanshields:shield_bash_hits":3,"minecraft:mob_kills":12,"minecraft:interact_with_crafting_table":11,"minecraft:leave_game":2,"minecraft:time_since_death":83260,"minecraft:sleep_in_bed":12,"minecraft:climb_one_cm":341,"minecraft:time_since_rest":10457,"minecraft:sprint_one_cm":174459,"minecraft:damage_taken":1474,"minecraft:walk_one_cm":338045,"minecraft:damage_blocked_by_shield":55,"minecraft:drop":205,"minecraft:damage_dealt":2670,"minecraft:swim_one_cm":929,"minecraft:talked_to_villager":1,"minecraft:fly_one_cm":207954,"minecraft:open_chest":25,"minecraft:crouch_one_cm":8446,"minecraft:play_time":84207,"minecraft:deaths":1,"minecraft:sneak_time":2705,"minecraft:walk_under_water_one_cm":23283,"minecraft:jump":1099,"minecraft:walk_on_water_one_cm":5444,"minecraft:total_world_time":84207,"minecraft:fall_one_cm":29601},"minecraft:killed":{"rotted:farmer":3,"rotted:doctor":1,"minecraft:wandering_trader":1,"minecraft:trader_llama":2,"rotted:adventurer":3,"minecraft:cow":2},"minecraft:crafted":{"mvw:iron_katana":1,"minecraft:crafting_table":2,"minecraft:iron_helmet":1,"minecraft:iron_sword":1,"minecraft:bucket":1,"minecraft:flint_and_steel":1,"biomesoplenty:fir_planks":20,"minecraft:iron_boots":1,"minecraft:iron_chestplate":1,"mvw:iron_hammer":1,"minecraft:shield":1,"minecraft:iron_axe":1,"minecraft:stick":84,"minecraft:iron_pickaxe":1,"biomesoplenty:magic_planks":476,"minecraft:iron_shovel":11,"minecraft:iron_leggings":1},"minecraft:dropped":{"minecraft:bread":8,"minecraft:cobblestone":2,"minecraft:leather":2,"mvw:iron_katana":1,"minecraft:flint":3,"minecraft:stick":20,"minecraft:dirt":162,"minecraft:beef":4,"minecraft:scaffolding":2,"minecraft:iron_shovel":1}},"DataVersion":3465}