{"stats":{"minecraft:broken":{"minecraft:iron_axe":1},"minecraft:mined":{"create:zinc_ore":66,"minecraft:grass_block":239,"unusualprehistory:plant_fossil":5,"minecraft:iron_ore":6,"minecraft:fire":31,"biomesoplenty:magic_log":125,"minecraft:dirt_path":5,"minecraft:stone":563,"biomesoplenty:fir_sign":1,"create:limestone":39,"minecraft:crafting_table":3,"minecraft:calcite":58,"minecraft:mushroom_stem":6,"minecraft:copper_ore":12,"minecraft:cobblestone":2,"biomesoplenty:sprout":10,"minecraft:oak_planks":2,"minecraft:diorite":4,"minecraft:wall_torch":4,"biomesoplenty:magic_planks":4,"minecraft:sweet_berry_bush":2,"minecraft:lilac":2,"minecraft:spruce_log":79,"biomesoplenty:umbran_log":1,"minecraft:grass":13,"minecraft:oak_log":5,"minecraft:coal_ore":137,"minecraft:sunflower":9,"minecraft:dirt":316,"minecraft:red_mushroom_block":32},"minecraft:used":{"minecraft:iron_shovel":569,"minecraft:flint_and_steel":41,"minecraft:spruce_planks":8,"minecraft:chest":1,"minecraft:shield":28,"minecraft:iron_sword":85,"minecraft:torch":8,"minecraft:dirt":29,"minecraft:lantern":1,"minecraft:iron_axe":281,"mvw:iron_hammer":16,"minecraft:water_bucket":25,"minecraft:oak_planks":2,"minecraft:red_bed":1,"minecraft:crafting_table":5,"biomesoplenty:magic_planks":178,"waystones:waystone":1,"minecraft:apple":1,"minecraft:bread":53,"minecraft:iron_pickaxe":897,"minecraft:cobblestone":1,"minecraft:bucket":26,"alexsmobs:animal_dictionary":1},"minecraft:crafted":{"mvw:iron_katana":1,"minecraft:flint_and_steel":1,"minecraft:iron_boots":1,"minecraft:bow":1,"mvw:iron_hammer":1,"minecraft:iron_axe":4,"minecraft:chest":1,"biomesoplenty:magic_planks":476,"sophisticatedbackpacks:backpack":1,"minecraft:crafting_table":4,"minecraft:iron_helmet":1,"minecraft:iron_sword":1,"mvw:iron_bow":1,"minecraft:bucket":1,"sophisticatedbackpacks:upgrade_base":1,"biomesoplenty:fir_planks":20,"minecraft:iron_chestplate":1,"minecraft:shield":1,"minecraft:stick":148,"minecraft:iron_pickaxe":6,"minecraft:iron_shovel":11,"minecraft:iron_leggings":1,"minecraft:torch":128},"minecraft:custom":{"minecraft:mob_kills":26,"minecraft:interact_with_crafting_table":31,"minecraft:open_barrel":2,"minecraft:bell_ring":1,"minecraft:leave_game":5,"minecraft:time_since_death":4293,"minecraft:climb_one_cm":566,"minecraft:sprint_one_cm":390591,"minecraft:walk_one_cm":607056,"minecraft:damage_blocked_by_shield":675,"minecraft:drop":597,"minecraft:talked_to_villager":2,"minecraft:play_time":179158,"minecraft:deaths":3,"minecraft:sneak_time":3776,"minecraft:walk_under_water_one_cm":60160,"minecraft:jump":2394,"minecraft:walk_on_water_one_cm":18038,"minecraft:total_world_time":179158,"spartanshields:shield_bash_hits":10,"minecraft:sleep_in_bed":19,"minecraft:time_since_rest":4332,"minecraft:waystone_activated":2,"minecraft:damage_taken":6576,"minecraft:damage_dealt":5901,"minecraft:swim_one_cm":6340,"minecraft:fly_one_cm":435994,"minecraft:open_chest":66,"minecraft:crouch_one_cm":10376,"minecraft:interact_with_smoker":1,"minecraft:fall_one_cm":93493},"minecraft:killed":{"minecraft:vindicator":1,"rotted:doctor":1,"minecraft:chicken":3,"rotted:adventurer":4,"alexsmobs:grizzly_bear":1,"rotted:farmer":3,"minecraft:wandering_trader":2,"unusualfishmod:rhino_tetra":1,"minecraft:sheep":1,"minecraft:trader_llama":4,"minecraft:pillager":1,"minecraft:cow":3,"unusualfishmod:triple_twirl_pleco":1},"minecraft:picked_up":{"minecraft:crafting_table":3,"minecraft:iron_chestplate":1,"minecraft:wheat":3,"minecraft:allium":1,"minecraft:chicken":3,"minecraft:lead":4,"minecraft:string":15,"minecraft:red_bed":1,"minecraft:raw_copper":27,"create:limestone":39,"minecraft:compass":2,"minecraft:iron_shovel":12,"biomesoplenty:fir_sign":1,"minecraft:gold_nugget":2,"minecraft:spruce_planks":57,"minecraft:beef":4,"unusualprehistory:plant_fossil_item":5,"minecraft:calcite":58,"minecraft:iron_nugget":1,"minecraft:poppy":1,"minecraft:iron_pickaxe":2,"minecraft:spruce_slab":51,"minecraft:chest":1,"minecraft:egg":2,"minecraft:stick":63,"minecraft:torch":5,"minecraft:diorite":4,"mvw:iron_katana":1,"minecraft:rotten_flesh":9,"farmersdelight:onion":3,"minecraft:saddle":2,"minecraft:mutton":1,"minecraft:white_wool":1,"minecraft:cobblestone":957,"minecraft:feather":3,"minecraft:lilac":2,"minecraft:water_bucket":1,"minecraft:leather":6,"minecraft:red_mushroom":21,"alexsmobs:bear_fur":3,"minecraft:flint":4,"create:raw_zinc":3,"minecraft:oak_log":5,"unusualfishmod:raw_triple_twirl_pleco":1,"minecraft:gunpowder":3,"farmersdelight:tomato":1,"minecraft:dirt":629,"minecraft:lantern":1,"minecraft:name_tag":1,"minecraft:cooked_mutton":3,"minecraft:apple":1,"minecraft:wheat_seeds":4,"minecraft:iron_ingot":14,"biomesoplenty:magic_log":119,"minecraft:oak_planks":3,"biomesoplenty:umbran_log":2,"biomesoplenty:magic_sapling":15,"minecraft:scaffolding":2,"minecraft:sweet_berries":6,"unusualfishmod:raw_rhino_tetra":1,"minecraft:gravel":1,"minecraft:spruce_sapling":18,"minecraft:spruce_log":79,"alexsmobs:animal_dictionary":1,"biomesoplenty:magic_planks":8,"minecraft:bone_meal":1,"minecraft:emerald":2,"minecraft:bread":5,"minecraft:oak_sapling":1,"minecraft:coal":58,"rotted:rotten_brain":2,"minecraft:sunflower":7},"minecraft:dropped":{"minecraft:water_bucket":1,"minecraft:bread":8,"minecraft:wheat_seeds":1,"minecraft:cobblestone":416,"minecraft:leather":2,"minecraft:saddle":1,"minecraft:coal":41,"minecraft:red_mushroom":21,"minecraft:stick":22,"minecraft:flint":3,"minecraft:dirt":494,"minecraft:diorite":4,"minecraft:torch":4,"minecraft:iron_pickaxe":2,"minecraft:iron_shovel":16,"minecraft:compass":1,"minecraft:iron_nugget":1,"minecraft:wheat":2,"minecraft:raw_iron":3,"mvw:iron_katana":1,"biomesoplenty:umbran_log":1,"minecraft:iron_chestplate":1,"minecraft:beef":4,"minecraft:scaffolding":2}},"DataVersion":3465}