{"stats":{"minecraft:broken":{"minecraft:iron_axe":1},"minecraft:mined":{"create:zinc_ore":66,"minecraft:grass_block":239,"unusualprehistory:plant_fossil":5,"minecraft:iron_ore":6,"minecraft:fire":31,"biomesoplenty:magic_log":125,"minecraft:dirt_path":5,"minecraft:stone":563,"biomesoplenty:fir_sign":1,"create:limestone":39,"minecraft:crafting_table":2,"minecraft:calcite":58,"minecraft:mushroom_stem":6,"minecraft:copper_ore":12,"minecraft:cobblestone":2,"biomesoplenty:sprout":10,"minecraft:diorite":4,"minecraft:wall_torch":4,"biomesoplenty:magic_planks":2,"minecraft:sweet_berry_bush":2,"minecraft:lilac":2,"minecraft:spruce_log":79,"biomesoplenty:umbran_log":1,"minecraft:grass":8,"minecraft:oak_log":5,"minecraft:coal_ore":137,"minecraft:sunflower":9,"minecraft:dirt":316,"minecraft:red_mushroom_block":32},"minecraft:used":{"minecraft:iron_shovel":564,"minecraft:flint_and_steel":41,"minecraft:spruce_planks":8,"minecraft:chest":1,"minecraft:shield":24,"minecraft:iron_sword":79,"minecraft:torch":8,"minecraft:dirt":29,"minecraft:lantern":1,"minecraft:iron_axe":276,"mvw:iron_hammer":12,"minecraft:water_bucket":23,"minecraft:red_bed":1,"minecraft:crafting_table":3,"biomesoplenty:magic_planks":176,"waystones:waystone":1,"minecraft:apple":1,"minecraft:bread":41,"minecraft:iron_pickaxe":897,"minecraft:cobblestone":1,"minecraft:bucket":24,"alexsmobs:animal_dictionary":1},"minecraft:crafted":{"mvw:iron_katana":1,"minecraft:flint_and_steel":1,"minecraft:iron_boots":1,"minecraft:bow":1,"mvw:iron_hammer":1,"minecraft:iron_axe":4,"minecraft:chest":1,"biomesoplenty:magic_planks":476,"sophisticatedbackpacks:backpack":1,"minecraft:crafting_table":3,"minecraft:iron_helmet":1,"minecraft:iron_sword":1,"mvw:iron_bow":1,"minecraft:bucket":1,"sophisticatedbackpacks:upgrade_base":1,"biomesoplenty:fir_planks":20,"minecraft:iron_chestplate":1,"minecraft:shield":1,"minecraft:stick":148,"minecraft:iron_pickaxe":6,"minecraft:iron_shovel":11,"minecraft:iron_leggings":1,"minecraft:torch":128},"minecraft:custom":{"minecraft:mob_kills":22,"minecraft:interact_with_crafting_table":28,"minecraft:leave_game":5,"minecraft:time_since_death":11079,"minecraft:climb_one_cm":566,"minecraft:sprint_one_cm":287558,"minecraft:walk_one_cm":536703,"minecraft:damage_blocked_by_shield":600,"minecraft:drop":592,"minecraft:talked_to_villager":2,"minecraft:play_time":155158,"minecraft:deaths":2,"minecraft:sneak_time":3592,"minecraft:walk_under_water_one_cm":50340,"minecraft:jump":1937,"minecraft:walk_on_water_one_cm":12267,"minecraft:total_world_time":155158,"spartanshields:shield_bash_hits":9,"minecraft:sleep_in_bed":18,"minecraft:time_since_rest":2426,"minecraft:waystone_activated":1,"minecraft:damage_taken":2824,"minecraft:damage_dealt":5166,"minecraft:swim_one_cm":1072,"minecraft:fly_one_cm":327568,"minecraft:open_chest":46,"minecraft:crouch_one_cm":10310,"minecraft:interact_with_smoker":1,"minecraft:fall_one_cm":51069},"minecraft:killed":{"minecraft:vindicator":1,"rotted:doctor":1,"minecraft:chicken":3,"rotted:adventurer":4,"rotted:farmer":3,"minecraft:wandering_trader":2,"minecraft:trader_llama":4,"minecraft:pillager":1,"minecraft:cow":3},"minecraft:picked_up":{"minecraft:crafting_table":2,"minecraft:iron_chestplate":1,"minecraft:wheat":1,"minecraft:allium":1,"minecraft:chicken":3,"minecraft:lead":4,"minecraft:string":15,"minecraft:red_bed":1,"minecraft:raw_copper":27,"create:limestone":39,"minecraft:compass":2,"minecraft:iron_shovel":11,"biomesoplenty:fir_sign":1,"minecraft:gold_nugget":2,"minecraft:spruce_planks":57,"minecraft:beef":4,"unusualprehistory:plant_fossil_item":5,"minecraft:calcite":58,"minecraft:poppy":1,"minecraft:iron_pickaxe":2,"minecraft:spruce_slab":51,"minecraft:chest":1,"minecraft:egg":2,"minecraft:stick":63,"minecraft:torch":5,"minecraft:diorite":4,"mvw:iron_katana":1,"minecraft:rotten_flesh":9,"minecraft:saddle":2,"minecraft:cobblestone":957,"minecraft:feather":3,"minecraft:lilac":2,"minecraft:water_bucket":1,"minecraft:leather":6,"minecraft:red_mushroom":21,"alexsmobs:bear_fur":2,"minecraft:flint":4,"create:raw_zinc":3,"minecraft:oak_log":5,"minecraft:gunpowder":3,"minecraft:dirt":629,"minecraft:lantern":1,"minecraft:name_tag":1,"minecraft:cooked_mutton":3,"minecraft:apple":1,"minecraft:wheat_seeds":3,"minecraft:iron_ingot":14,"biomesoplenty:magic_log":119,"minecraft:oak_planks":1,"biomesoplenty:umbran_log":2,"biomesoplenty:magic_sapling":15,"minecraft:scaffolding":2,"minecraft:sweet_berries":6,"minecraft:gravel":1,"minecraft:spruce_sapling":18,"minecraft:spruce_log":79,"alexsmobs:animal_dictionary":1,"biomesoplenty:magic_planks":6,"minecraft:emerald":2,"minecraft:bread":5,"minecraft:oak_sapling":1,"minecraft:coal":58,"rotted:rotten_brain":2,"minecraft:sunflower":7},"minecraft:dropped":{"minecraft:water_bucket":1,"minecraft:bread":8,"minecraft:cobblestone":416,"minecraft:leather":2,"minecraft:saddle":1,"minecraft:coal":41,"minecraft:red_mushroom":21,"minecraft:stick":22,"minecraft:flint":3,"minecraft:dirt":494,"minecraft:diorite":4,"minecraft:torch":4,"minecraft:iron_pickaxe":2,"minecraft:iron_shovel":15,"minecraft:compass":1,"minecraft:raw_iron":3,"mvw:iron_katana":1,"biomesoplenty:umbran_log":1,"minecraft:iron_chestplate":1,"minecraft:beef":4,"minecraft:scaffolding":2}},"DataVersion":3465}