{"stats":{"minecraft:mined":{"minecraft:red_bed":1,"minecraft:candle":1,"minecraft:crafting_table":3,"biomesoplenty:bush":2,"minecraft:grass_block":5,"minecraft:decorated_pot":1,"minecraft:chest":1,"minecraft:tall_grass":22,"minecraft:copper_ore":8,"biomesoplenty:jacaranda_sapling":5,"minecraft:wall_torch":1,"minecraft:chain":1,"biomesoplenty:jacaranda_log":106,"biomesoplenty:tall_lavender":12,"minecraft:furnace":2,"biomesoplenty:lavender":41,"minecraft:spruce_log":6,"minecraft:grass":87,"minecraft:coal_ore":23,"minecraft:lantern":1,"minecraft:gravel":8,"minecraft:dirt":10,"minecraft:stone":101,"farmersdelight:wild_potatoes":4},"minecraft:killed":{"rotted:doctor":1,"minecraft:sheep":3,"minecraft:skeleton":2},"minecraft:custom":{"minecraft:interact_with_furnace":3,"minecraft:mob_kills":6,"minecraft:animals_bred":1,"minecraft:interact_with_crafting_table":8,"minecraft:leave_game":1,"minecraft:time_since_death":44983,"minecraft:time_since_rest":44983,"minecraft:waystone_activated":1,"minecraft:sprint_one_cm":247150,"minecraft:damage_taken":519,"minecraft:walk_one_cm":155053,"minecraft:drop":7,"minecraft:damage_dealt":756,"minecraft:swim_one_cm":5647,"minecraft:fly_one_cm":226704,"minecraft:open_chest":1,"minecraft:crouch_one_cm":2040,"minecraft:play_time":44983,"minecraft:sneak_time":842,"minecraft:walk_under_water_one_cm":1337,"minecraft:jump":972,"minecraft:walk_on_water_one_cm":8455,"minecraft:total_world_time":44983,"minecraft:fall_one_cm":24927},"minecraft:broken":{"minecraft:wooden_axe":2,"minecraft:wooden_pickaxe":1},"minecraft:picked_up":{"biomesoplenty:lavender":36,"minecraft:shelter_pottery_sherd":1,"minecraft:crafting_table":3,"minecraft:brown_wool":2,"minecraft:wooden_pickaxe":1,"biomesoplenty:jacaranda_sapling":20,"minecraft:flint":2,"minecraft:brick":3,"minecraft:dirt":14,"minecraft:red_bed":1,"minecraft:lantern":1,"biomesoplenty:tall_lavender":10,"minecraft:bone":1,"minecraft:wheat_seeds":12,"minecraft:candle":4,"minecraft:stone_pickaxe":1,"minecraft:light_gray_wool":1,"minecraft:egg":3,"minecraft:furnace":2,"minecraft:stick":6,"minecraft:torch":1,"minecraft:gravel":6,"minecraft:spruce_sapling":1,"minecraft:spruce_log":6,"alexsmobs:animal_dictionary":2,"minecraft:arrow":1,"biomesoplenty:jacaranda_log":38,"waystones:waystone":1,"minecraft:bread":2,"minecraft:black_wool":1,"minecraft:coal":10,"minecraft:mutton":5,"minecraft:white_wool":6,"minecraft:cobblestone":108},"minecraft:crafted":{"minecraft:purple_wool":6,"biomesoplenty:jacaranda_planks":52,"minecraft:purple_bed":2,"minecraft:spruce_planks":24,"minecraft:cooked_chicken":3,"minecraft:purple_dye":6,"minecraft:stick":8,"minecraft:wooden_axe":3,"minecraft:stone_sword":1},"minecraft:dropped":{"minecraft:gravel":4,"minecraft:bread":1,"minecraft:cooked_chicken":2,"alexsmobs:animal_dictionary":2,"minecraft:wooden_axe":1},"minecraft:used":{"minecraft:stone_sword":46,"minecraft:stone_pickaxe":90,"minecraft:wooden_pickaxe":58,"minecraft:cooked_chicken":1,"minecraft:crafting_table":1,"minecraft:wooden_axe":211,"minecraft:bread":12,"minecraft:purple_bed":1,"minecraft:furnace":1,"alexsmobs:animal_dictionary":1}},"DataVersion":3465}