{"stats":{"minecraft:broken":{"minecraft:stone_sword":1,"minecraft:stone_pickaxe":1,"minecraft:stone_axe":1,"minecraft:iron_pickaxe":2},"minecraft:dropped":{"minecraft:iron_ingot":3,"farmersdelight:tomato_seeds":3,"minecraft:water_bucket":1,"minecraft:bread":25,"minecraft:wheat_seeds":22,"minecraft:crafting_table":1,"minecraft:feather":1,"minecraft:iron_helmet":1,"minecraft:torch":3,"minecraft:stone_button":18,"minecraft:tripwire_hook":1,"minecraft:redstone":137,"minecraft:dandelion":1,"minecraft:gravel":1,"biomesoplenty:toadstool":3,"minecraft:moss_carpet":6,"minecraft:raw_copper":1,"minecraft:bowl":2,"minecraft:raw_iron":4,"minecraft:rotten_flesh":4,"minecraft:iron_hoe":2,"securitycraft:sentry":1,"biomesoplenty:fir_planks":1,"minecraft:iron_chestplate":3,"minecraft:golden_leggings":3},"minecraft:crafted":{"minecraft:oak_planks":12,"minecraft:raw_iron":81,"ironfurnaces:gold_furnace":1,"minecraft:cooked_chicken":1,"minecraft:furnace":2,"minecraft:stone_button":9,"ironfurnaces:iron_furnace":1,"minecraft:stone":0,"minecraft:heavy_weighted_pressure_plate":1,"minecraft:raw_copper_block":3,"minecraft:cooked_mutton":2,"minecraft:iron_boots":1,"minecraft:raw_copper":9,"minecraft:iron_axe":1,"minecraft:iron_hoe":2,"minecraft:redstone_block":1,"minecraft:dark_oak_planks":20,"minecraft:smoker":1,"minecraft:raw_iron_block":7,"sophisticatedbackpacks:iron_backpack":2,"minecraft:crafting_table":1,"minecraft:iron_helmet":2,"minecraft:bowl":4,"minecraft:copper_ingot":0,"sophisticatedbackpacks:gold_backpack":1,"minecraft:gold_block":1,"minecraft:bucket":1,"minecraft:stone_axe":1,"minecraft:air":0,"create:raw_zinc_block":2,"minecraft:iron_chestplate":2,"minecraft:shield":2,"minecraft:stick":12,"minecraft:iron_ingot":120,"minecraft:iron_pickaxe":2,"minecraft:iron_leggings":1,"minecraft:gold_ingot":51,"minecraft:torch":4},"minecraft:used":{"ironfurnaces:gold_furnace":1,"sophisticatedbackpacks:iron_backpack":4,"minecraft:stone_sword":33,"minecraft:shield":26,"minecraft:rotten_flesh":5,"minecraft:torch":26,"minecraft:dirt":1,"minecraft:carrot":1,"minecraft:tuff":10,"minecraft:iron_hoe":185,"minecraft:lava_bucket":2,"minecraft:iron_axe":4,"ironfurnaces:iron_furnace":1,"minecraft:furnace":1,"minecraft:egg":1,"minecraft:cobbled_deepslate":207,"minecraft:water_bucket":123,"minecraft:stone_pickaxe":81,"create:crimsite":1,"minecraft:crafting_table":14,"biomesoplenty:orange_autumn_sapling":9,"minecraft:smoker":1,"minecraft:bread":66,"minecraft:iron_pickaxe":525,"biomesoplenty:toadstool":1,"minecraft:stone_axe":85,"minecraft:cobblestone":8,"minecraft:andesite":9,"minecraft:bucket":126,"alexsmobs:animal_dictionary":1},"minecraft:picked_up":{"minecraft:crafting_table":14,"minecraft:iron_chestplate":3,"minecraft:chicken":1,"biomesoplenty:orange_autumn_sapling":4,"alexsmobs:bone_serpent_tooth":1,"minecraft:polished_deepslate":3,"minecraft:string":6,"minecraft:moss_carpet":3,"minecraft:raw_copper":31,"minecraft:oak_sign":2,"minecraft:deepslate_tiles":5,"minecraft:cobbled_deepslate":443,"biomesoplenty:fir_planks":1,"minecraft:beef":6,"minecraft:furnace":1,"minecraft:egg":1,"minecraft:stick":3,"minecraft:raw_iron":115,"minecraft:oak_fence":2,"minecraft:torch":21,"minecraft:bowl":4,"minecraft:stone_button":9,"minecraft:carrot":1,"minecraft:redstone":156,"alexsmobs:centipede_leg":1,"minecraft:rotten_flesh":9,"alexsmobs:chorus_on_a_stick":1,"ironfurnaces:gold_furnace":1,"minecraft:polished_basalt":2,"minecraft:saddle":2,"sophisticatedbackpacks:copper_backpack":1,"minecraft:bone_block":5,"minecraft:mutton":2,"minecraft:white_wool":1,"minecraft:cobblestone":43,"minecraft:birch_log":2,"minecraft:feather":2,"minecraft:cooked_beef":6,"minecraft:tripwire_hook":1,"minecraft:glow_ink_sac":18,"minecraft:water_bucket":1,"minecraft:andesite":11,"minecraft:golden_leggings":2,"minecraft:smoker":1,"alexsmobs:bear_fur":2,"minecraft:tuff":51,"create:raw_zinc":44,"minecraft:oak_log":11,"minecraft:lapis_lazuli":48,"minecraft:dirt":13,"securitycraft:sentry":1,"minecraft:bone":15,"minecraft:apple":2,"minecraft:wheat_seeds":22,"minecraft:raw_gold":29,"minecraft:iron_ingot":11,"ironfurnaces:iron_furnace":1,"biomesoplenty:toadstool":5,"create:cogwheel":6,"minecraft:quartz":2,"minecraft:dandelion":1,"minecraft:raw_iron_block":2,"minecraft:gravel":5,"minecraft:dark_oak_log":5,"minecraft:spider_eye":1,"minecraft:iron_hoe":1,"create:crimsite":1,"minecraft:slime_ball":6,"minecraft:diamond":33,"minecraft:bread":18,"minecraft:coal":38,"sereneseasons:calendar":1},"minecraft:killed":{"minecraft:cave_spider":3,"minecraft:spider":1,"minecraft:slime":5,"minecraft:skeleton":1,"alexsmobs:blue_jay":1,"minecraft:chicken":1,"alexsmobs:centipede_head":1,"alexsmobs:triops":1,"alexsmobs:grizzly_bear":1,"minecraft:sheep":1,"alexsmobs:crocodile":1,"minecraft:zombie":6,"alexsmobs:komodo_dragon":1,"minecraft:cow":2},"minecraft:custom":{"minecraft:mob_kills":26,"minecraft:interact_with_crafting_table":46,"minecraft:open_barrel":6,"goblintraders:trade_with_goblin":73,"minecraft:leave_game":2,"minecraft:time_since_death":12001,"minecraft:sprint_one_cm":213377,"minecraft:walk_one_cm":574427,"minecraft:damage_blocked_by_shield":1146,"minecraft:drop":50,"minecraft:damage_dealt_absorbed":80,"minecraft:play_time":188061,"minecraft:deaths":5,"minecraft:sneak_time":8008,"minecraft:walk_under_water_one_cm":72115,"minecraft:jump":3604,"minecraft:walk_on_water_one_cm":76604,"minecraft:total_world_time":188061,"minecraft:interact_with_furnace":43,"minecraft:sleep_in_bed":1,"minecraft:time_since_rest":12070,"minecraft:waystone_activated":2,"minecraft:damage_taken":11139,"minecraft:damage_dealt":4330,"minecraft:swim_one_cm":27442,"minecraft:fly_one_cm":516973,"minecraft:open_chest":44,"minecraft:crouch_one_cm":24255,"minecraft:interact_with_smoker":5,"minecraft:fall_one_cm":142242},"minecraft:mined":{"create:zinc_ore":2,"minecraft:deepslate_tiles":5,"create:deepslate_zinc_ore":42,"minecraft:tuff":44,"minecraft:deepslate_diamond_ore":31,"minecraft:sculk_vein":38,"minecraft:dark_oak_log":5,"minecraft:grass_block":2,"minecraft:tall_seagrass":1,"minecraft:raw_iron_block":2,"minecraft:sculk_catalyst":2,"minecraft:furnace":1,"ironfurnaces:gold_furnace":1,"biomesoplenty:toadstool":1,"minecraft:polished_basalt":2,"minecraft:iron_ore":24,"minecraft:cobbled_deepslate":15,"minecraft:andesite":10,"minecraft:deepslate_lapis_ore":7,"minecraft:polished_deepslate":3,"minecraft:oak_sign":2,"minecraft:deepslate_iron_ore":71,"biomesoplenty:spider_egg":1,"minecraft:stone":4,"minecraft:deepslate_redstone_ore":37,"minecraft:smoker":1,"minecraft:soul_fire":1,"minecraft:dandelion":1,"ironfurnaces:iron_furnace":1,"minecraft:oak_fence":2,"minecraft:crafting_table":13,"minecraft:torch":11,"minecraft:sculk_sensor":1,"minecraft:tall_grass":4,"minecraft:copper_ore":10,"minecraft:cobblestone":3,"minecraft:deepslate_gold_ore":29,"minecraft:sculk":155,"minecraft:wall_torch":5,"minecraft:deepslate_copper_ore":1,"biomesoplenty:orange_autumn_sapling":3,"minecraft:grass":42,"minecraft:oak_log":14,"minecraft:coal_ore":22,"minecraft:gravel":4,"create:crimsite":1,"minecraft:deepslate":219}},"DataVersion":3465}