{"stats":{"minecraft:picked_up":{"minecraft:wooden_axe":1,"biomesoplenty:lavender":19,"minecraft:crafting_table":1,"minecraft:feather":1,"minecraft:chicken":4,"minecraft:brown_wool":2,"biomesoplenty:jacaranda_sapling":17,"minecraft:chain":1,"minecraft:string":4,"minecraft:dirt":10,"biomesoplenty:tall_lavender":9,"minecraft:kelp":12,"minecraft:wheat_seeds":3,"minecraft:stone_pickaxe":1,"minecraft:cooked_chicken":2,"minecraft:poppy":1,"minecraft:chest":1,"minecraft:raw_iron":5,"minecraft:stick":14,"minecraft:gravel":6,"minecraft:carrot":1,"alexsmobs:animal_dictionary":1,"minecraft:stone_sword":1,"minecraft:arrow":2,"minecraft:purple_bed":1,"biomesoplenty:jacaranda_log":81,"waystones:waystone":1,"minecraft:gold_ingot":1,"minecraft:oak_sapling":1,"minecraft:black_wool":1,"minecraft:mutton":11,"alexsmobs:lobster_tail":1,"minecraft:white_wool":3,"minecraft:cobblestone":19},"minecraft:broken":{"minecraft:wooden_axe":1},"minecraft:mined":{"biomesoplenty:jacaranda_leaves":1,"minecraft:kelp_plant":1,"minecraft:crafting_table":1,"minecraft:grass_block":2,"minecraft:poppy":1,"minecraft:tall_grass":9,"minecraft:purple_bed":1,"biomesoplenty:jacaranda_log":37,"biomesoplenty:tall_lavender":4,"minecraft:iron_ore":5,"minecraft:ice":1,"biomesoplenty:lavender":16,"minecraft:spruce_log":1,"minecraft:bee_nest":2,"minecraft:grass":25,"minecraft:coal_ore":13,"minecraft:dirt":7,"minecraft:gravel":2,"minecraft:cobweb":4,"minecraft:stone":27},"minecraft:custom":{"minecraft:interact_with_furnace":4,"minecraft:mob_kills":13,"minecraft:interact_with_crafting_table":7,"minecraft:leave_game":1,"minecraft:time_since_death":41399,"minecraft:time_since_rest":41399,"minecraft:waystone_activated":1,"minecraft:sprint_one_cm":241519,"minecraft:damage_taken":490,"minecraft:walk_one_cm":124671,"minecraft:drop":26,"minecraft:damage_dealt":1285,"minecraft:swim_one_cm":18417,"minecraft:fly_one_cm":149367,"minecraft:open_chest":1,"minecraft:crouch_one_cm":3265,"minecraft:play_time":41399,"minecraft:sneak_time":1090,"minecraft:walk_under_water_one_cm":7027,"minecraft:jump":896,"minecraft:walk_on_water_one_cm":4829,"minecraft:total_world_time":41399,"minecraft:fall_one_cm":17331},"minecraft:crafted":{"biomesoplenty:jacaranda_planks":24,"minecraft:crafting_table":2,"minecraft:wooden_pickaxe":2,"minecraft:furnace":1,"minecraft:stick":4,"minecraft:stone_pickaxe":2,"minecraft:stone_sword":1,"minecraft:torch":8},"minecraft:dropped":{"minecraft:bread":1,"biomesoplenty:jacaranda_sapling":17,"minecraft:wheat_seeds":3,"minecraft:stone_sword":1,"alexsmobs:animal_dictionary":1,"biomesoplenty:lavender":10,"minecraft:mutton":1,"minecraft:brown_wool":2,"minecraft:stone_pickaxe":2,"minecraft:wooden_pickaxe":1,"minecraft:white_wool":3,"biomesoplenty:tall_lavender":5,"minecraft:black_wool":1},"minecraft:killed":{"alexsmobs:lobster":1,"rotted:farmer":1,"minecraft:sheep":7,"minecraft:chicken":4},"minecraft:used":{"minecraft:stone_sword":107,"minecraft:stone_pickaxe":21,"minecraft:wooden_pickaxe":48,"minecraft:cooked_chicken":2,"minecraft:torch":1,"minecraft:dirt":6,"minecraft:crafting_table":3,"waystones:waystone":1,"minecraft:wooden_axe":52,"minecraft:bread":10,"biomesoplenty:jacaranda_log":4,"minecraft:cobblestone":2,"minecraft:furnace":1,"alexsmobs:animal_dictionary":1}},"DataVersion":3465}