{"stats":{"minecraft:mined":{"minecraft:grass":18,"minecraft:tall_seagrass":2,"minecraft:dead_bush":2,"minecraft:tall_grass":2,"biomesoplenty:wildflower":1,"minecraft:spruce_leaves":1,"minecraft:spruce_log":3,"minecraft:acacia_log":2,"minecraft:crafting_table":1},"minecraft:killed_by":{"minecraft:player":3},"minecraft:used":{"minecraft:wooden_axe":1,"minecraft:wooden_sword":14,"minecraft:crafting_table":1},"minecraft:picked_up":{"minecraft:crafting_table":1,"minecraft:stick":1,"minecraft:spruce_fence_gate":449,"minecraft:acacia_log":2,"minecraft:wheat_seeds":1,"minecraft:spruce_log":3},"minecraft:custom":{"minecraft:time_since_rest":328,"minecraft:crouch_one_cm":464,"minecraft:walk_one_cm":36783,"minecraft:play_time":11339,"minecraft:sprint_one_cm":57881,"minecraft:damage_taken":1724,"minecraft:deaths":5,"minecraft:sneak_time":253,"minecraft:walk_under_water_one_cm":1650,"minecraft:drop":3,"minecraft:jump":288,"minecraft:damage_dealt":368,"minecraft:time_since_death":309,"minecraft:walk_on_water_one_cm":1773,"minecraft:total_world_time":11339,"minecraft:swim_one_cm":9617,"minecraft:interact_with_crafting_table":1,"minecraft:fall_one_cm":9572,"minecraft:fly_one_cm":64401,"minecraft:player_kills":1},"minecraft:crafted":{"minecraft:wooden_sword":1,"minecraft:crafting_table":1,"minecraft:spruce_planks":12,"minecraft:stick":4,"minecraft:wooden_axe":1},"minecraft:dropped":{"minecraft:spruce_fence_gate":3}},"DataVersion":3465}