{"stats":{"minecraft:mined":{"minecraft:white_terracotta":2,"minecraft:tall_seagrass":2,"minecraft:furnace":1,"minecraft:red_bed":1,"biomesoplenty:wildflower":1,"biomesoplenty:desert_grass":1,"minecraft:spruce_log":3,"minecraft:crafting_table":4,"minecraft:grass":24,"minecraft:acacia_log":14,"minecraft:chest":1,"minecraft:grass_block":9,"minecraft:dirt_path":1,"minecraft:dead_bush":2,"minecraft:acacia_fence":1,"minecraft:dirt":5,"minecraft:tall_grass":3,"minecraft:acacia_planks":3,"minecraft:spruce_leaves":1,"minecraft:stone":17},"minecraft:killed_by":{"minecraft:player":3},"minecraft:used":{"minecraft:wooden_axe":22,"minecraft:stone_sword":17,"minecraft:wooden_pickaxe":29,"minecraft:white_terracotta":1,"minecraft:wooden_sword":14,"minecraft:dirt":11,"minecraft:cobblestone":15,"minecraft:crafting_table":3,"minecraft:porkchop":1,"minecraft:acacia_planks":20},"minecraft:picked_up":{"minecraft:stick":2,"minecraft:crafting_table":4,"minecraft:acacia_fence":1,"minecraft:acacia_log":14,"minecraft:porkchop":1,"minecraft:spruce_log":3,"minecraft:dirt":13,"minecraft:red_bed":1,"minecraft:spruce_fence_gate":449,"minecraft:acacia_planks":3,"minecraft:rotten_flesh":3,"minecraft:wheat_seeds":1,"minecraft:saddle":1,"minecraft:emerald":1,"alexsmobs:emu_egg":1,"minecraft:bread":3,"minecraft:white_terracotta":2,"minecraft:chest":1,"minecraft:acacia_sapling":4,"farmersdelight:cabbage_seeds":3,"minecraft:furnace":1,"minecraft:cobblestone":17},"minecraft:custom":{"minecraft:time_since_rest":2865,"minecraft:sprint_one_cm":111251,"minecraft:damage_taken":2609,"minecraft:walk_one_cm":67255,"minecraft:mob_kills":1,"minecraft:drop":4,"minecraft:damage_dealt":675,"minecraft:interact_with_crafting_table":6,"minecraft:swim_one_cm":9622,"minecraft:fly_one_cm":128841,"minecraft:player_kills":1,"minecraft:crouch_one_cm":464,"minecraft:play_time":23339,"minecraft:deaths":8,"minecraft:sneak_time":268,"minecraft:walk_under_water_one_cm":1991,"minecraft:jump":610,"minecraft:walk_on_water_one_cm":2150,"minecraft:time_since_death":2851,"minecraft:sleep_in_bed":1,"minecraft:total_world_time":23339,"minecraft:fall_one_cm":20423},"minecraft:killed":{"minecraft:pig":1},"minecraft:crafted":{"minecraft:wooden_sword":2,"minecraft:crafting_table":2,"minecraft:spruce_planks":12,"minecraft:stick":12,"minecraft:wooden_pickaxe":1,"minecraft:wooden_axe":3,"minecraft:stone_sword":1,"minecraft:acacia_planks":56},"minecraft:dropped":{"minecraft:wooden_axe":1,"minecraft:spruce_fence_gate":3}},"DataVersion":3465}