{"stats":{"minecraft:broken":{"minecraft:iron_helmet":1,"minecraft:stone_shovel":1},"minecraft:dropped":{"minecraft:iron_ingot":4,"minecraft:iron_sword":2,"minecraft:wheat_seeds":70,"minecraft:oak_log":1,"minecraft:crafting_table":1,"biomesoplenty:maple_sapling":3,"minecraft:cobblestone":173,"minecraft:glow_berries":2,"minecraft:stick":9,"create:andesite_casing":43,"minecraft:dirt":37,"minecraft:iron_pickaxe":2,"create:raw_zinc":1,"alexsmobs:maggot":5,"biomesoplenty:yellow_autumn_sapling":2,"minecraft:stone_shovel":1,"minecraft:rotten_flesh":2,"minecraft:oak_planks":1,"biomesoplenty:orange_autumn_sapling":2,"minecraft:white_terracotta":1,"create:mechanical_bearing":1,"minecraft:carrot":1,"minecraft:diamond_sword":1,"minecraft:poppy":11,"minecraft:stone":86,"minecraft:gunpowder":2,"minecraft:egg":1},"minecraft:used":{"minecraft:stone_sword":8,"minecraft:stone_shovel":351,"minecraft:poppy":13,"minecraft:oak_sign":7,"minecraft:shield":16,"minecraft:stone":64,"minecraft:iron_sword":203,"create:mechanical_bearing":1,"minecraft:torch":33,"minecraft:dirt":771,"minecraft:glass":2,"minecraft:lava_bucket":4,"create:wrench":1,"minecraft:egg":5,"minecraft:cooked_mutton":4,"minecraft:water_bucket":108,"minecraft:stone_pickaxe":78,"minecraft:oak_planks":13,"biomesoplenty:fir_planks":2,"minecraft:glow_berries":18,"biomesoplenty:fir_slab":5,"minecraft:lime_bed":1,"minecraft:apple":3,"minecraft:bread":6,"minecraft:iron_pickaxe":223,"minecraft:diamond_sword":4,"minecraft:cobblestone":54,"minecraft:bucket":112,"alexsmobs:animal_dictionary":2,"minecraft:dandelion":3,"minecraft:smooth_stone":64},"minecraft:crafted":{"minecraft:oak_planks":56,"minecraft:oak_sign":3,"minecraft:stone":0,"create:mechanical_bearing":1,"minecraft:iron_boots":1,"minecraft:crafting_table":1,"minecraft:iron_helmet":1,"minecraft:iron_sword":1,"minecraft:bucket":1,"minecraft:air":0,"biomesoplenty:fir_planks":128,"minecraft:iron_chestplate":1,"minecraft:shield":1,"minecraft:stick":52,"minecraft:iron_ingot":7,"minecraft:iron_pickaxe":1,"minecraft:iron_leggings":1,"minecraft:torch":116},"minecraft:picked_up":{"minecraft:brown_mushroom":12,"minecraft:diamond_sword":1,"biomesoplenty:orange_autumn_sapling":2,"create:wrench":1,"biomesoplenty:yellow_autumn_sapling":2,"minecraft:oak_sign":4,"minecraft:smooth_stone":64,"biomesoplenty:fir_planks":2,"minecraft:poppy":28,"minecraft:iron_pickaxe":2,"minecraft:egg":4,"minecraft:stick":22,"minecraft:raw_iron":22,"minecraft:stone":284,"minecraft:torch":8,"create:andesite_casing":44,"sophisticatedbackpacks:backpack":1,"minecraft:carrot":1,"minecraft:rotten_flesh":3,"minecraft:stone_shovel":1,"biomesoplenty:fir_slab":6,"minecraft:white_terracotta":1,"minecraft:cobblestone":322,"minecraft:lime_bed":2,"minecraft:feather":7,"biomesoplenty:glowshroom":1,"minecraft:red_mushroom":3,"create:raw_zinc":1,"minecraft:oak_log":10,"create:andesite_alloy":10,"minecraft:gunpowder":2,"minecraft:dirt":1584,"biomesoplenty:glowing_moss_carpet":5,"minecraft:cooked_mutton":4,"minecraft:stone_bricks":1,"minecraft:wheat_seeds":190,"minecraft:stone_pickaxe":5,"create:shaft":9,"minecraft:oak_planks":2,"minecraft:iron_sword":2,"biomesoplenty:toadstool":8,"minecraft:dandelion":3,"minecraft:sand":131,"minecraft:dark_oak_log":1,"biomesoplenty:maple_sapling":4,"minecraft:bread":13,"alexsmobs:maggot":6,"biomesoplenty:pink_daffodil":17,"minecraft:coal":77},"minecraft:killed":{"alexsmobs:hummingbird":1,"minecraft:witch":1,"alexsmobs:grizzly_bear":1,"minecraft:creeper":1,"minecraft:zombie":3,"alexsmobs:fly":1},"minecraft:custom":{"minecraft:mob_kills":8,"minecraft:interact_with_crafting_table":25,"minecraft:leave_game":3,"minecraft:time_since_death":162776,"minecraft:climb_one_cm":403,"minecraft:sprint_one_cm":654930,"minecraft:walk_one_cm":577504,"minecraft:damage_blocked_by_shield":646,"minecraft:drop":166,"minecraft:talked_to_villager":5,"minecraft:play_time":310451,"minecraft:deaths":7,"minecraft:sneak_time":23190,"minecraft:walk_under_water_one_cm":23454,"minecraft:jump":6211,"minecraft:walk_on_water_one_cm":38216,"minecraft:total_world_time":310451,"minecraft:interact_with_furnace":57,"minecraft:sleep_in_bed":8,"minecraft:time_since_rest":162805,"minecraft:waystone_activated":1,"minecraft:damage_taken":5962,"minecraft:damage_dealt":5524,"minecraft:swim_one_cm":30572,"minecraft:fly_one_cm":1334543,"minecraft:player_kills":1,"minecraft:open_chest":115,"minecraft:crouch_one_cm":33625,"minecraft:fall_one_cm":141384},"minecraft:mined":{"create:zinc_ore":1,"biomesoplenty:glowshroom":1,"minecraft:mossy_cobblestone":53,"minecraft:grass_block":448,"minecraft:decorated_pot":1,"minecraft:red_mushroom":3,"minecraft:oak_wall_sign":1,"minecraft:large_fern":21,"minecraft:iron_ore":22,"biomesoplenty:high_grass":296,"minecraft:oak_sign":3,"minecraft:dirt_path":24,"minecraft:stone":144,"minecraft:brown_mushroom":12,"minecraft:dandelion":5,"minecraft:clay":1,"minecraft:torch":3,"minecraft:poppy":10,"biomesoplenty:yellow_autumn_sapling":1,"biomesoplenty:high_grass_plant":404,"minecraft:tall_grass":48,"minecraft:cobblestone":5,"biomesoplenty:sprout":2,"minecraft:oak_planks":2,"minecraft:wall_torch":2,"minecraft:white_terracotta":1,"minecraft:lime_bed":1,"biomesoplenty:yellow_autumn_leaves":1,"minecraft:birch_log":1,"biomesoplenty:pink_daffodil":24,"minecraft:grass":1239,"minecraft:oak_log":2,"minecraft:coal_ore":60,"minecraft:gravel":48,"minecraft:sand":131,"minecraft:dirt":744,"biomesoplenty:stringy_cobweb":1,"minecraft:fern":49}},"DataVersion":3465}