{"stats":{"minecraft:killed":{"alexsmobs:hummingbird":1,"minecraft:witch":1,"alexsmobs:grizzly_bear":1,"minecraft:creeper":1,"minecraft:zombie":1},"minecraft:picked_up":{"minecraft:lime_bed":2,"minecraft:feather":7,"biomesoplenty:glowshroom":1,"minecraft:brown_mushroom":12,"minecraft:diamond_sword":1,"minecraft:red_mushroom":3,"biomesoplenty:orange_autumn_sapling":2,"create:raw_zinc":1,"minecraft:oak_log":10,"minecraft:gunpowder":2,"minecraft:dirt":1338,"biomesoplenty:glowing_moss_carpet":5,"biomesoplenty:yellow_autumn_sapling":2,"minecraft:cooked_mutton":4,"minecraft:oak_sign":4,"minecraft:wheat_seeds":124,"minecraft:stone_pickaxe":5,"minecraft:poppy":16,"minecraft:iron_pickaxe":2,"minecraft:oak_planks":1,"minecraft:iron_sword":2,"minecraft:egg":1,"biomesoplenty:toadstool":8,"minecraft:stick":20,"minecraft:stone":284,"minecraft:torch":3,"minecraft:dandelion":3,"sophisticatedbackpacks:backpack":1,"minecraft:sand":131,"minecraft:dark_oak_log":1,"biomesoplenty:maple_sapling":4,"minecraft:rotten_flesh":2,"minecraft:stone_shovel":1,"minecraft:white_terracotta":1,"biomesoplenty:pink_daffodil":17,"minecraft:coal":76,"minecraft:cobblestone":317},"minecraft:used":{"minecraft:cooked_mutton":4,"minecraft:water_bucket":47,"minecraft:stone_sword":8,"minecraft:stone_shovel":351,"minecraft:stone_pickaxe":78,"minecraft:oak_planks":4,"minecraft:poppy":5,"minecraft:oak_sign":7,"minecraft:iron_sword":104,"minecraft:torch":3,"minecraft:glow_berries":18,"minecraft:dirt":508,"minecraft:lime_bed":1,"minecraft:glass":2,"minecraft:lava_bucket":4,"minecraft:iron_pickaxe":186,"minecraft:diamond_sword":4,"minecraft:cobblestone":54,"minecraft:bucket":52,"minecraft:egg":2,"minecraft:dandelion":3},"minecraft:crafted":{"minecraft:oak_planks":56,"minecraft:oak_sign":3,"minecraft:crafting_table":1,"minecraft:iron_helmet":1,"minecraft:iron_sword":1,"minecraft:stone":0,"minecraft:bucket":1,"minecraft:air":0,"minecraft:iron_boots":1,"minecraft:iron_chestplate":1,"minecraft:stick":12,"minecraft:iron_ingot":7,"minecraft:iron_pickaxe":1,"minecraft:iron_leggings":1},"minecraft:broken":{"minecraft:stone_shovel":1},"minecraft:mined":{"create:zinc_ore":1,"biomesoplenty:glowshroom":1,"minecraft:brown_mushroom":12,"minecraft:mossy_cobblestone":53,"minecraft:dandelion":5,"minecraft:clay":1,"minecraft:grass_block":190,"minecraft:poppy":10,"minecraft:decorated_pot":1,"biomesoplenty:yellow_autumn_sapling":1,"biomesoplenty:high_grass_plant":404,"minecraft:tall_grass":48,"minecraft:cobblestone":4,"minecraft:red_mushroom":3,"minecraft:oak_planks":1,"minecraft:oak_wall_sign":1,"minecraft:wall_torch":1,"minecraft:large_fern":21,"minecraft:white_terracotta":1,"minecraft:lime_bed":1,"minecraft:birch_log":1,"biomesoplenty:yellow_autumn_leaves":1,"biomesoplenty:pink_daffodil":24,"biomesoplenty:high_grass":296,"minecraft:grass":981,"minecraft:oak_log":2,"minecraft:coal_ore":59,"minecraft:oak_sign":3,"minecraft:dirt_path":24,"minecraft:sand":131,"minecraft:dirt":658,"minecraft:stone":140,"minecraft:fern":49},"minecraft:dropped":{"minecraft:iron_sword":2,"minecraft:wheat_seeds":11,"minecraft:oak_log":1,"biomesoplenty:yellow_autumn_sapling":2,"minecraft:crafting_table":1,"minecraft:stone_shovel":1,"biomesoplenty:maple_sapling":3,"minecraft:rotten_flesh":2,"minecraft:cobblestone":173,"minecraft:glow_berries":2,"biomesoplenty:orange_autumn_sapling":2,"minecraft:white_terracotta":1,"minecraft:stick":9,"minecraft:diamond_sword":1,"minecraft:poppy":10,"minecraft:dirt":37,"minecraft:stone":86,"minecraft:iron_pickaxe":2},"minecraft:custom":{"minecraft:interact_with_furnace":53,"minecraft:mob_kills":5,"minecraft:interact_with_crafting_table":16,"minecraft:leave_game":1,"minecraft:time_since_death":29928,"minecraft:sleep_in_bed":8,"minecraft:climb_one_cm":403,"minecraft:time_since_rest":29957,"minecraft:sprint_one_cm":383143,"minecraft:damage_taken":2085,"minecraft:walk_one_cm":340027,"minecraft:drop":135,"minecraft:damage_dealt":3129,"minecraft:swim_one_cm":19565,"minecraft:talked_to_villager":1,"minecraft:player_kills":1,"minecraft:fly_one_cm":852857,"minecraft:open_chest":66,"minecraft:deaths":7,"minecraft:crouch_one_cm":12667,"minecraft:play_time":177603,"minecraft:sneak_time":8187,"minecraft:walk_under_water_one_cm":10472,"minecraft:jump":3653,"minecraft:walk_on_water_one_cm":20941,"minecraft:total_world_time":177603,"minecraft:fall_one_cm":93894}},"DataVersion":3465}