{"stats":{"minecraft:killed":{"minecraft:zombie":1,"minecraft:witch":1,"alexsmobs:grizzly_bear":1,"minecraft:creeper":1},"minecraft:picked_up":{"minecraft:stick":9,"minecraft:oak_log":10,"minecraft:gunpowder":2,"minecraft:dirt":2,"minecraft:cooked_mutton":4,"biomesoplenty:maple_sapling":3,"minecraft:rotten_flesh":2,"minecraft:coal":18},"minecraft:used":{"minecraft:cooked_mutton":4,"minecraft:stone_sword":8,"minecraft:iron_sword":20,"minecraft:glow_berries":18,"minecraft:egg":2},"minecraft:crafted":{"minecraft:oak_planks":36,"minecraft:iron_chestplate":1,"minecraft:iron_boots":1,"minecraft:crafting_table":1,"minecraft:stick":12,"minecraft:iron_ingot":7,"minecraft:iron_helmet":1,"minecraft:iron_pickaxe":1,"minecraft:iron_sword":1,"minecraft:iron_leggings":1,"minecraft:bucket":1,"minecraft:air":0},"minecraft:mined":{"minecraft:grass":4,"minecraft:grass_block":2,"minecraft:oak_log":2},"minecraft:dropped":{"minecraft:oak_log":1,"minecraft:rotten_flesh":2,"minecraft:stick":5},"minecraft:custom":{"minecraft:time_since_rest":6764,"minecraft:interact_with_furnace":18,"minecraft:sprint_one_cm":67484,"minecraft:damage_taken":586,"minecraft:walk_one_cm":82280,"minecraft:mob_kills":4,"minecraft:drop":6,"minecraft:damage_dealt":1198,"minecraft:talked_to_villager":1,"minecraft:interact_with_crafting_table":13,"minecraft:fly_one_cm":107971,"minecraft:open_chest":18,"minecraft:crouch_one_cm":1656,"minecraft:play_time":40234,"minecraft:sneak_time":1117,"minecraft:jump":482,"minecraft:time_since_death":40234,"minecraft:sleep_in_bed":6,"minecraft:climb_one_cm":403,"minecraft:total_world_time":40234,"minecraft:fall_one_cm":11121}},"DataVersion":3465}