{"stats":{"minecraft:killed":{"minecraft:zombie":1,"minecraft:witch":1,"minecraft:creeper":1},"minecraft:picked_up":{"minecraft:stick":4,"minecraft:oak_log":10,"minecraft:gunpowder":2,"minecraft:cooked_mutton":4,"biomesoplenty:maple_sapling":1,"minecraft:rotten_flesh":2,"minecraft:coal":18},"minecraft:used":{"minecraft:cooked_mutton":4,"minecraft:stone_sword":8,"minecraft:iron_sword":13,"minecraft:glow_berries":16,"minecraft:egg":2},"minecraft:crafted":{"minecraft:oak_planks":36,"minecraft:iron_chestplate":1,"minecraft:iron_boots":1,"minecraft:crafting_table":1,"minecraft:stick":12,"minecraft:iron_ingot":7,"minecraft:iron_helmet":1,"minecraft:iron_pickaxe":1,"minecraft:iron_sword":1,"minecraft:iron_leggings":1,"minecraft:bucket":1,"minecraft:air":0},"minecraft:mined":{"minecraft:oak_log":2},"minecraft:dropped":{"minecraft:oak_log":1,"minecraft:rotten_flesh":2,"minecraft:stick":3},"minecraft:custom":{"minecraft:time_since_rest":4196,"minecraft:interact_with_furnace":18,"minecraft:sprint_one_cm":28104,"minecraft:damage_taken":445,"minecraft:walk_one_cm":52470,"minecraft:mob_kills":3,"minecraft:drop":4,"minecraft:damage_dealt":737,"minecraft:talked_to_villager":1,"minecraft:interact_with_crafting_table":13,"minecraft:fly_one_cm":42245,"minecraft:open_chest":18,"minecraft:crouch_one_cm":1567,"minecraft:play_time":28234,"minecraft:sneak_time":1009,"minecraft:jump":219,"minecraft:time_since_death":28234,"minecraft:sleep_in_bed":1,"minecraft:climb_one_cm":403,"minecraft:total_world_time":28234,"minecraft:fall_one_cm":6864}},"DataVersion":3465}