{"stats":{"minecraft:killed":{"minecraft:witch":1,"alexsmobs:grizzly_bear":1,"minecraft:creeper":1,"minecraft:zombie":1},"minecraft:picked_up":{"minecraft:feather":7,"biomesoplenty:orange_autumn_sapling":2,"minecraft:oak_log":10,"minecraft:gunpowder":2,"minecraft:dirt":1336,"biomesoplenty:yellow_autumn_sapling":2,"minecraft:cooked_mutton":4,"minecraft:wheat_seeds":21,"minecraft:stone_pickaxe":5,"minecraft:poppy":16,"minecraft:iron_pickaxe":1,"minecraft:oak_planks":1,"minecraft:iron_sword":2,"biomesoplenty:toadstool":8,"minecraft:stick":19,"minecraft:stone":284,"minecraft:torch":1,"minecraft:dandelion":3,"sophisticatedbackpacks:backpack":1,"minecraft:dark_oak_log":1,"biomesoplenty:maple_sapling":4,"minecraft:rotten_flesh":2,"minecraft:stone_shovel":1,"minecraft:coal":76,"minecraft:cobblestone":317},"minecraft:used":{"minecraft:cooked_mutton":4,"minecraft:water_bucket":34,"minecraft:stone_sword":8,"minecraft:stone_shovel":351,"minecraft:stone_pickaxe":78,"minecraft:oak_planks":4,"minecraft:poppy":5,"minecraft:iron_sword":44,"minecraft:torch":1,"minecraft:glow_berries":18,"minecraft:dirt":503,"minecraft:glass":2,"minecraft:lava_bucket":4,"minecraft:iron_pickaxe":131,"minecraft:cobblestone":54,"minecraft:bucket":38,"minecraft:egg":2,"minecraft:dandelion":3},"minecraft:crafted":{"minecraft:oak_planks":36,"minecraft:crafting_table":1,"minecraft:iron_helmet":1,"minecraft:iron_sword":1,"minecraft:stone":0,"minecraft:bucket":1,"minecraft:air":0,"minecraft:iron_boots":1,"minecraft:iron_chestplate":1,"minecraft:stick":12,"minecraft:iron_ingot":7,"minecraft:iron_pickaxe":1,"minecraft:iron_leggings":1},"minecraft:broken":{"minecraft:stone_shovel":1},"minecraft:mined":{"minecraft:dandelion":4,"minecraft:grass_block":189,"minecraft:poppy":10,"biomesoplenty:yellow_autumn_sapling":1,"minecraft:cobblestone":4,"minecraft:oak_planks":1,"minecraft:wall_torch":1,"minecraft:birch_log":1,"biomesoplenty:yellow_autumn_leaves":1,"minecraft:grass":168,"minecraft:oak_log":2,"minecraft:coal_ore":59,"minecraft:dirt_path":24,"minecraft:dirt":656,"minecraft:stone":140},"minecraft:dropped":{"minecraft:iron_sword":2,"minecraft:wheat_seeds":11,"minecraft:oak_log":1,"biomesoplenty:yellow_autumn_sapling":2,"minecraft:crafting_table":1,"minecraft:stone_shovel":1,"biomesoplenty:maple_sapling":3,"minecraft:rotten_flesh":2,"minecraft:cobblestone":173,"minecraft:glow_berries":2,"biomesoplenty:orange_autumn_sapling":2,"minecraft:stick":9,"minecraft:poppy":10,"minecraft:dirt":37,"minecraft:stone":86,"minecraft:iron_pickaxe":1},"minecraft:custom":{"minecraft:interact_with_furnace":47,"minecraft:mob_kills":4,"minecraft:interact_with_crafting_table":14,"minecraft:time_since_death":130234,"minecraft:sleep_in_bed":7,"minecraft:climb_one_cm":403,"minecraft:time_since_rest":80354,"minecraft:sprint_one_cm":225770,"minecraft:damage_taken":1205,"minecraft:walk_one_cm":260242,"minecraft:drop":132,"minecraft:damage_dealt":1984,"minecraft:talked_to_villager":1,"minecraft:fly_one_cm":410639,"minecraft:open_chest":48,"minecraft:crouch_one_cm":11323,"minecraft:play_time":130234,"minecraft:sneak_time":6984,"minecraft:jump":1962,"minecraft:walk_on_water_one_cm":5058,"minecraft:total_world_time":130234,"minecraft:fall_one_cm":39389}},"DataVersion":3465}