{"stats":{"minecraft:broken":{"minecraft:golden_helmet":1,"minecraft:stone_pickaxe":2,"minecraft:stone_axe":1,"minecraft:iron_pickaxe":1},"minecraft:dropped":{"minecraft:soul_sand":3,"create:cogwheel":69,"create:large_water_wheel":8,"minecraft:dirt":28,"minecraft:stone_button":18,"minecraft:wooden_sword":1,"minecraft:bone_block":3,"create:large_cogwheel":2,"minecraft:dark_oak_planks":1,"minecraft:birch_log":2,"sereneseasons:calendar":1,"minecraft:gold_ingot":28,"minecraft:bone":6,"minecraft:gravel":55,"biomesoplenty:toadstool":3,"minecraft:blackstone":11,"minecraft:cobbled_deepslate":19,"biomesoplenty:yellow_autumn_sapling":27,"minecraft:rotten_flesh":25,"biomesoplenty:orange_autumn_sapling":11,"minecraft:poppy":5,"minecraft:beetroot_seeds":7,"minecraft:birch_door":1,"rechiseled:chisel":1,"minecraft:basalt":2,"minecraft:arrow":2,"create:water_wheel":19,"minecraft:quartz":2,"minecraft:netherrack":1,"create:andesite_alloy":128,"minecraft:water_bucket":1,"minecraft:bread":33,"minecraft:wheat_seeds":38,"minecraft:feather":2,"biomesoplenty:maple_sapling":8,"minecraft:cobblestone":37,"minecraft:apple":4,"minecraft:wooden_hoe":1,"biomesoplenty:brimstone":1,"minecraft:wooden_axe":1,"minecraft:iron_leggings":3,"minecraft:string":1,"minecraft:tripwire_hook":1,"minecraft:dandelion":1,"minecraft:soul_soil":1,"create:shaft":98,"minecraft:stone_sword":1,"minecraft:bowl":4,"minecraft:stone_shovel":1,"sophisticatedbackpacks:backpack":1,"alexsmobs:bear_fur":2,"minecraft:diamond_sword":4,"biomesoplenty:fir_planks":7,"minecraft:iron_chestplate":3,"minecraft:andesite":10,"minecraft:oak_sapling":1,"minecraft:stone_pickaxe":2,"minecraft:wooden_pickaxe":1},"minecraft:used":{"minecraft:poppy":13,"minecraft:chest":2,"minecraft:shield":20,"minecraft:rotten_flesh":4,"minecraft:soul_sand":4,"create:cogwheel":1,"minecraft:obsidian":15,"minecraft:glass":59,"minecraft:bricks":12,"minecraft:furnace":5,"minecraft:stone_pickaxe":442,"minecraft:oak_planks":116,"minecraft:wooden_pickaxe":13,"biomesoplenty:fir_planks":3,"minecraft:dark_oak_trapdoor":1,"minecraft:crossbow":3,"farmersdelight:stuffed_pumpkin":1,"waystones:waystone":1,"minecraft:dark_oak_log":5,"minecraft:bread":55,"minecraft:gravel":51,"create:asurine":105,"minecraft:diamond_sword":346,"minecraft:dark_oak_fence":20,"minecraft:andesite":4,"minecraft:stone_sword":42,"minecraft:flint_and_steel":6,"minecraft:stone_shovel":73,"minecraft:redstone":1,"minecraft:stone_hoe":16,"minecraft:cooked_chicken":4,"minecraft:netherrack":83,"minecraft:torch":33,"minecraft:dirt":315,"minecraft:birch_door":2,"minecraft:iron_hoe":117,"minecraft:dark_oak_planks":78,"minecraft:iron_axe":19,"securitycraft:sentry":1,"minecraft:basalt":22,"minecraft:soul_soil":1,"minecraft:cobbled_deepslate":160,"minecraft:water_bucket":107,"minecraft:cobblestone_stairs":16,"minecraft:birch_planks":1,"minecraft:crafting_table":5,"minecraft:lime_bed":1,"minecraft:diamond_pickaxe":619,"minecraft:apple":1,"minecraft:iron_pickaxe":496,"biomesoplenty:toadstool":2,"minecraft:stone_axe":137,"minecraft:cobblestone":248,"minecraft:cooked_porkchop":8,"minecraft:bucket":107,"alexsmobs:animal_dictionary":5},"minecraft:crafted":{"minecraft:brick":40,"minecraft:oak_planks":116,"minecraft:cooked_chicken":4,"minecraft:cobblestone_stairs":16,"minecraft:iron_boots":1,"minecraft:chest":2,"minecraft:birch_door":3,"minecraft:bricks":10,"minecraft:stone_hoe":1,"create:cogwheel":64,"minecraft:cooked_porkchop":8,"minecraft:crafting_table":2,"minecraft:wooden_pickaxe":1,"minecraft:iron_helmet":1,"minecraft:birch_planks":48,"rechiseled:chisel":1,"minecraft:wooden_hoe":1,"minecraft:iron_chestplate":1,"minecraft:diamond_pickaxe":1,"create:water_wheel":7,"minecraft:shield":1,"minecraft:stick":72,"minecraft:iron_ingot":56,"minecraft:iron_pickaxe":4,"minecraft:stone_sword":1,"minecraft:gold_ingot":34,"create:large_cogwheel":1,"minecraft:wooden_sword":1,"minecraft:stone_shovel":1,"minecraft:furnace":2,"minecraft:dark_oak_trapdoor":2,"minecraft:dark_oak_fence":30,"minecraft:iron_axe":1,"minecraft:stone_pickaxe":2,"minecraft:dark_oak_planks":212,"minecraft:golden_helmet":1,"create:andesite_alloy":64,"minecraft:diamond_sword":1,"create:large_water_wheel":8,"minecraft:bucket":1,"minecraft:stone_axe":1,"minecraft:air":0,"minecraft:wooden_axe":1,"minecraft:iron_leggings":1,"create:shaft":80,"minecraft:torch":12,"create:zinc_ingot":10},"minecraft:picked_up":{"sereneseasons:calendar":2,"minecraft:iron_chestplate":3,"minecraft:lead":5,"minecraft:diamond_sword":5,"biomesoplenty:orange_autumn_sapling":69,"minecraft:enchanted_book":2,"minecraft:nether_brick":10,"alexsmobs:bone_serpent_tooth":1,"minecraft:string":3,"minecraft:soul_soil":8,"minecraft:raw_copper":55,"biomesoplenty:yellow_autumn_sapling":29,"minecraft:iron_leggings":3,"biomesoplenty:brimstone":1,"create:water_wheel":20,"minecraft:gold_nugget":248,"minecraft:cobbled_deepslate":262,"biomesoplenty:fir_planks":194,"minecraft:calcite":10,"minecraft:iron_pickaxe":3,"alexsmobs:raccoon_tail":1,"minecraft:iron_boots":2,"minecraft:furnace":3,"biomesoplenty:rose_quartz_block":46,"minecraft:stick":27,"minecraft:torch":33,"minecraft:porkchop":9,"create:large_cogwheel":1,"minecraft:rotten_flesh":32,"biomesoplenty:rose_quartz_chunk":8,"create:scoria":1,"create:asurine":197,"minecraft:obsidian":19,"minecraft:cobblestone":415,"minecraft:birch_log":26,"minecraft:feather":2,"minecraft:water_bucket":2,"minecraft:andesite":145,"minecraft:golden_leggings":1,"paraglider:spirit_orb":2,"alexsmobs:bear_fur":2,"minecraft:flint":7,"create:raw_zinc":45,"minecraft:lapis_lazuli":9,"minecraft:dirt":344,"securitycraft:sentry":1,"minecraft:bone":42,"minecraft:wheat_seeds":67,"minecraft:raw_gold":16,"create:shaft":89,"rechiseled:chisel":1,"alexsmobs:blobfish":1,"minecraft:oak_planks":6,"biomesoplenty:toadstool":5,"create:cogwheel":7,"minecraft:dark_oak_log":62,"minecraft:spectral_arrow":22,"minecraft:iron_hoe":2,"minecraft:diamond":50,"waystones:waystone":2,"minecraft:crossbow":1,"minecraft:bread":87,"minecraft:emerald":32,"alexsmobs:maggot":2,"minecraft:oak_sapling":1,"minecraft:netherrack":112,"minecraft:bricks":2,"minecraft:diamond_pickaxe":1,"minecraft:crafting_table":4,"minecraft:clay_ball":40,"minecraft:iron_axe":1,"alexsmobs:pigshoes":1,"minecraft:flint_and_steel":1,"minecraft:blackstone":11,"minecraft:iron_nugget":128,"minecraft:poppy":18,"minecraft:raw_iron":130,"minecraft:stone":1,"minecraft:bowl":5,"sophisticatedbackpacks:backpack":2,"minecraft:fire_charge":2,"minecraft:stone_button":18,"minecraft:redstone":218,"minecraft:dark_oak_planks":1,"minecraft:stone_shovel":1,"minecraft:arrow":8,"alexsmobs:chorus_on_a_stick":1,"minecraft:gold_ingot":40,"sophisticatedbackpacks:copper_backpack":1,"minecraft:glow_berries":2,"minecraft:bone_block":3,"minecraft:lime_bed":1,"minecraft:basalt":24,"minecraft:tripwire_hook":1,"minecraft:glow_ink_sac":8,"minecraft:leather":8,"minecraft:birch_planks":12,"minecraft:oak_log":29,"create:andesite_alloy":84,"minecraft:cobblestone_stairs":4,"minecraft:apple":5,"minecraft:iron_ingot":66,"minecraft:stone_pickaxe":2,"minecraft:soul_sand":26,"minecraft:quartz":11,"minecraft:dandelion":1,"minecraft:gravel":106,"minecraft:crying_obsidian":6,"alexsmobs:raw_catfish":2,"biomesoplenty:maple_sapling":8,"minecraft:iron_helmet":2,"minecraft:coal":95},"minecraft:killed":{"minecraft:zombified_piglin":12,"minecraft:spider":1,"alexsmobs:snow_leopard":1,"alexsmobs:alligator_snapping_turtle":1,"minecraft:skeleton":8,"minecraft:piglin":3,"minecraft:pig":6,"alexsmobs:grizzly_bear":1,"alexsmobs:endergrade":2,"minecraft:trader_llama":6,"minecraft:zombie":9,"alexsmobs:fly":3,"alexsmobs:bone_serpent":3,"alexsmobs:blobfish":1,"alexsmobs:raccoon":1,"minecraft:wandering_trader":3,"alexsmobs:catfish":1,"minecraft:enderman":1},"minecraft:custom":{"minecraft:interact_with_crafting_table":65,"goblintraders:trade_with_goblin":7,"minecraft:leave_game":3,"minecraft:time_since_death":27616,"minecraft:sprint_one_cm":1206465,"minecraft:damage_blocked_by_shield":500,"minecraft:drop":399,"minecraft:talked_to_villager":6,"minecraft:play_time":463433,"minecraft:deaths":6,"minecraft:jump":5086,"minecraft:walk_on_water_one_cm":59666,"minecraft:interact_with_furnace":43,"minecraft:sleep_in_bed":2,"minecraft:waystone_activated":3,"minecraft:damage_dealt":16220,"minecraft:crouch_one_cm":62434,"minecraft:mob_kills":66,"minecraft:damage_dealt_resisted":452,"minecraft:walk_one_cm":1043566,"minecraft:damage_dealt_absorbed":40,"minecraft:sneak_time":22941,"minecraft:walk_under_water_one_cm":11824,"minecraft:total_world_time":463433,"minecraft:time_since_rest":27694,"minecraft:damage_taken":14486,"minecraft:swim_one_cm":7296,"minecraft:fly_one_cm":738901,"minecraft:open_chest":100,"minecraft:fall_one_cm":164549},"minecraft:mined":{"create:deepslate_zinc_ore":6,"minecraft:cobblestone_stairs":4,"minecraft:sculk_vein":41,"biomesoplenty:brimstone":1,"minecraft:obsidian":20,"minecraft:grass_block":25,"biomesoplenty:rose_quartz_block":48,"minecraft:soul_soil":10,"minecraft:sculk_catalyst":2,"minecraft:iron_ore":59,"minecraft:cobbled_deepslate":15,"minecraft:fire":25,"minecraft:deepslate_lapis_ore":1,"biomesoplenty:hanging_cobweb":2,"create:asurine":198,"biomesoplenty:webbing":2,"biomesoplenty:medium_rose_quartz_bud":1,"minecraft:deepslate_redstone_ore":18,"minecraft:blackstone":14,"minecraft:polished_deepslate_stairs":1,"biomesoplenty:hanging_cobweb_strand":1,"biomesoplenty:brimstone_fumarole":1,"minecraft:clay":10,"minecraft:torch":6,"minecraft:calcite":10,"minecraft:poppy":10,"create:scoria":1,"minecraft:glass":5,"minecraft:nether_quartz_ore":2,"minecraft:cobblestone":22,"minecraft:oak_planks":10,"minecraft:bricks":2,"minecraft:wall_torch":16,"minecraft:birch_log":18,"biomesoplenty:large_rose_quartz_bud":3,"biomesoplenty:maple_leaves":5,"minecraft:grass":118,"minecraft:oak_log":29,"minecraft:dirt":69,"minecraft:smooth_basalt":1,"minecraft:netherrack":120,"minecraft:oak_leaves":7,"minecraft:deepslate":270,"create:zinc_ore":7,"minecraft:nether_gold_ore":65,"biomesoplenty:orange_autumn_leaves":25,"minecraft:tuff":10,"minecraft:deepslate_diamond_ore":19,"minecraft:dark_oak_log":72,"minecraft:redstone_ore":3,"minecraft:furnace":3,"biomesoplenty:toadstool":2,"minecraft:andesite":19,"minecraft:deepslate_iron_ore":52,"biomesoplenty:brimstone_bud":3,"biomesoplenty:spider_egg":1,"minecraft:stone":277,"biomesoplenty:rose_quartz_cluster":4,"minecraft:soul_sand":18,"minecraft:basalt":24,"minecraft:crafting_table":4,"biomesoplenty:fir_planks":2,"minecraft:sculk_sensor":4,"minecraft:copper_ore":16,"minecraft:deepslate_gold_ore":9,"minecraft:sculk":99,"minecraft:birch_planks":1,"minecraft:lime_bed":1,"biomesoplenty:yellow_autumn_leaves":5,"minecraft:ice":1,"minecraft:coal_ore":58,"minecraft:gravel":3,"biomesoplenty:stringy_cobweb":1,"minecraft:cobweb":3,"minecraft:gold_ore":7}},"DataVersion":3465}