{"stats":{"minecraft:broken":{"minecraft:golden_helmet":1,"minecraft:stone_pickaxe":2,"minecraft:stone_axe":1,"minecraft:iron_pickaxe":1},"minecraft:dropped":{"minecraft:bread":33,"minecraft:soul_sand":3,"minecraft:wheat_seeds":16,"biomesoplenty:maple_sapling":8,"minecraft:cobblestone":35,"create:cogwheel":63,"minecraft:apple":4,"create:large_water_wheel":8,"minecraft:dirt":17,"minecraft:wooden_hoe":1,"biomesoplenty:brimstone":1,"minecraft:wooden_axe":1,"minecraft:wooden_sword":1,"create:large_cogwheel":2,"minecraft:birch_log":2,"minecraft:dark_oak_planks":1,"minecraft:dandelion":1,"minecraft:gold_ingot":28,"minecraft:bone":6,"minecraft:gravel":53,"minecraft:blackstone":11,"minecraft:soul_soil":1,"create:shaft":80,"minecraft:stone_sword":1,"minecraft:cobbled_deepslate":17,"biomesoplenty:yellow_autumn_sapling":6,"minecraft:stone_shovel":1,"minecraft:rotten_flesh":9,"biomesoplenty:orange_autumn_sapling":11,"sophisticatedbackpacks:backpack":1,"alexsmobs:bear_fur":2,"minecraft:diamond_sword":4,"minecraft:poppy":5,"biomesoplenty:fir_planks":7,"minecraft:andesite":10,"minecraft:beetroot_seeds":7,"minecraft:birch_door":1,"rechiseled:chisel":1,"minecraft:stone_pickaxe":2,"minecraft:wooden_pickaxe":1,"create:water_wheel":19,"minecraft:netherrack":1,"create:andesite_alloy":128},"minecraft:used":{"minecraft:stone_sword":42,"minecraft:flint_and_steel":6,"minecraft:stone_shovel":73,"minecraft:poppy":13,"minecraft:chest":2,"minecraft:shield":20,"minecraft:cooked_chicken":4,"minecraft:rotten_flesh":2,"minecraft:stone_hoe":16,"minecraft:netherrack":83,"minecraft:torch":32,"minecraft:soul_sand":4,"minecraft:dirt":308,"create:cogwheel":1,"minecraft:obsidian":15,"minecraft:birch_door":2,"minecraft:glass":59,"minecraft:dark_oak_planks":78,"minecraft:bricks":12,"minecraft:basalt":21,"minecraft:soul_soil":1,"minecraft:furnace":5,"minecraft:cobbled_deepslate":89,"minecraft:water_bucket":11,"minecraft:cobblestone_stairs":16,"minecraft:birch_planks":1,"minecraft:oak_planks":116,"minecraft:stone_pickaxe":434,"minecraft:wooden_pickaxe":13,"biomesoplenty:fir_planks":3,"minecraft:dark_oak_trapdoor":1,"minecraft:lime_bed":1,"minecraft:crafting_table":4,"minecraft:crossbow":3,"waystones:waystone":1,"minecraft:diamond_pickaxe":421,"minecraft:apple":1,"minecraft:bread":22,"minecraft:iron_pickaxe":466,"minecraft:gravel":51,"create:asurine":105,"minecraft:stone_axe":137,"minecraft:diamond_sword":283,"minecraft:cobblestone":243,"minecraft:cooked_porkchop":8,"minecraft:dark_oak_fence":20,"minecraft:andesite":4,"minecraft:bucket":12,"alexsmobs:animal_dictionary":5},"minecraft:crafted":{"minecraft:brick":40,"minecraft:wooden_sword":1,"minecraft:oak_planks":116,"minecraft:stone_shovel":1,"minecraft:cooked_chicken":4,"minecraft:furnace":2,"minecraft:dark_oak_trapdoor":2,"minecraft:cobblestone_stairs":16,"minecraft:dark_oak_fence":30,"minecraft:iron_boots":1,"minecraft:stone_pickaxe":2,"minecraft:chest":2,"minecraft:birch_door":3,"minecraft:bricks":10,"minecraft:dark_oak_planks":212,"minecraft:stone_hoe":1,"create:cogwheel":64,"minecraft:golden_helmet":1,"create:andesite_alloy":64,"minecraft:diamond_sword":1,"minecraft:cooked_porkchop":8,"minecraft:crafting_table":2,"minecraft:iron_helmet":1,"minecraft:wooden_pickaxe":1,"create:large_water_wheel":8,"minecraft:bucket":1,"minecraft:birch_planks":48,"minecraft:stone_axe":1,"minecraft:air":0,"rechiseled:chisel":1,"minecraft:iron_chestplate":1,"minecraft:wooden_hoe":1,"minecraft:diamond_pickaxe":1,"create:water_wheel":7,"minecraft:shield":1,"minecraft:stick":72,"minecraft:iron_ingot":48,"minecraft:iron_pickaxe":4,"minecraft:wooden_axe":1,"minecraft:stone_sword":1,"minecraft:iron_leggings":1,"minecraft:gold_ingot":25,"create:large_cogwheel":1,"create:shaft":80,"minecraft:torch":12,"create:zinc_ingot":10},"minecraft:picked_up":{"minecraft:crafting_table":3,"minecraft:clay_ball":40,"minecraft:lead":5,"minecraft:diamond_sword":4,"biomesoplenty:orange_autumn_sapling":11,"minecraft:enchanted_book":2,"minecraft:nether_brick":10,"minecraft:string":3,"minecraft:soul_soil":8,"minecraft:raw_copper":55,"alexsmobs:pigshoes":1,"biomesoplenty:yellow_autumn_sapling":6,"minecraft:flint_and_steel":1,"minecraft:blackstone":11,"biomesoplenty:brimstone":1,"create:water_wheel":20,"minecraft:gold_nugget":248,"minecraft:cobbled_deepslate":137,"biomesoplenty:fir_planks":194,"minecraft:calcite":10,"minecraft:iron_nugget":128,"minecraft:poppy":18,"alexsmobs:raccoon_tail":1,"minecraft:iron_boots":1,"minecraft:furnace":3,"biomesoplenty:rose_quartz_block":46,"minecraft:stick":24,"minecraft:raw_iron":101,"minecraft:torch":22,"sophisticatedbackpacks:backpack":1,"minecraft:fire_charge":2,"minecraft:porkchop":8,"minecraft:redstone":60,"minecraft:dark_oak_planks":1,"create:large_cogwheel":1,"minecraft:arrow":8,"minecraft:stone_shovel":1,"minecraft:rotten_flesh":14,"biomesoplenty:rose_quartz_chunk":8,"create:scoria":1,"create:asurine":197,"minecraft:gold_ingot":8,"sophisticatedbackpacks:copper_backpack":1,"minecraft:glow_berries":2,"minecraft:obsidian":19,"minecraft:cobblestone":413,"minecraft:birch_log":26,"minecraft:lime_bed":1,"minecraft:basalt":24,"minecraft:glow_ink_sac":8,"minecraft:andesite":142,"minecraft:leather":8,"minecraft:birch_planks":12,"alexsmobs:bear_fur":2,"minecraft:flint":7,"create:raw_zinc":13,"minecraft:oak_log":29,"create:andesite_alloy":84,"minecraft:cobblestone_stairs":4,"minecraft:lapis_lazuli":9,"minecraft:dirt":336,"minecraft:bone":10,"minecraft:apple":5,"minecraft:wheat_seeds":25,"minecraft:raw_gold":15,"minecraft:iron_ingot":2,"minecraft:stone_pickaxe":2,"create:shaft":80,"rechiseled:chisel":1,"minecraft:oak_planks":6,"minecraft:soul_sand":26,"biomesoplenty:toadstool":3,"create:cogwheel":7,"minecraft:quartz":11,"minecraft:dandelion":1,"minecraft:gravel":105,"minecraft:crying_obsidian":6,"minecraft:spectral_arrow":22,"minecraft:dark_oak_log":53,"alexsmobs:raw_catfish":2,"biomesoplenty:maple_sapling":8,"minecraft:diamond":5,"waystones:waystone":2,"minecraft:oak_sapling":1,"minecraft:bread":62,"alexsmobs:maggot":2,"minecraft:netherrack":112,"minecraft:bricks":2,"minecraft:coal":95},"minecraft:killed":{"minecraft:zombified_piglin":12,"alexsmobs:raccoon":1,"minecraft:spider":1,"minecraft:skeleton":8,"minecraft:piglin":3,"minecraft:pig":5,"alexsmobs:grizzly_bear":1,"minecraft:wandering_trader":3,"alexsmobs:catfish":1,"minecraft:trader_llama":6,"minecraft:zombie":7,"alexsmobs:fly":3,"minecraft:enderman":1},"minecraft:custom":{"minecraft:mob_kills":54,"minecraft:interact_with_crafting_table":61,"minecraft:damage_dealt_resisted":452,"minecraft:leave_game":1,"minecraft:time_since_death":301804,"minecraft:sprint_one_cm":967119,"minecraft:walk_one_cm":745154,"minecraft:damage_blocked_by_shield":500,"minecraft:drop":331,"minecraft:damage_dealt_absorbed":40,"minecraft:talked_to_villager":6,"minecraft:play_time":308055,"minecraft:sneak_time":18268,"minecraft:deaths":2,"minecraft:walk_under_water_one_cm":6930,"minecraft:jump":3749,"minecraft:walk_on_water_one_cm":22743,"minecraft:total_world_time":308055,"minecraft:interact_with_furnace":43,"minecraft:sleep_in_bed":2,"minecraft:time_since_rest":292754,"minecraft:waystone_activated":2,"minecraft:damage_taken":5063,"minecraft:damage_dealt":13089,"minecraft:swim_one_cm":7296,"minecraft:fly_one_cm":562466,"minecraft:open_chest":84,"minecraft:crouch_one_cm":56498,"minecraft:fall_one_cm":92756},"minecraft:mined":{"create:zinc_ore":7,"minecraft:nether_gold_ore":65,"biomesoplenty:orange_autumn_leaves":23,"create:deepslate_zinc_ore":6,"minecraft:tuff":1,"minecraft:deepslate_diamond_ore":4,"minecraft:cobblestone_stairs":4,"minecraft:dark_oak_log":62,"biomesoplenty:brimstone":1,"minecraft:obsidian":20,"minecraft:grass_block":21,"biomesoplenty:rose_quartz_block":48,"minecraft:soul_soil":10,"minecraft:redstone_ore":3,"minecraft:furnace":3,"minecraft:iron_ore":59,"minecraft:fire":25,"minecraft:andesite":19,"minecraft:deepslate_lapis_ore":1,"biomesoplenty:hanging_cobweb":2,"create:asurine":198,"biomesoplenty:brimstone_bud":3,"minecraft:deepslate_iron_ore":24,"biomesoplenty:webbing":2,"minecraft:stone":277,"biomesoplenty:rose_quartz_cluster":4,"biomesoplenty:spider_egg":1,"biomesoplenty:medium_rose_quartz_bud":1,"minecraft:deepslate_redstone_ore":12,"minecraft:soul_sand":18,"minecraft:blackstone":14,"minecraft:basalt":24,"biomesoplenty:brimstone_fumarole":1,"biomesoplenty:hanging_cobweb_strand":1,"minecraft:clay":10,"minecraft:crafting_table":3,"minecraft:torch":5,"biomesoplenty:fir_planks":2,"minecraft:calcite":10,"minecraft:poppy":10,"create:scoria":1,"minecraft:nether_quartz_ore":2,"minecraft:copper_ore":16,"minecraft:glass":5,"minecraft:cobblestone":21,"minecraft:deepslate_gold_ore":8,"minecraft:oak_planks":10,"minecraft:bricks":2,"minecraft:wall_torch":16,"minecraft:birch_planks":1,"minecraft:lime_bed":1,"minecraft:birch_log":18,"biomesoplenty:yellow_autumn_leaves":4,"minecraft:ice":1,"biomesoplenty:large_rose_quartz_bud":3,"biomesoplenty:maple_leaves":5,"minecraft:grass":78,"minecraft:coal_ore":58,"minecraft:oak_log":29,"minecraft:gravel":3,"minecraft:dirt":65,"biomesoplenty:stringy_cobweb":1,"minecraft:cobweb":3,"minecraft:netherrack":120,"minecraft:oak_leaves":7,"minecraft:gold_ore":7,"minecraft:deepslate":144}},"DataVersion":3465}