{"stats":{"minecraft:killed":{"minecraft:pig":5,"alexsmobs:grizzly_bear":1,"minecraft:wandering_trader":1,"minecraft:skeleton":1,"alexsmobs:catfish":1,"minecraft:trader_llama":2,"alexsmobs:fly":1},"minecraft:picked_up":{"minecraft:birch_log":19,"minecraft:lime_bed":1,"minecraft:crafting_table":1,"minecraft:clay_ball":40,"minecraft:glow_ink_sac":1,"minecraft:leather":2,"minecraft:lead":2,"biomesoplenty:orange_autumn_sapling":8,"alexsmobs:bear_fur":2,"minecraft:oak_log":29,"minecraft:cobblestone_stairs":3,"minecraft:dirt":292,"minecraft:string":1,"minecraft:raw_copper":55,"biomesoplenty:yellow_autumn_sapling":3,"minecraft:bone":2,"minecraft:apple":1,"minecraft:wheat_seeds":13,"minecraft:stone_pickaxe":1,"minecraft:poppy":18,"minecraft:oak_planks":2,"minecraft:stick":19,"minecraft:raw_iron":21,"minecraft:torch":18,"minecraft:dandelion":1,"sophisticatedbackpacks:backpack":1,"minecraft:gravel":3,"minecraft:porkchop":8,"minecraft:dark_oak_log":36,"alexsmobs:raw_catfish":2,"biomesoplenty:maple_sapling":8,"minecraft:arrow":4,"minecraft:stone_shovel":1,"minecraft:rotten_flesh":1,"minecraft:glow_berries":2,"minecraft:bricks":2,"minecraft:coal":43,"minecraft:cobblestone":266},"minecraft:used":{"minecraft:stone_sword":40,"minecraft:cobblestone_stairs":15,"minecraft:birch_planks":1,"minecraft:stone_pickaxe":263,"minecraft:stone_shovel":73,"minecraft:poppy":13,"minecraft:oak_planks":114,"minecraft:chest":2,"minecraft:wooden_pickaxe":13,"minecraft:stone_hoe":16,"minecraft:torch":29,"minecraft:dirt":287,"minecraft:lime_bed":1,"minecraft:crafting_table":2,"minecraft:dark_oak_planks":78,"minecraft:birch_door":2,"minecraft:glass":53,"minecraft:bricks":12,"minecraft:stone_axe":104,"minecraft:cobblestone":200,"minecraft:dark_oak_fence":20,"minecraft:furnace":1,"alexsmobs:animal_dictionary":1},"minecraft:crafted":{"minecraft:brick":40,"minecraft:wooden_sword":1,"minecraft:oak_planks":116,"minecraft:stone_shovel":1,"minecraft:crafting_table":1,"minecraft:iron_helmet":1,"minecraft:wooden_pickaxe":1,"minecraft:furnace":1,"minecraft:cobblestone_stairs":16,"minecraft:birch_planks":28,"minecraft:stone_axe":1,"minecraft:air":0,"minecraft:dark_oak_fence":30,"minecraft:iron_chestplate":1,"minecraft:wooden_hoe":1,"minecraft:stick":40,"minecraft:iron_ingot":21,"minecraft:stone_pickaxe":2,"minecraft:wooden_axe":1,"minecraft:iron_leggings":1,"minecraft:stone_sword":1,"minecraft:chest":2,"minecraft:birch_door":3,"minecraft:bricks":10,"minecraft:dark_oak_planks":144,"minecraft:torch":12,"minecraft:stone_hoe":1},"minecraft:mined":{"biomesoplenty:orange_autumn_leaves":23,"minecraft:cobblestone_stairs":3,"minecraft:dark_oak_log":37,"minecraft:clay":10,"minecraft:torch":4,"minecraft:crafting_table":1,"minecraft:grass_block":10,"minecraft:poppy":10,"minecraft:glass":3,"minecraft:copper_ore":16,"minecraft:cobblestone":15,"minecraft:oak_planks":5,"minecraft:bricks":2,"minecraft:wall_torch":14,"minecraft:birch_planks":1,"minecraft:lime_bed":1,"biomesoplenty:yellow_autumn_leaves":4,"minecraft:birch_log":13,"minecraft:iron_ore":21,"minecraft:ice":1,"biomesoplenty:maple_leaves":5,"minecraft:grass":59,"minecraft:oak_log":29,"minecraft:coal_ore":43,"minecraft:gravel":3,"minecraft:dirt":32,"biomesoplenty:stringy_cobweb":1,"minecraft:cobweb":2,"minecraft:stone":131,"biomesoplenty:spider_egg":1},"minecraft:broken":{"minecraft:stone_pickaxe":1},"minecraft:dropped":{"minecraft:gravel":3,"minecraft:wheat_seeds":12,"biomesoplenty:yellow_autumn_sapling":3,"minecraft:stone_shovel":1,"biomesoplenty:maple_sapling":7,"minecraft:rotten_flesh":1,"biomesoplenty:orange_autumn_sapling":8,"alexsmobs:bear_fur":2,"minecraft:poppy":5,"minecraft:dirt":5,"minecraft:wooden_hoe":1,"minecraft:wooden_axe":1,"minecraft:birch_door":1,"minecraft:wooden_sword":1,"minecraft:wooden_pickaxe":1,"minecraft:stone_pickaxe":1,"minecraft:dandelion":1},"minecraft:custom":{"minecraft:interact_with_furnace":11,"minecraft:mob_kills":12,"minecraft:interact_with_crafting_table":19,"minecraft:time_since_death":81814,"minecraft:sleep_in_bed":2,"minecraft:time_since_rest":72764,"minecraft:sprint_one_cm":229999,"minecraft:damage_taken":952,"minecraft:walk_one_cm":234872,"minecraft:drop":44,"minecraft:damage_dealt":2199,"minecraft:swim_one_cm":3543,"minecraft:talked_to_villager":1,"minecraft:fly_one_cm":86337,"minecraft:open_chest":29,"minecraft:crouch_one_cm":39788,"minecraft:play_time":88065,"minecraft:deaths":2,"minecraft:sneak_time":11255,"minecraft:walk_under_water_one_cm":3733,"minecraft:jump":703,"minecraft:walk_on_water_one_cm":3789,"minecraft:total_world_time":88065,"minecraft:fall_one_cm":21644}},"DataVersion":3465}