{"stats":{"minecraft:killed":{"alexsmobs:raccoon":1,"minecraft:skeleton":1,"minecraft:pig":5,"alexsmobs:grizzly_bear":1,"minecraft:wandering_trader":1,"alexsmobs:catfish":1,"minecraft:trader_llama":2,"alexsmobs:fly":1},"minecraft:picked_up":{"minecraft:crafting_table":2,"minecraft:clay_ball":40,"minecraft:lead":2,"minecraft:diamond_sword":3,"biomesoplenty:orange_autumn_sapling":11,"minecraft:string":2,"minecraft:raw_copper":55,"biomesoplenty:yellow_autumn_sapling":6,"minecraft:cobbled_deepslate":114,"minecraft:calcite":10,"minecraft:poppy":18,"alexsmobs:raccoon_tail":1,"minecraft:furnace":3,"minecraft:raw_iron":69,"minecraft:stick":24,"minecraft:torch":20,"sophisticatedbackpacks:backpack":1,"minecraft:porkchop":8,"minecraft:rotten_flesh":1,"minecraft:arrow":4,"minecraft:stone_shovel":1,"create:asurine":71,"minecraft:glow_berries":2,"minecraft:obsidian":18,"minecraft:cobblestone":360,"minecraft:birch_log":24,"minecraft:lime_bed":1,"minecraft:glow_ink_sac":8,"minecraft:leather":2,"minecraft:birch_planks":12,"alexsmobs:bear_fur":2,"create:raw_zinc":13,"minecraft:oak_log":29,"minecraft:cobblestone_stairs":4,"minecraft:dirt":310,"minecraft:bone":2,"minecraft:apple":5,"minecraft:wheat_seeds":15,"minecraft:raw_gold":9,"minecraft:iron_ingot":2,"minecraft:stone_pickaxe":2,"rechiseled:chisel":1,"minecraft:oak_planks":2,"minecraft:dandelion":1,"minecraft:gravel":3,"minecraft:dark_oak_log":50,"alexsmobs:raw_catfish":2,"biomesoplenty:maple_sapling":8,"minecraft:diamond":5,"minecraft:coal":95,"minecraft:bricks":2},"minecraft:used":{"minecraft:stone_sword":42,"minecraft:stone_shovel":73,"minecraft:poppy":13,"minecraft:chest":2,"minecraft:stone_hoe":16,"minecraft:torch":30,"minecraft:dirt":299,"minecraft:birch_door":2,"minecraft:glass":53,"minecraft:dark_oak_planks":78,"minecraft:bricks":12,"minecraft:furnace":5,"minecraft:cobbled_deepslate":89,"minecraft:water_bucket":2,"minecraft:cobblestone_stairs":16,"minecraft:birch_planks":1,"minecraft:stone_pickaxe":434,"minecraft:oak_planks":114,"minecraft:wooden_pickaxe":13,"minecraft:crafting_table":3,"minecraft:lime_bed":1,"minecraft:diamond_pickaxe":66,"minecraft:iron_pickaxe":177,"create:asurine":12,"minecraft:stone_axe":137,"minecraft:diamond_sword":11,"minecraft:cobblestone":215,"minecraft:dark_oak_fence":20,"minecraft:bucket":3,"alexsmobs:animal_dictionary":2},"minecraft:crafted":{"minecraft:brick":40,"minecraft:wooden_sword":1,"minecraft:oak_planks":116,"minecraft:stone_shovel":1,"minecraft:furnace":2,"minecraft:cobblestone_stairs":16,"minecraft:dark_oak_fence":30,"minecraft:iron_boots":1,"minecraft:stone_pickaxe":2,"minecraft:chest":2,"minecraft:birch_door":3,"minecraft:bricks":10,"minecraft:dark_oak_planks":200,"minecraft:stone_hoe":1,"minecraft:golden_helmet":1,"minecraft:diamond_sword":1,"minecraft:crafting_table":2,"minecraft:wooden_pickaxe":1,"minecraft:iron_helmet":1,"minecraft:bucket":1,"minecraft:birch_planks":48,"minecraft:stone_axe":1,"minecraft:air":0,"rechiseled:chisel":1,"minecraft:wooden_hoe":1,"minecraft:iron_chestplate":1,"minecraft:diamond_pickaxe":1,"minecraft:shield":1,"minecraft:stick":56,"minecraft:iron_ingot":48,"minecraft:iron_pickaxe":4,"minecraft:wooden_axe":1,"minecraft:stone_sword":1,"minecraft:gold_ingot":8,"minecraft:iron_leggings":1,"minecraft:torch":12,"create:zinc_ingot":10},"minecraft:broken":{"minecraft:stone_pickaxe":2,"minecraft:stone_axe":1},"minecraft:mined":{"create:zinc_ore":7,"biomesoplenty:orange_autumn_leaves":23,"create:deepslate_zinc_ore":6,"minecraft:deepslate_diamond_ore":4,"minecraft:cobblestone_stairs":4,"minecraft:dark_oak_log":59,"minecraft:obsidian":19,"minecraft:grass_block":15,"minecraft:furnace":3,"minecraft:iron_ore":32,"biomesoplenty:hanging_cobweb":2,"create:asurine":71,"minecraft:deepslate_iron_ore":19,"biomesoplenty:webbing":2,"biomesoplenty:spider_egg":1,"minecraft:stone":228,"biomesoplenty:hanging_cobweb_strand":1,"minecraft:clay":10,"minecraft:crafting_table":2,"minecraft:torch":4,"minecraft:calcite":10,"minecraft:poppy":10,"minecraft:cobblestone":15,"minecraft:copper_ore":16,"minecraft:glass":3,"minecraft:deepslate_gold_ore":8,"minecraft:oak_planks":5,"minecraft:bricks":2,"minecraft:wall_torch":15,"minecraft:birch_planks":1,"minecraft:lime_bed":1,"minecraft:birch_log":18,"biomesoplenty:yellow_autumn_leaves":4,"minecraft:ice":1,"biomesoplenty:maple_leaves":5,"minecraft:grass":63,"minecraft:coal_ore":58,"minecraft:oak_log":29,"minecraft:dirt":47,"minecraft:gravel":3,"biomesoplenty:stringy_cobweb":1,"minecraft:cobweb":3,"minecraft:gold_ore":1,"minecraft:deepslate":115},"minecraft:dropped":{"minecraft:wheat_seeds":15,"biomesoplenty:maple_sapling":8,"minecraft:cobblestone":11,"minecraft:apple":4,"minecraft:dirt":8,"minecraft:wooden_hoe":1,"minecraft:wooden_axe":1,"minecraft:wooden_sword":1,"minecraft:dandelion":1,"minecraft:gravel":3,"minecraft:stone_sword":1,"minecraft:cobbled_deepslate":17,"biomesoplenty:yellow_autumn_sapling":6,"minecraft:stone_shovel":1,"minecraft:rotten_flesh":1,"biomesoplenty:orange_autumn_sapling":11,"alexsmobs:bear_fur":2,"minecraft:diamond_sword":3,"minecraft:poppy":5,"minecraft:birch_door":1,"rechiseled:chisel":1,"minecraft:stone_pickaxe":2,"minecraft:wooden_pickaxe":1},"minecraft:custom":{"minecraft:mob_kills":13,"minecraft:interact_with_crafting_table":37,"minecraft:time_since_death":141814,"minecraft:sprint_one_cm":432249,"minecraft:walk_one_cm":322779,"minecraft:drop":68,"minecraft:talked_to_villager":1,"minecraft:play_time":148065,"minecraft:deaths":2,"minecraft:sneak_time":12747,"minecraft:walk_under_water_one_cm":3817,"minecraft:jump":1458,"minecraft:walk_on_water_one_cm":6045,"minecraft:total_world_time":148065,"minecraft:interact_with_furnace":33,"minecraft:sleep_in_bed":2,"minecraft:time_since_rest":132764,"minecraft:damage_taken":1276,"minecraft:damage_dealt":2713,"minecraft:swim_one_cm":4811,"minecraft:fly_one_cm":203139,"minecraft:open_chest":56,"minecraft:crouch_one_cm":42697,"minecraft:fall_one_cm":39646}},"DataVersion":3465}