{"stats":{"minecraft:killed":{"alexsmobs:raccoon":1,"minecraft:spider":1,"minecraft:skeleton":7,"minecraft:piglin":3,"minecraft:pig":5,"alexsmobs:grizzly_bear":1,"minecraft:wandering_trader":3,"alexsmobs:catfish":1,"minecraft:trader_llama":6,"minecraft:zombie":4,"alexsmobs:fly":3,"minecraft:enderman":1},"minecraft:picked_up":{"minecraft:crafting_table":3,"minecraft:clay_ball":40,"minecraft:lead":5,"minecraft:diamond_sword":4,"biomesoplenty:orange_autumn_sapling":11,"minecraft:enchanted_book":2,"minecraft:nether_brick":10,"minecraft:soul_soil":7,"alexsmobs:pigshoes":1,"minecraft:string":3,"minecraft:raw_copper":55,"biomesoplenty:yellow_autumn_sapling":6,"minecraft:flint_and_steel":1,"biomesoplenty:brimstone":1,"minecraft:gold_nugget":187,"minecraft:cobbled_deepslate":114,"minecraft:calcite":10,"minecraft:poppy":18,"alexsmobs:raccoon_tail":1,"minecraft:iron_boots":1,"minecraft:furnace":3,"biomesoplenty:rose_quartz_block":46,"minecraft:raw_iron":69,"minecraft:stick":24,"minecraft:torch":20,"minecraft:fire_charge":2,"sophisticatedbackpacks:backpack":1,"minecraft:porkchop":8,"minecraft:dark_oak_planks":1,"minecraft:rotten_flesh":6,"minecraft:arrow":8,"minecraft:stone_shovel":1,"biomesoplenty:rose_quartz_chunk":8,"create:scoria":1,"create:asurine":193,"sophisticatedbackpacks:copper_backpack":1,"minecraft:gold_ingot":8,"minecraft:glow_berries":2,"minecraft:obsidian":19,"minecraft:cobblestone":408,"minecraft:birch_log":26,"minecraft:lime_bed":1,"minecraft:basalt":3,"minecraft:glow_ink_sac":8,"minecraft:leather":8,"minecraft:birch_planks":12,"alexsmobs:bear_fur":2,"create:raw_zinc":13,"minecraft:oak_log":29,"minecraft:cobblestone_stairs":4,"minecraft:dirt":324,"minecraft:bone":10,"minecraft:apple":5,"minecraft:wheat_seeds":18,"minecraft:raw_gold":9,"minecraft:iron_ingot":2,"minecraft:stone_pickaxe":2,"rechiseled:chisel":1,"minecraft:soul_sand":23,"minecraft:oak_planks":3,"biomesoplenty:toadstool":1,"minecraft:quartz":9,"minecraft:dandelion":1,"minecraft:gravel":63,"minecraft:crying_obsidian":6,"minecraft:spectral_arrow":22,"minecraft:dark_oak_log":53,"alexsmobs:raw_catfish":2,"biomesoplenty:maple_sapling":8,"minecraft:diamond":5,"alexsmobs:maggot":2,"minecraft:netherrack":61,"minecraft:coal":95,"minecraft:bricks":2},"minecraft:used":{"minecraft:stone_sword":42,"minecraft:flint_and_steel":6,"minecraft:stone_shovel":73,"minecraft:poppy":13,"minecraft:chest":2,"minecraft:shield":9,"minecraft:cooked_chicken":4,"minecraft:netherrack":33,"minecraft:stone_hoe":16,"minecraft:torch":30,"minecraft:soul_sand":4,"minecraft:dirt":308,"minecraft:obsidian":15,"minecraft:birch_door":2,"minecraft:glass":59,"minecraft:dark_oak_planks":78,"minecraft:bricks":12,"minecraft:soul_soil":1,"minecraft:furnace":5,"minecraft:cobbled_deepslate":89,"minecraft:water_bucket":4,"minecraft:cobblestone_stairs":16,"minecraft:birch_planks":1,"minecraft:stone_pickaxe":434,"minecraft:oak_planks":115,"minecraft:wooden_pickaxe":13,"minecraft:dark_oak_trapdoor":1,"minecraft:crafting_table":4,"minecraft:lime_bed":1,"minecraft:diamond_pickaxe":268,"minecraft:apple":1,"minecraft:iron_pickaxe":377,"create:asurine":101,"minecraft:stone_axe":137,"minecraft:diamond_sword":126,"minecraft:cobblestone":243,"minecraft:cooked_porkchop":7,"minecraft:dark_oak_fence":20,"minecraft:bucket":4,"alexsmobs:animal_dictionary":5},"minecraft:crafted":{"minecraft:brick":40,"minecraft:wooden_sword":1,"minecraft:oak_planks":116,"minecraft:stone_shovel":1,"minecraft:cooked_chicken":4,"minecraft:furnace":2,"minecraft:dark_oak_trapdoor":2,"minecraft:cobblestone_stairs":16,"minecraft:dark_oak_fence":30,"minecraft:iron_boots":1,"minecraft:stone_pickaxe":2,"minecraft:chest":2,"minecraft:birch_door":3,"minecraft:bricks":10,"minecraft:dark_oak_planks":212,"minecraft:stone_hoe":1,"minecraft:golden_helmet":1,"minecraft:diamond_sword":1,"minecraft:cooked_porkchop":8,"minecraft:crafting_table":2,"minecraft:wooden_pickaxe":1,"minecraft:iron_helmet":1,"minecraft:bucket":1,"minecraft:birch_planks":48,"minecraft:stone_axe":1,"minecraft:air":0,"rechiseled:chisel":1,"minecraft:wooden_hoe":1,"minecraft:iron_chestplate":1,"minecraft:diamond_pickaxe":1,"minecraft:shield":1,"minecraft:stick":68,"minecraft:iron_ingot":48,"minecraft:iron_pickaxe":4,"minecraft:wooden_axe":1,"minecraft:stone_sword":1,"minecraft:gold_ingot":25,"minecraft:iron_leggings":1,"minecraft:torch":12,"create:zinc_ingot":10},"minecraft:broken":{"minecraft:stone_pickaxe":2,"minecraft:stone_axe":1},"minecraft:mined":{"create:zinc_ore":7,"minecraft:nether_gold_ore":52,"biomesoplenty:orange_autumn_leaves":23,"create:deepslate_zinc_ore":6,"minecraft:deepslate_diamond_ore":4,"minecraft:cobblestone_stairs":4,"minecraft:dark_oak_log":62,"biomesoplenty:brimstone":1,"minecraft:obsidian":20,"minecraft:grass_block":21,"biomesoplenty:rose_quartz_block":48,"minecraft:soul_soil":9,"minecraft:furnace":3,"minecraft:fire":24,"minecraft:iron_ore":32,"biomesoplenty:hanging_cobweb":2,"create:asurine":194,"biomesoplenty:brimstone_bud":3,"minecraft:deepslate_iron_ore":19,"biomesoplenty:webbing":2,"biomesoplenty:spider_egg":1,"minecraft:stone":273,"biomesoplenty:rose_quartz_cluster":4,"biomesoplenty:medium_rose_quartz_bud":1,"minecraft:soul_sand":15,"minecraft:basalt":3,"biomesoplenty:brimstone_fumarole":1,"biomesoplenty:hanging_cobweb_strand":1,"minecraft:clay":10,"minecraft:crafting_table":3,"minecraft:torch":4,"minecraft:calcite":10,"minecraft:poppy":10,"create:scoria":1,"minecraft:cobblestone":18,"minecraft:copper_ore":16,"minecraft:glass":5,"minecraft:deepslate_gold_ore":8,"minecraft:oak_planks":7,"minecraft:bricks":2,"minecraft:wall_torch":15,"minecraft:birch_planks":1,"minecraft:lime_bed":1,"minecraft:birch_log":18,"biomesoplenty:yellow_autumn_leaves":4,"minecraft:ice":1,"biomesoplenty:large_rose_quartz_bud":3,"biomesoplenty:maple_leaves":5,"minecraft:grass":75,"minecraft:coal_ore":58,"minecraft:oak_log":29,"minecraft:dirt":53,"minecraft:gravel":3,"biomesoplenty:stringy_cobweb":1,"minecraft:cobweb":3,"minecraft:netherrack":74,"minecraft:gold_ore":1,"minecraft:deepslate":115},"minecraft:dropped":{"minecraft:wheat_seeds":16,"biomesoplenty:maple_sapling":8,"minecraft:cobblestone":31,"minecraft:apple":4,"minecraft:dirt":16,"minecraft:wooden_hoe":1,"minecraft:wooden_axe":1,"minecraft:wooden_sword":1,"minecraft:dark_oak_planks":1,"minecraft:dandelion":1,"minecraft:gold_ingot":28,"minecraft:gravel":3,"minecraft:stone_sword":1,"minecraft:cobbled_deepslate":17,"biomesoplenty:yellow_autumn_sapling":6,"minecraft:stone_shovel":1,"minecraft:rotten_flesh":1,"biomesoplenty:orange_autumn_sapling":11,"sophisticatedbackpacks:backpack":1,"alexsmobs:bear_fur":2,"minecraft:diamond_sword":4,"minecraft:poppy":5,"minecraft:beetroot_seeds":7,"minecraft:birch_door":1,"rechiseled:chisel":1,"minecraft:stone_pickaxe":2,"minecraft:wooden_pickaxe":1},"minecraft:custom":{"minecraft:mob_kills":36,"minecraft:interact_with_crafting_table":49,"minecraft:damage_dealt_resisted":452,"minecraft:time_since_death":225814,"minecraft:sprint_one_cm":672284,"minecraft:walk_one_cm":549864,"minecraft:damage_blocked_by_shield":240,"minecraft:drop":133,"minecraft:talked_to_villager":6,"minecraft:play_time":232065,"minecraft:deaths":2,"minecraft:sneak_time":13940,"minecraft:walk_under_water_one_cm":4361,"minecraft:jump":2380,"minecraft:walk_on_water_one_cm":6159,"minecraft:total_world_time":232065,"minecraft:interact_with_furnace":43,"minecraft:sleep_in_bed":2,"minecraft:time_since_rest":216764,"minecraft:damage_taken":2518,"minecraft:damage_dealt":7316,"minecraft:swim_one_cm":4811,"minecraft:fly_one_cm":339481,"minecraft:open_chest":80,"minecraft:crouch_one_cm":47462,"minecraft:fall_one_cm":63886}},"DataVersion":3465}