{"stats":{"minecraft:killed":{"minecraft:skeleton":1,"minecraft:pig":1,"alexsmobs:grizzly_bear":1},"minecraft:picked_up":{"minecraft:birch_log":19,"minecraft:lime_bed":1,"minecraft:raw_iron":21,"minecraft:stick":19,"minecraft:glow_ink_sac":1,"biomesoplenty:orange_autumn_sapling":8,"alexsmobs:bear_fur":2,"minecraft:gravel":3,"minecraft:porkchop":1,"minecraft:oak_log":29,"biomesoplenty:yellow_autumn_sapling":3,"minecraft:dark_oak_log":36,"minecraft:string":1,"minecraft:dirt":18,"minecraft:raw_copper":55,"minecraft:arrow":4,"biomesoplenty:maple_sapling":6,"minecraft:bone":2,"minecraft:rotten_flesh":1,"minecraft:stone_shovel":1,"minecraft:apple":1,"minecraft:stone_pickaxe":1,"minecraft:coal":43,"minecraft:cobblestone":125},"minecraft:used":{"minecraft:stone_sword":18,"minecraft:stone_shovel":16,"minecraft:stone_pickaxe":222,"minecraft:oak_planks":18,"minecraft:wooden_pickaxe":13,"minecraft:stone_axe":88,"minecraft:dirt":10,"minecraft:cobblestone":9,"minecraft:crafting_table":1,"alexsmobs:animal_dictionary":1},"minecraft:crafted":{"minecraft:wooden_sword":1,"minecraft:oak_planks":20,"minecraft:stone_shovel":1,"minecraft:wooden_hoe":1,"minecraft:crafting_table":1,"minecraft:stick":16,"minecraft:wooden_pickaxe":1,"minecraft:stone_pickaxe":2,"minecraft:wooden_axe":1,"minecraft:stone_sword":1,"minecraft:torch":12,"minecraft:birch_planks":28,"minecraft:stone_axe":1},"minecraft:mined":{"biomesoplenty:orange_autumn_leaves":23,"minecraft:lime_bed":1,"minecraft:iron_ore":21,"minecraft:birch_log":13,"minecraft:dark_oak_log":37,"biomesoplenty:maple_leaves":5,"minecraft:grass":1,"minecraft:coal_ore":43,"minecraft:grass_block":4,"minecraft:oak_log":29,"minecraft:gravel":3,"minecraft:dirt":15,"biomesoplenty:stringy_cobweb":1,"minecraft:copper_ore":16,"minecraft:cobweb":2,"minecraft:cobblestone":2,"biomesoplenty:spider_egg":1,"minecraft:stone":131},"minecraft:broken":{"minecraft:stone_pickaxe":1},"minecraft:dropped":{"minecraft:wooden_hoe":1,"minecraft:wooden_axe":1,"minecraft:stone_shovel":1,"biomesoplenty:maple_sapling":3,"minecraft:wooden_sword":1,"minecraft:stone_pickaxe":1,"minecraft:wooden_pickaxe":1},"minecraft:custom":{"minecraft:time_since_rest":18764,"minecraft:interact_with_furnace":3,"minecraft:sprint_one_cm":85343,"minecraft:damage_taken":655,"minecraft:walk_one_cm":73544,"minecraft:mob_kills":3,"minecraft:drop":9,"minecraft:damage_dealt":844,"minecraft:interact_with_crafting_table":4,"minecraft:fly_one_cm":39440,"minecraft:open_chest":2,"minecraft:crouch_one_cm":4841,"minecraft:play_time":34065,"minecraft:deaths":2,"minecraft:sneak_time":2830,"minecraft:jump":327,"minecraft:time_since_death":27814,"minecraft:sleep_in_bed":2,"minecraft:total_world_time":34065,"minecraft:fall_one_cm":10375}},"DataVersion":3465}