{"stats":{"minecraft:killed":{"minecraft:pig":3,"minecraft:zombie_villager":1,"minecraft:spider":4,"minecraft:iron_golem":1,"minecraft:creeper":2,"minecraft:skeleton":3,"minecraft:zombie":6},"minecraft:picked_up":{"minecraft:crafting_table":3,"minecraft:potato":17,"biomesoplenty:fir_sapling":34,"biomesoplenty:fir_log":174,"minecraft:tuff":7,"create:raw_zinc":42,"minecraft:gunpowder":1,"minecraft:lapis_lazuli":4,"minecraft:string":1,"minecraft:dirt":13,"minecraft:raw_copper":22,"biomesoplenty:snowblossom_sapling":71,"farmersdelight:organic_compost":3,"minecraft:bone":5,"minecraft:wheat_seeds":5,"minecraft:cobbled_deepslate":108,"minecraft:rabbit_hide":1,"minecraft:spruce_planks":62,"minecraft:iron_ingot":6,"minecraft:wooden_shovel":2,"minecraft:poppy":1,"minecraft:iron_pickaxe":1,"minecraft:oak_planks":1,"minecraft:furnace":1,"minecraft:stick":67,"minecraft:raw_iron":152,"minecraft:oak_fence":1,"minecraft:torch":4,"minecraft:porkchop":7,"minecraft:cherry_log":141,"minecraft:stripped_spruce_log":12,"minecraft:spruce_door":1,"minecraft:blast_furnace":4,"minecraft:spider_eye":1,"minecraft:carrot":3,"minecraft:redstone":28,"minecraft:arrow":4,"minecraft:rotten_flesh":6,"minecraft:diamond":17,"farmersdelight:onion":7,"minecraft:iron_helmet":2,"biomesoplenty:white_petals":4,"minecraft:coal":52,"minecraft:snowball":1,"minecraft:cobblestone":261},"minecraft:used":{"minecraft:spruce_planks":27,"minecraft:shield":22,"minecraft:diamond_axe":219,"minecraft:wooden_shovel":47,"minecraft:stone_hoe":131,"farmersdelight:organic_compost":3,"minecraft:iron_chestplate":1,"minecraft:torch":1,"minecraft:dirt":13,"minecraft:crafting_table":7,"minecraft:blast_furnace":3,"minecraft:diamond_helmet":1,"minecraft:diamond_pickaxe":301,"minecraft:bread":18,"minecraft:iron_pickaxe":297,"minecraft:iron_axe":233,"minecraft:iron_helmet":1,"minecraft:iron_boots":1,"minecraft:cobblestone":85,"biomesoplenty:fir_log":2,"minecraft:cobbled_deepslate":42},"minecraft:crafted":{"minecraft:wooden_shovel":1,"minecraft:diamond_axe":1,"minecraft:crafting_table":4,"minecraft:spruce_planks":48,"minecraft:air":0,"biomesoplenty:fir_planks":16,"minecraft:diamond_helmet":1,"minecraft:iron_boots":1,"minecraft:iron_chestplate":1,"minecraft:diamond_pickaxe":1,"minecraft:shield":1,"minecraft:iron_axe":1,"minecraft:stick":8,"minecraft:iron_ingot":13,"minecraft:iron_pickaxe":2,"minecraft:stone_hoe":1},"minecraft:broken":{"minecraft:iron_axe":1,"minecraft:iron_pickaxe":1,"minecraft:stone_hoe":1},"minecraft:mined":{"create:zinc_ore":27,"minecraft:podzol":1,"minecraft:deepslate_redstone_ore":6,"create:deepslate_zinc_ore":15,"minecraft:tuff":7,"minecraft:spruce_planks":3,"farmersdelight:onions":7,"farmersdelight:organic_compost":3,"minecraft:deepslate_diamond_ore":17,"minecraft:cherry_log":155,"minecraft:sculk_vein":7,"minecraft:spruce_door":1,"minecraft:powder_snow":6,"minecraft:oak_fence":2,"minecraft:crafting_table":3,"minecraft:blast_furnace":4,"minecraft:grass_block":2,"minecraft:sculk_sensor":1,"biomesoplenty:white_petals":1,"minecraft:copper_ore":7,"minecraft:lapis_ore":1,"minecraft:oak_planks":1,"minecraft:sculk":137,"minecraft:wall_torch":1,"minecraft:furnace":1,"minecraft:sculk_catalyst":1,"minecraft:carrots":3,"minecraft:iron_ore":101,"minecraft:wheat":5,"minecraft:snow":1,"minecraft:stripped_spruce_log":12,"biomesoplenty:fir_log":181,"minecraft:grass":1,"minecraft:potatoes":17,"minecraft:coal_ore":24,"biomesoplenty:fir_leaves":1,"minecraft:deepslate_iron_ore":8,"minecraft:gravel":4,"minecraft:dirt":10,"minecraft:stone":258,"minecraft:fern":3,"minecraft:deepslate":107},"minecraft:dropped":{"minecraft:iron_ingot":3,"minecraft:furnace":1,"minecraft:porkchop":7,"minecraft:wheat_seeds":5,"minecraft:tuff":7,"minecraft:oak_fence":1,"minecraft:iron_helmet":3,"minecraft:activator_rail":3,"minecraft:poppy":1,"biomesoplenty:fir_planks":8,"minecraft:wooden_shovel":3,"minecraft:snowball":1,"minecraft:iron_pickaxe":1},"minecraft:custom":{"minecraft:mob_kills":21,"minecraft:interact_with_crafting_table":16,"minecraft:leave_game":1,"minecraft:time_since_death":10596,"minecraft:time_since_rest":10625,"minecraft:sprint_one_cm":130867,"minecraft:damage_taken":869,"minecraft:walk_one_cm":116875,"minecraft:damage_blocked_by_shield":1500,"minecraft:drop":19,"minecraft:damage_dealt":4661,"minecraft:swim_one_cm":970,"minecraft:player_kills":1,"minecraft:fly_one_cm":93744,"minecraft:open_chest":2,"minecraft:crouch_one_cm":1584,"minecraft:play_time":48090,"minecraft:deaths":1,"minecraft:sneak_time":502,"minecraft:walk_under_water_one_cm":1765,"minecraft:jump":699,"minecraft:interact_with_blast_furnace":8,"minecraft:walk_on_water_one_cm":6166,"minecraft:total_world_time":48090,"minecraft:fall_one_cm":12952}},"DataVersion":3465}