{"stats":{"minecraft:mined":{"create:zinc_ore":22,"minecraft:spruce_planks":1,"minecraft:white_bed":3,"minecraft:oak_sapling":19,"minecraft:mossy_cobblestone":1,"minecraft:candle":1,"minecraft:cherry_log":24,"minecraft:stripped_cherry_log":1,"minecraft:ladder":5,"biomesoplenty:bush":2,"minecraft:allium":1,"minecraft:grass_block":820,"unusualprehistory:plant_fossil":18,"biomesoplenty:flowering_oak_leaves":4,"minecraft:spruce_leaves":3,"biomesoplenty:jacaranda_sapling":231,"biomesoplenty:dune_grass":33,"minecraft:large_fern":7,"minecraft:smooth_stone":61,"minecraft:tall_seagrass":3,"biomesoplenty:jacaranda_log":793,"biomesoplenty:tall_lavender":73,"minecraft:furnace":1,"minecraft:iron_ore":37,"biomesoplenty:lavender":138,"minecraft:andesite":1,"minecraft:gold_block":1,"minecraft:brown_bed":1,"biomesoplenty:sea_oats":60,"minecraft:cobblestone_slab":14,"minecraft:deepslate_iron_ore":3,"crittersandcompanions:silk_cocoon":2,"minecraft:stone":398,"biomesoplenty:jacaranda_leaves":207,"minecraft:deepslate_redstone_ore":10,"minecraft:oak_slab":4,"biomesoplenty:jacaranda_fence_gate":3,"biomesoplenty:jacaranda_planks":269,"minecraft:stone_brick_slab":85,"minecraft:cornflower":1,"minecraft:blast_furnace":1,"minecraft:calcite":4,"minecraft:poppy":1,"minecraft:chest":1,"biomesoplenty:stripped_jacaranda_log":48,"minecraft:copper_ore":17,"minecraft:tall_grass":37,"minecraft:cobblestone":69,"minecraft:amethyst_block":153,"minecraft:deepslate_copper_ore":7,"minecraft:spruce_log":14,"minecraft:birch_leaves":3,"minecraft:orange_tulip":1,"biomesoplenty:umbran_log":9,"minecraft:stone_brick_stairs":46,"minecraft:smooth_stone_slab":270,"minecraft:grass":1428,"elevatorid:elevator_white":1,"minecraft:oak_log":51,"minecraft:coal_ore":171,"minecraft:gravel":8,"minecraft:dirt":1654,"biomesoplenty:flowering_oak_sapling":8,"biomesoplenty:umbran_leaves":2,"minecraft:smooth_basalt":5,"minecraft:stone_bricks":77,"minecraft:stonecutter":1,"biomesoplenty:redwood_wood":1,"minecraft:oak_leaves":46,"minecraft:deepslate":4,"minecraft:fern":3,"minecraft:dark_oak_planks":3},"minecraft:broken":{"minecraft:iron_axe":4,"minecraft:iron_pickaxe":3,"selfexpression:death_king_chestplate":1},"minecraft:used":{"minecraft:cherry_sapling":385,"minecraft:writable_book":2,"biomesoplenty:jacaranda_fence_gate":73,"biomesoplenty:redwood_planks":4,"minecraft:ladder":46,"minecraft:chest":13,"minecraft:spruce_planks":29,"minecraft:shield":7,"minecraft:iron_sword":1,"minecraft:rotten_flesh":2,"minecraft:torch":38,"minecraft:dirt":811,"crittersandcompanions:otter_spawn_egg":1,"minecraft:carrot":2,"biomesoplenty:jacaranda_slab":5,"minecraft:dark_oak_planks":59,"minecraft:spruce_boat":3,"minecraft:stone_brick_slab":186,"minecraft:iron_axe":1339,"minecraft:grass_block":85,"minecraft:iron_helmet":2,"biomesoplenty:jacaranda_log":2,"minecraft:stone_brick_stairs":301,"minecraft:stone_bricks":991,"selfexpression:death_king_chestplate":1,"minecraft:bow":1,"biomesoplenty:jacaranda_fence":1,"minecraft:cherry_log":2,"minecraft:brown_bed":1,"minecraft:water_bucket":164,"minecraft:stone_pickaxe":57,"fusion:steel_pickaxe":11,"minecraft:wooden_pickaxe":31,"minecraft:cobblestone_slab":92,"minecraft:stonecutter":1,"create_sa:brass_jetpack_chestplate":1,"elevatorid:elevator_white":3,"minecraft:crafting_table":6,"minecraft:blast_furnace":1,"minecraft:white_bed":1,"biomesoplenty:jacaranda_planks":213,"minecraft:oak_log":1,"waystones:waystone":4,"biomesoplenty:umbran_planks":16,"rotted:rotten_brain":1,"minecraft:bread":117,"minecraft:iron_pickaxe":1699,"biomesoplenty:stripped_jacaranda_log":412,"minecraft:stone_axe":17,"minecraft:fishing_rod":1,"minecraft:cobblestone":511,"minecraft:porkchop":1,"minecraft:bucket":33,"minecraft:pumpkin_pie":1,"minecraft:smooth_stone_slab":337,"minecraft:stripped_cherry_log":1,"selfexpression:scarecrow_helmet":1,"minecraft:smooth_stone":361},"minecraft:picked_up":{"minecraft:wooden_axe":1,"minecraft:wheat":2,"minecraft:ladder":7,"minecraft:brown_bed":2,"minecraft:gold_block":1,"biomesoplenty:jacaranda_sapling":471,"biomesoplenty:jacaranda_fence_gate":4,"minecraft:stripped_cherry_log":450,"minecraft:stone_brick_stairs":46,"minecraft:amethyst_block":153,"minecraft:cornflower":1,"minecraft:string":1,"minecraft:raw_copper":82,"minecraft:iron_axe":1,"minecraft:smooth_stone_slab":274,"biomesoplenty:tall_lavender":61,"minecraft:cobbled_deepslate":4,"minecraft:candle":2,"minecraft:smooth_stone":59,"minecraft:spruce_planks":1,"minecraft:cobblestone_slab":19,"minecraft:calcite":4,"unusualprehistory:plant_fossil_item":18,"minecraft:iron_nugget":1,"minecraft:poppy":2,"minecraft:iron_pickaxe":1,"minecraft:light_gray_wool":1,"biomesoplenty:redwood_wood":1,"minecraft:chest":2,"minecraft:furnace":1,"minecraft:dark_oak_sapling":1,"minecraft:stick":345,"minecraft:raw_iron":46,"minecraft:torch":64,"minecraft:porkchop":1,"minecraft:cherry_log":551,"minecraft:carrot":1,"minecraft:redstone":43,"minecraft:dark_oak_planks":1,"minecraft:stone_sword":1,"minecraft:arrow":16,"minecraft:rotten_flesh":25,"biomesoplenty:jacaranda_log":1134,"crittersandcompanions:silk":7,"minecraft:mutton":11,"securitycraft:keypad_door_item":5,"minecraft:white_wool":6,"minecraft:cobblestone":329,"biomesoplenty:lavender":107,"minecraft:andesite":1,"minecraft:flint":3,"create:raw_zinc":22,"minecraft:oak_log":54,"securitycraft:keypad_chest":4,"biomesoplenty:jacaranda_planks":250,"minecraft:gunpowder":2,"minecraft:lapis_lazuli":46,"minecraft:dirt":1992,"securitycraft:scanner_door_item":2,"minecraft:name_tag":3,"minecraft:bone":13,"minecraft:apple":5,"minecraft:stone_bricks":70,"minecraft:bow":5,"minecraft:stonecutter":1,"minecraft:wheat_seeds":143,"minecraft:rabbit_hide":4,"minecraft:iron_ingot":20,"rechiseled:chisel":1,"biomesoplenty:umbran_log":5,"elevatorid:elevator_white":1,"minecraft:oak_slab":4,"securitycraft:universal_block_reinforcer_lvl3":3,"minecraft:smooth_basalt":5,"minecraft:stone_brick_slab":97,"minecraft:poisonous_potato":2,"minecraft:gravel":15,"minecraft:spruce_sapling":3,"minecraft:blast_furnace":1,"minecraft:white_bed":3,"minecraft:spruce_log":7,"minecraft:mossy_cobblestone":1,"biomesoplenty:flowering_oak_sapling":11,"securitycraft:universal_block_remover":4,"waystones:waystone":5,"minecraft:writable_book":1,"minecraft:cherry_sapling":4,"minecraft:bread":2,"minecraft:oak_sapling":26,"rotted:rotten_brain":4,"biomesoplenty:stripped_jacaranda_log":297,"minecraft:coal":241,"minecraft:ender_pearl":1},"minecraft:custom":{"minecraft:interact_with_smithing_table":1,"minecraft:mob_kills":87,"minecraft:interact_with_crafting_table":28,"minecraft:open_barrel":1,"goblintraders:trade_with_goblin":79,"minecraft:bell_ring":1,"minecraft:leave_game":13,"minecraft:time_since_death":282004,"minecraft:climb_one_cm":7232,"minecraft:sprint_one_cm":710364,"minecraft:walk_one_cm":1035842,"minecraft:damage_blocked_by_shield":290,"minecraft:drop":185,"minecraft:damage_dealt_absorbed":67,"minecraft:talked_to_villager":6,"minecraft:play_time":419616,"minecraft:sneak_time":23038,"minecraft:deaths":3,"minecraft:walk_under_water_one_cm":20805,"minecraft:jump":5537,"minecraft:interact_with_blast_furnace":5,"minecraft:walk_on_water_one_cm":9665,"minecraft:total_world_time":419616,"spartanshields:shield_bash_hits":1,"minecraft:interact_with_loom":1,"minecraft:interact_with_stonecutter":3,"minecraft:sleep_in_bed":6,"minecraft:waystone_activated":6,"minecraft:time_since_rest":282037,"minecraft:damage_taken":7802,"minecraft:damage_dealt":18419,"minecraft:swim_one_cm":58711,"minecraft:fly_one_cm":1169815,"minecraft:open_chest":126,"minecraft:crouch_one_cm":72147,"minecraft:fall_one_cm":166422},"minecraft:killed":{"minecraft:spider":2,"rotted:doctor":5,"rotted:miner":8,"minecraft:skeleton":10,"rotted:adventurer":12,"minecraft:drowned":2,"minecraft:pig":1,"rotted:shielder":2,"rotted:farmer":6,"rotted:flusk":2,"minecraft:iron_golem":5,"rotted:marine":4,"minecraft:creeper":2,"minecraft:sheep":7,"minecraft:zombie":9},"minecraft:crafted":{"minecraft:oak_planks":32,"minecraft:cobblestone_slab":6,"mvw:iron_katana":1,"minecraft:smooth_stone_slab":42,"minecraft:stone_brick_slab":126,"minecraft:bow":1,"minecraft:iron_boots":1,"minecraft:iron_axe":1,"minecraft:ladder":51,"minecraft:stone_pickaxe":1,"minecraft:chest":13,"minecraft:spruce_boat":2,"biomesoplenty:jacaranda_pressure_plate":1,"biomesoplenty:umbran_planks":16,"biomesoplenty:jacaranda_planks":440,"minecraft:crafting_table":6,"minecraft:spruce_planks":188,"biomesoplenty:redwood_planks":4,"minecraft:wooden_pickaxe":1,"minecraft:copper_ingot":60,"minecraft:stone_axe":2,"biomesoplenty:jacaranda_slab":6,"minecraft:air":0,"biomesoplenty:jacaranda_fence":3,"minecraft:stone_brick_stairs":8,"minecraft:iron_chestplate":1,"minecraft:shield":1,"minecraft:stick":144,"minecraft:iron_ingot":98,"minecraft:iron_pickaxe":4,"minecraft:iron_leggings":1},"minecraft:dropped":{"sophisticatedbackpacks:iron_backpack":2,"minecraft:bread":73,"minecraft:wheat_seeds":2,"minecraft:cherry_log":784,"minecraft:dark_oak_sapling":1,"create_sa:copper_jetpack_chestplate":1,"biomesoplenty:lavender":64,"minecraft:iron_helmet":1,"minecraft:cobblestone":64,"biomesoplenty:jacaranda_planks":210,"biomesoplenty:jacaranda_log":676,"sophisticatedbackpacks:gold_backpack":1,"minecraft:dirt":374,"minecraft:torch":512,"minecraft:cornflower":1,"minecraft:writable_book":2,"minecraft:iron_pickaxe":5,"minecraft:smooth_stone":524,"minecraft:spruce_sapling":2,"minecraft:stone_axe":1,"securitycraft:universal_block_reinforcer_lvl3":5,"biomesoplenty:jacaranda_fence_gate":90,"securitycraft:keypad_door_item":9,"minecraft:cherry_sapling":128,"minecraft:rotten_flesh":1,"create_sa:large_filling_tank":1,"securitycraft:universal_block_remover":6,"minecraft:cobblestone_slab":125,"minecraft:spruce_planks":1,"securitycraft:scanner_door_item":6,"biomesoplenty:stripped_jacaranda_log":896,"minecraft:stripped_cherry_log":513,"rechiseled:chisel":3,"minecraft:bow":2,"minecraft:stone_pickaxe":2,"securitycraft:keypad_chest":12,"minecraft:stone_brick_stairs":257}},"DataVersion":3465}