{"stats":{"minecraft:picked_up":{"minecraft:crafting_table":1,"minecraft:wooden_pickaxe":1,"biomesoplenty:fir_log":3,"minecraft:flint":31,"minecraft:tuff":628,"create:raw_zinc":92,"minecraft:lapis_lazuli":45,"minecraft:dirt":79,"minecraft:raw_copper":25,"minecraft:cobbled_deepslate":2608,"minecraft:cobbled_deepslate_slab":18,"minecraft:spruce_planks":72,"minecraft:iron_ingot":4,"minecraft:stone_pickaxe":19,"minecraft:wooden_shovel":1,"minecraft:iron_pickaxe":2,"minecraft:furnace":3,"minecraft:stick":23,"minecraft:raw_iron":41,"minecraft:torch":6,"minecraft:gravel":350,"minecraft:porkchop":7,"minecraft:stripped_spruce_log":44,"minecraft:redstone":79,"minecraft:spruce_door":1,"minecraft:diamond":5,"waystones:waystone":1,"minecraft:iron_helmet":1,"minecraft:gray_wool":257,"minecraft:rail":69,"minecraft:cobblestone":112,"minecraft:wooden_axe":1},"minecraft:used":{"minecraft:spruce_door":1,"minecraft:stone_pickaxe":4116,"minecraft:wooden_pickaxe":108,"minecraft:iron_chestplate":1,"minecraft:torch":11,"minecraft:dirt":4,"minecraft:crafting_table":7,"minecraft:iron_axe":1,"minecraft:bread":26,"minecraft:iron_pickaxe":656,"minecraft:iron_helmet":1,"minecraft:iron_boots":1,"minecraft:cobblestone":23,"minecraft:furnace":4,"minecraft:gray_wool":148,"minecraft:cobbled_deepslate":21,"minecraft:diamond_leggings":1,"minecraft:iron_leggings":1},"minecraft:crafted":{"minecraft:crafting_table":6,"minecraft:spruce_planks":176,"minecraft:wooden_pickaxe":1,"minecraft:furnace":2,"ironfurnaces:upgrade_iron":1,"minecraft:air":0,"minecraft:iron_boots":1,"minecraft:iron_chestplate":1,"minecraft:shield":1,"minecraft:iron_axe":1,"minecraft:stick":60,"minecraft:iron_ingot":31,"minecraft:iron_pickaxe":1,"minecraft:stone_pickaxe":26,"minecraft:iron_leggings":1},"minecraft:killed_by":{"minecraft:player":1},"minecraft:mined":{"minecraft:deepslate_redstone_ore":33,"create:deepslate_zinc_ore":55,"minecraft:tuff":938,"minecraft:deepslate_diamond_ore":5,"minecraft:sculk_vein":34,"minecraft:crafting_table":1,"minecraft:torch":1,"minecraft:grass_block":4,"minecraft:sculk_sensor":3,"minecraft:copper_ore":8,"minecraft:deepslate_gold_ore":12,"minecraft:lapis_ore":3,"minecraft:sculk":992,"minecraft:wall_torch":6,"minecraft:gray_wool":258,"minecraft:sculk_catalyst":1,"minecraft:furnace":2,"minecraft:iron_ore":31,"minecraft:cobbled_deepslate":2,"minecraft:stripped_spruce_log":44,"minecraft:deepslate_lapis_ore":7,"minecraft:grass":1,"minecraft:deepslate_iron_ore":8,"minecraft:rail":72,"minecraft:gravel":455,"minecraft:dirt":75,"minecraft:stone":84,"minecraft:deepslate":3598},"minecraft:broken":{"minecraft:stone_pickaxe":31,"minecraft:iron_pickaxe":2,"minecraft:wooden_pickaxe":2},"minecraft:dropped":{"biomesoplenty:fir_log":3,"minecraft:gravel":350,"minecraft:iron_ingot":1,"minecraft:lapis_lazuli":64,"minecraft:cobbled_deepslate":2649,"minecraft:diamond":5,"minecraft:tuff":671,"minecraft:raw_iron":3,"minecraft:cobblestone":69,"minecraft:cobbled_deepslate_slab":18,"minecraft:rail":9,"minecraft:golden_apple":1,"minecraft:stick":1,"minecraft:dirt":75,"fusion:bronze_shovel":1,"minecraft:wooden_shovel":1,"create:raw_zinc":37,"minecraft:redstone":79},"minecraft:custom":{"minecraft:interact_with_furnace":42,"minecraft:interact_with_crafting_table":19,"minecraft:leave_game":1,"minecraft:time_since_death":37424,"minecraft:time_since_rest":37463,"minecraft:waystone_activated":1,"minecraft:sprint_one_cm":95317,"minecraft:damage_taken":608,"minecraft:walk_one_cm":122370,"minecraft:drop":86,"minecraft:damage_dealt":32,"minecraft:swim_one_cm":1140,"minecraft:fly_one_cm":38591,"minecraft:open_chest":4,"minecraft:crouch_one_cm":34257,"minecraft:play_time":57332,"minecraft:deaths":1,"minecraft:sneak_time":8778,"minecraft:walk_under_water_one_cm":196,"minecraft:jump":670,"minecraft:interact_with_blast_furnace":4,"minecraft:walk_on_water_one_cm":1541,"minecraft:total_world_time":57332,"minecraft:fall_one_cm":12934}},"DataVersion":3465}