{"stats":{"minecraft:killed":{"minecraft:spider":5,"minecraft:skeleton":6,"minecraft:chicken":18,"minecraft:pig":5,"alexsmobs:grizzly_bear":1,"minecraft:sheep":2,"minecraft:pillager":6,"minecraft:zombie":15,"minecraft:cow":23},"minecraft:picked_up":{"minecraft:redstone_block":1,"minecraft:chicken":26,"minecraft:brown_mushroom":2,"biomesoplenty:orange_autumn_sapling":78,"minecraft:heavy_weighted_pressure_plate":1,"minecraft:string":45,"minecraft:moss_carpet":2,"minecraft:raw_copper":10,"biomesoplenty:yellow_autumn_sapling":6,"minecraft:cobbled_deepslate":66,"minecraft:beef":45,"minecraft:poppy":1,"ironfurnaces:diamond_furnace":1,"minecraft:birch_sapling":18,"minecraft:egg":8,"minecraft:stick":99,"minecraft:raw_iron":237,"minecraft:porkchop":10,"minecraft:redstone":93,"minecraft:dark_oak_planks":124,"minecraft:arrow":3,"minecraft:rotten_flesh":18,"ironfurnaces:gold_furnace":1,"create:asurine":4,"minecraft:glow_berries":12,"minecraft:mutton":8,"minecraft:cobblestone":397,"minecraft:white_wool":2,"minecraft:birch_log":41,"minecraft:feather":28,"minecraft:cooked_beef":2,"minecraft:glow_ink_sac":3,"minecraft:andesite":143,"minecraft:leather":33,"minecraft:red_mushroom":1,"paraglider:spirit_orb":2,"minecraft:flint":1,"create:raw_zinc":32,"minecraft:oak_log":64,"minecraft:lapis_lazuli":15,"minecraft:dirt":136,"minecraft:white_banner":2,"minecraft:bone":15,"minecraft:apple":4,"minecraft:bow":1,"minecraft:wheat_seeds":135,"minecraft:raw_gold":22,"minecraft:iron_ingot":58,"minecraft:cooked_chicken":5,"minecraft:oak_planks":1,"ironfurnaces:iron_furnace":2,"biomesoplenty:toadstool":1,"securitycraft:universal_block_reinforcer_lvl3":1,"minecraft:sweet_berries":11,"minecraft:spruce_sapling":22,"minecraft:spruce_log":37,"minecraft:dark_oak_log":148,"alexsmobs:animal_dictionary":2,"biomesoplenty:maple_sapling":7,"minecraft:pumpkin_seeds":1,"minecraft:diamond":19,"minecraft:stone_axe":1,"minecraft:crossbow":3,"minecraft:oak_sapling":30,"minecraft:black_wool":1,"minecraft:dark_oak_fence":20,"minecraft:coal":80},"minecraft:used":{"ironfurnaces:gold_furnace":1,"minecraft:stone_shovel":64,"minecraft:chest":5,"minecraft:shield":29,"minecraft:iron_sword":172,"minecraft:cooked_chicken":11,"minecraft:rotten_flesh":4,"minecraft:iron_chestplate":1,"minecraft:dirt":106,"ironfurnaces:diamond_furnace":1,"minecraft:glass":1,"minecraft:dark_oak_planks":1,"minecraft:iron_axe":360,"ironfurnaces:iron_furnace":2,"minecraft:sweet_berries":20,"minecraft:furnace":1,"minecraft:cooked_beef":14,"minecraft:cobbled_deepslate":65,"minecraft:iron_leggings":1,"minecraft:stone_pickaxe":209,"minecraft:oak_planks":16,"minecraft:crafting_table":4,"minecraft:spruce_log":2,"minecraft:oak_log":1,"minecraft:apple":2,"minecraft:bread":3,"minecraft:iron_pickaxe":825,"create:asurine":4,"minecraft:stone_axe":20,"minecraft:cobblestone":77,"minecraft:cooked_porkchop":3,"minecraft:andesite":27,"minecraft:experience_bottle":2},"minecraft:crafted":{"minecraft:oak_planks":44,"minecraft:stone_shovel":4,"minecraft:cooked_chicken":11,"minecraft:furnace":1,"minecraft:heavy_weighted_pressure_plate":1,"minecraft:cooked_mutton":0,"minecraft:glass":0,"minecraft:iron_boots":1,"minecraft:iron_axe":2,"minecraft:stone_pickaxe":2,"minecraft:chest":6,"minecraft:redstone_block":1,"minecraft:dark_oak_planks":128,"sophisticatedbackpacks:iron_backpack":1,"minecraft:cooked_beef":15,"paraglider:paraglider":2,"minecraft:crossbow":1,"minecraft:emerald":4,"sophisticatedbackpacks:backpack":1,"minecraft:cooked_porkchop":3,"minecraft:crafting_table":4,"minecraft:spruce_planks":20,"minecraft:iron_helmet":1,"minecraft:iron_sword":1,"ironfurnaces:upgrade_iron":1,"minecraft:gold_block":1,"minecraft:birch_planks":56,"minecraft:air":0,"ironfurnaces:upgrade_gold":1,"minecraft:iron_chestplate":1,"minecraft:shield":1,"minecraft:stick":40,"minecraft:iron_ingot":106,"minecraft:iron_pickaxe":4,"minecraft:iron_leggings":1,"minecraft:gold_ingot":0,"ironfurnaces:upgrade_diamond":1},"minecraft:broken":{"minecraft:stone_pickaxe":1,"minecraft:iron_axe":1,"minecraft:iron_pickaxe":3},"minecraft:mined":{"minecraft:dark_oak_planks":1,"create:zinc_ore":31,"minecraft:diamond_ore":2,"minecraft:deepslate_diamond_ore":17,"minecraft:dark_oak_log":92,"minecraft:cave_vines_plant":21,"minecraft:dark_oak_fence":10,"minecraft:grass_block":7,"minecraft:spruce_leaves":353,"minecraft:red_mushroom":1,"minecraft:spawner":1,"minecraft:large_fern":67,"minecraft:redstone_ore":3,"ironfurnaces:gold_furnace":1,"biomesoplenty:toadstool":4,"minecraft:iron_ore":86,"minecraft:andesite":198,"minecraft:moss_carpet":2,"minecraft:deepslate_lapis_ore":6,"minecraft:cave_vines":65,"minecraft:deepslate_iron_ore":139,"biomesoplenty:webbing":3,"biomesoplenty:spider_egg":1,"minecraft:stone":317,"minecraft:deepslate_redstone_ore":10,"minecraft:brown_mushroom":2,"minecraft:dandelion":1,"ironfurnaces:iron_furnace":2,"minecraft:poppy":1,"minecraft:glass":1,"minecraft:tall_grass":263,"minecraft:cobblestone":15,"minecraft:deepslate_gold_ore":6,"minecraft:oak_planks":1,"minecraft:birch_log":35,"minecraft:sweet_berry_bush":4,"minecraft:spruce_log":36,"minecraft:birch_leaves":349,"minecraft:pumpkin_stem":4,"minecraft:grass":1023,"minecraft:oak_log":48,"minecraft:coal_ore":38,"minecraft:dirt":90,"minecraft:cobweb":44,"minecraft:gold_ore":11,"minecraft:oak_leaves":570,"minecraft:deepslate":65,"minecraft:fern":88},"minecraft:dropped":{"minecraft:brown_mushroom":2,"minecraft:wheat_seeds":50,"minecraft:cooked_beef":4,"minecraft:glow_ink_sac":2,"minecraft:red_mushroom":1,"minecraft:stick":7,"paraglider:paraglider":1,"minecraft:spruce_sapling":18,"minecraft:moss_carpet":2,"minecraft:cooked_chicken":5,"biomesoplenty:yellow_autumn_sapling":2,"minecraft:birch_sapling":7,"minecraft:rotten_flesh":5,"minecraft:cooked_mutton":4,"minecraft:pumpkin_seeds":1,"minecraft:poppy":1,"minecraft:andesite":9,"minecraft:oak_sapling":11},"minecraft:custom":{"minecraft:mob_kills":93,"minecraft:animals_bred":1,"minecraft:interact_with_crafting_table":42,"goblintraders:trade_with_goblin":23,"minecraft:leave_game":1,"minecraft:time_since_death":14561,"minecraft:climb_one_cm":457,"minecraft:sprint_one_cm":321939,"minecraft:walk_one_cm":292796,"minecraft:damage_blocked_by_shield":785,"minecraft:drop":31,"minecraft:play_time":181273,"minecraft:deaths":2,"minecraft:sneak_time":3332,"minecraft:walk_under_water_one_cm":2205,"minecraft:jump":2939,"minecraft:walk_on_water_one_cm":5871,"minecraft:total_world_time":181273,"minecraft:interact_with_furnace":77,"minecraft:time_since_rest":14618,"minecraft:damage_taken":3015,"minecraft:damage_dealt":11778,"minecraft:swim_one_cm":659,"minecraft:fly_one_cm":447647,"minecraft:open_chest":67,"minecraft:crouch_one_cm":7716,"minecraft:fall_one_cm":61323}},"DataVersion":3465}