{"stats":{"minecraft:killed":{"minecraft:spider":6,"minecraft:skeleton":8,"minecraft:chicken":18,"minecraft:pig":5,"alexsmobs:grizzly_bear":1,"minecraft:sheep":2,"minecraft:pillager":6,"minecraft:zombie":26,"minecraft:cow":23},"minecraft:picked_up":{"minecraft:iron_chestplate":1,"minecraft:crafting_table":1,"minecraft:redstone_block":1,"minecraft:chicken":26,"minecraft:brown_mushroom":2,"biomesoplenty:orange_autumn_sapling":102,"minecraft:heavy_weighted_pressure_plate":1,"minecraft:string":50,"minecraft:moss_carpet":2,"minecraft:raw_copper":63,"biomesoplenty:yellow_autumn_sapling":41,"minecraft:iron_leggings":1,"rechiseled:stone_slated":21,"minecraft:cobbled_deepslate":122,"minecraft:beef":45,"minecraft:poppy":4,"ironfurnaces:diamond_furnace":1,"minecraft:birch_sapling":18,"minecraft:iron_boots":1,"minecraft:egg":8,"minecraft:stick":161,"minecraft:raw_iron":299,"minecraft:stone":76,"minecraft:torch":1,"sophisticatedbackpacks:backpack":2,"minecraft:porkchop":10,"minecraft:redstone":93,"minecraft:dark_oak_planks":124,"minecraft:arrow":3,"minecraft:rotten_flesh":24,"minecraft:beetroot_seeds":7,"ironfurnaces:gold_furnace":1,"create:asurine":4,"sophisticatedbackpacks:copper_backpack":1,"paraglider:horned_statue":1,"minecraft:glow_berries":12,"minecraft:mutton":8,"rechiseled:stone_small_tiles":20,"minecraft:white_wool":2,"minecraft:cobblestone":2726,"minecraft:birch_log":135,"minecraft:lime_bed":2,"minecraft:feather":28,"minecraft:cooked_beef":2,"minecraft:glow_ink_sac":4,"minecraft:andesite":607,"minecraft:leather":33,"minecraft:red_mushroom":1,"paraglider:spirit_orb":2,"minecraft:flint":17,"minecraft:tuff":34,"create:raw_zinc":82,"minecraft:oak_log":134,"minecraft:lapis_lazuli":49,"minecraft:dirt":3018,"minecraft:white_banner":2,"minecraft:bone":17,"minecraft:apple":10,"minecraft:bow":1,"minecraft:wheat_seeds":138,"minecraft:raw_gold":30,"minecraft:iron_ingot":58,"minecraft:stone_pickaxe":1,"minecraft:cooked_chicken":5,"rechiseled:chisel":1,"minecraft:oak_planks":3,"ironfurnaces:iron_furnace":2,"biomesoplenty:toadstool":1,"securitycraft:universal_block_reinforcer_lvl3":1,"minecraft:sweet_berries":11,"minecraft:chiseled_stone_bricks":92,"minecraft:dandelion":1,"minecraft:gravel":230,"minecraft:spruce_sapling":22,"minecraft:spruce_log":37,"minecraft:dark_oak_log":208,"alexsmobs:animal_dictionary":2,"biomesoplenty:maple_sapling":19,"minecraft:pumpkin_seeds":1,"minecraft:diamond":19,"minecraft:stone_axe":1,"minecraft:crossbow":3,"minecraft:oak_sapling":45,"minecraft:black_wool":1,"minecraft:dark_oak_fence":20,"minecraft:coal":243},"minecraft:used":{"ironfurnaces:gold_furnace":1,"minecraft:stone_shovel":1307,"minecraft:poppy":1,"minecraft:chest":10,"minecraft:shield":40,"minecraft:stone":17,"minecraft:iron_sword":270,"minecraft:cooked_chicken":11,"minecraft:rotten_flesh":4,"minecraft:iron_chestplate":2,"minecraft:torch":21,"minecraft:dirt":1042,"ironfurnaces:diamond_furnace":3,"minecraft:tuff":1,"biomesoplenty:maple_sapling":4,"paraglider:horned_statue":1,"minecraft:dark_oak_planks":21,"minecraft:glass":1,"rechiseled:stone_slated":3,"minecraft:iron_axe":678,"minecraft:iron_helmet":1,"minecraft:iron_boots":1,"ironfurnaces:iron_furnace":2,"minecraft:sweet_berries":20,"minecraft:furnace":1,"rechiseled:stone_small_tiles":3,"minecraft:cooked_beef":34,"minecraft:cobbled_deepslate":65,"minecraft:iron_leggings":2,"minecraft:stone_pickaxe":1850,"minecraft:oak_planks":16,"minecraft:glow_ink_sac":1,"minecraft:lime_bed":6,"minecraft:crafting_table":5,"minecraft:spruce_log":2,"minecraft:oak_log":1,"minecraft:apple":2,"minecraft:dark_oak_log":1,"minecraft:bread":3,"minecraft:iron_pickaxe":2470,"biomesoplenty:yellow_autumn_sapling":12,"create:asurine":4,"minecraft:chiseled_stone_bricks":40,"minecraft:stone_axe":20,"minecraft:cobblestone":1097,"minecraft:cooked_porkchop":3,"minecraft:andesite":27,"minecraft:experience_bottle":2},"minecraft:killed_by":{"minecraft:player":1},"minecraft:crafted":{"minecraft:oak_planks":84,"minecraft:stone_shovel":13,"minecraft:cooked_chicken":11,"minecraft:furnace":1,"minecraft:stone":30,"minecraft:heavy_weighted_pressure_plate":1,"minecraft:cooked_mutton":0,"minecraft:flint_and_steel":1,"minecraft:glass":0,"minecraft:iron_boots":2,"minecraft:iron_axe":3,"minecraft:stone_pickaxe":23,"minecraft:chest":17,"minecraft:redstone_block":1,"minecraft:dark_oak_planks":148,"sophisticatedbackpacks:iron_backpack":2,"minecraft:cooked_beef":15,"paraglider:paraglider":2,"minecraft:red_dye":1,"minecraft:crossbow":1,"minecraft:emerald":4,"sophisticatedbackpacks:backpack":3,"minecraft:cooked_porkchop":3,"minecraft:crafting_table":4,"minecraft:spruce_planks":20,"minecraft:iron_helmet":2,"minecraft:iron_sword":2,"ironfurnaces:upgrade_iron":1,"sophisticatedbackpacks:gold_backpack":1,"minecraft:gold_block":1,"minecraft:birch_planks":96,"sophisticatedbackpacks:upgrade_base":1,"minecraft:air":0,"ironfurnaces:upgrade_gold":1,"minecraft:iron_chestplate":2,"minecraft:shield":1,"minecraft:stick":120,"minecraft:iron_ingot":106,"sophisticatedbackpacks:stonecutter_upgrade":1,"minecraft:iron_pickaxe":10,"minecraft:iron_leggings":2,"minecraft:gold_ingot":0,"minecraft:stonecutter":1,"ironfurnaces:upgrade_diamond":1,"minecraft:torch":36,"create:zinc_ingot":3},"minecraft:broken":{"minecraft:iron_boots":1,"minecraft:iron_chestplate":1,"minecraft:iron_leggings":1,"minecraft:stone_pickaxe":13,"minecraft:iron_axe":2,"minecraft:iron_sword":1,"minecraft:iron_pickaxe":9,"minecraft:iron_helmet":1,"minecraft:stone_shovel":10},"minecraft:mined":{"minecraft:dark_oak_planks":1,"create:zinc_ore":81,"biomesoplenty:orange_autumn_leaves":128,"minecraft:diamond_ore":2,"minecraft:tuff":34,"minecraft:deepslate_diamond_ore":17,"minecraft:dark_oak_log":154,"minecraft:cave_vines_plant":21,"minecraft:dark_oak_fence":10,"minecraft:grass_block":765,"minecraft:spruce_leaves":353,"minecraft:red_mushroom":1,"minecraft:chiseled_stone_bricks":33,"minecraft:spawner":1,"minecraft:large_fern":67,"minecraft:redstone_ore":3,"ironfurnaces:gold_furnace":1,"biomesoplenty:toadstool":4,"minecraft:iron_ore":139,"minecraft:andesite":198,"minecraft:moss_carpet":2,"minecraft:deepslate_lapis_ore":8,"minecraft:dirt_path":4,"minecraft:cave_vines":65,"minecraft:deepslate_iron_ore":149,"biomesoplenty:webbing":4,"minecraft:stone":2864,"biomesoplenty:spider_egg":1,"minecraft:deepslate_redstone_ore":10,"minecraft:brown_mushroom":2,"minecraft:dandelion":2,"ironfurnaces:iron_furnace":2,"minecraft:torch":1,"minecraft:poppy":3,"minecraft:copper_ore":22,"minecraft:tall_grass":263,"minecraft:glass":1,"minecraft:cobblestone":95,"minecraft:lapis_ore":4,"rechiseled:stone_small_tiles":3,"minecraft:deepslate_gold_ore":6,"minecraft:oak_planks":2,"minecraft:lime_bed":3,"biomesoplenty:yellow_autumn_leaves":71,"minecraft:birch_log":137,"paraglider:horned_statue":1,"minecraft:sweet_berry_bush":4,"biomesoplenty:maple_sapling":1,"minecraft:spruce_log":36,"minecraft:birch_leaves":349,"minecraft:pumpkin_stem":4,"biomesoplenty:maple_leaves":30,"minecraft:grass":1052,"minecraft:oak_log":118,"minecraft:coal_ore":217,"minecraft:gravel":249,"minecraft:dirt":2587,"biomesoplenty:stringy_cobweb":1,"minecraft:cobweb":48,"minecraft:gold_ore":19,"minecraft:deepslate":121,"minecraft:oak_leaves":570,"rechiseled:stone_slated":3,"minecraft:fern":88},"minecraft:dropped":{"minecraft:brown_mushroom":2,"minecraft:wheat_seeds":51,"minecraft:cooked_beef":4,"minecraft:oak_log":49,"minecraft:glow_ink_sac":2,"minecraft:diamond":1,"minecraft:feather":7,"minecraft:cobblestone":33,"minecraft:red_mushroom":1,"minecraft:stick":8,"minecraft:dirt":428,"minecraft:torch":1,"minecraft:iron_leggings":1,"rechiseled:stone_slated":18,"paraglider:paraglider":1,"minecraft:spruce_sapling":18,"rechiseled:stone_small_tiles":17,"minecraft:moss_carpet":2,"minecraft:cooked_chicken":5,"biomesoplenty:yellow_autumn_sapling":2,"minecraft:birch_sapling":7,"minecraft:rotten_flesh":6,"minecraft:iron_boots":1,"sophisticatedbackpacks:backpack":3,"minecraft:cooked_mutton":4,"minecraft:pumpkin_seeds":1,"minecraft:flint_and_steel":1,"minecraft:chiseled_stone_bricks":59,"minecraft:poppy":1,"minecraft:stone":274,"minecraft:iron_chestplate":1,"minecraft:andesite":9,"minecraft:oak_sapling":11,"rechiseled:chisel":1,"sophisticatedbackpacks:copper_backpack":1,"minecraft:stone_pickaxe":7},"minecraft:custom":{"minecraft:mob_kills":107,"minecraft:animals_bred":1,"minecraft:interact_with_crafting_table":64,"goblintraders:trade_with_goblin":23,"minecraft:damage_dealt_resisted":188,"minecraft:leave_game":3,"minecraft:time_since_death":79419,"minecraft:climb_one_cm":932,"minecraft:sprint_one_cm":656387,"minecraft:walk_one_cm":761497,"minecraft:damage_blocked_by_shield":1500,"minecraft:drop":72,"minecraft:talked_to_villager":3,"minecraft:play_time":390257,"minecraft:sneak_time":14322,"minecraft:deaths":3,"minecraft:walk_under_water_one_cm":2685,"minecraft:jump":5278,"minecraft:walk_on_water_one_cm":8948,"minecraft:total_world_time":390257,"minecraft:interact_with_furnace":139,"minecraft:sleep_in_bed":9,"minecraft:time_since_rest":45687,"minecraft:damage_taken":7139,"minecraft:damage_dealt":15363,"minecraft:swim_one_cm":1226,"minecraft:fly_one_cm":830727,"minecraft:open_chest":172,"minecraft:crouch_one_cm":49580,"minecraft:fall_one_cm":107811}},"DataVersion":3465}