{"stats":{"minecraft:killed":{"minecraft:spider":1,"minecraft:iron_golem":4,"minecraft:skeleton":2,"minecraft:zombie":1},"minecraft:dropped":{"minecraft:bread":6,"minecraft:stone_axe":1,"minecraft:wheat_seeds":1,"minecraft:iron_helmet":1,"minecraft:cornflower":1,"minecraft:writable_book":2,"minecraft:bow":2,"minecraft:stone_pickaxe":2,"minecraft:iron_pickaxe":1,"minecraft:spruce_sapling":1},"minecraft:custom":{"minecraft:interact_with_smithing_table":1,"minecraft:mob_kills":9,"minecraft:interact_with_crafting_table":9,"minecraft:bell_ring":1,"minecraft:leave_game":3,"minecraft:time_since_death":44050,"minecraft:sleep_in_bed":2,"minecraft:time_since_rest":32873,"minecraft:waystone_activated":1,"minecraft:sprint_one_cm":65360,"minecraft:damage_taken":572,"minecraft:walk_one_cm":50056,"minecraft:damage_blocked_by_shield":95,"minecraft:drop":18,"minecraft:damage_dealt":4370,"minecraft:talked_to_villager":4,"minecraft:fly_one_cm":54107,"minecraft:open_chest":30,"minecraft:crouch_one_cm":7683,"minecraft:play_time":44050,"minecraft:sneak_time":3127,"minecraft:jump":440,"minecraft:interact_with_blast_furnace":3,"minecraft:total_world_time":44050,"minecraft:fall_one_cm":10311},"minecraft:used":{"minecraft:writable_book":2,"minecraft:stone_pickaxe":57,"minecraft:chest":2,"fusion:steel_pickaxe":11,"minecraft:wooden_pickaxe":31,"minecraft:spruce_planks":5,"minecraft:shield":1,"minecraft:dirt":6,"minecraft:crafting_table":2,"minecraft:blast_furnace":1,"minecraft:white_bed":1,"minecraft:dark_oak_planks":9,"minecraft:iron_axe":36,"minecraft:bread":11,"minecraft:iron_pickaxe":184,"minecraft:iron_helmet":1,"minecraft:stone_axe":17,"minecraft:cobblestone":18,"minecraft:pumpkin_pie":1},"minecraft:picked_up":{"minecraft:wooden_axe":1,"minecraft:cornflower":1,"minecraft:string":1,"minecraft:dirt":15,"minecraft:name_tag":1,"minecraft:bone":1,"minecraft:bow":3,"minecraft:wheat_seeds":11,"minecraft:iron_ingot":13,"unusualprehistory:plant_fossil_item":10,"minecraft:poppy":1,"minecraft:raw_iron":8,"minecraft:spruce_sapling":2,"minecraft:blast_furnace":1,"minecraft:white_bed":3,"minecraft:dark_oak_planks":1,"minecraft:arrow":2,"minecraft:rotten_flesh":1,"minecraft:writable_book":1,"minecraft:coal":80,"minecraft:cobblestone":93},"minecraft:mined":{"minecraft:white_bed":3,"minecraft:cornflower":1,"minecraft:blast_furnace":1,"minecraft:allium":1,"minecraft:grass_block":4,"minecraft:poppy":1,"unusualprehistory:plant_fossil":10,"minecraft:tall_grass":17,"minecraft:cobblestone":13,"minecraft:spruce_leaves":3,"minecraft:large_fern":7,"minecraft:iron_ore":8,"minecraft:birch_leaves":3,"minecraft:orange_tulip":1,"minecraft:grass":25,"minecraft:coal_ore":79,"minecraft:dirt":11,"minecraft:stone":81,"minecraft:oak_leaves":5,"minecraft:fern":3},"minecraft:crafted":{"minecraft:crafting_table":2,"minecraft:spruce_planks":44,"minecraft:wooden_pickaxe":1,"minecraft:stone_axe":2,"minecraft:iron_boots":1,"minecraft:iron_chestplate":1,"minecraft:shield":1,"minecraft:iron_axe":1,"minecraft:stick":12,"minecraft:stone_pickaxe":1,"minecraft:chest":3,"minecraft:iron_leggings":1}},"DataVersion":3465}