{"stats":{"minecraft:killed_by":{"minecraft:player":1},"minecraft:broken":{"minecraft:iron_boots":1,"minecraft:iron_chestplate":1,"minecraft:iron_leggings":1,"minecraft:stone_pickaxe":13,"minecraft:iron_sword":1,"minecraft:stone_shovel":10,"minecraft:iron_axe":3,"minecraft:iron_pickaxe":10,"minecraft:iron_helmet":1},"minecraft:dropped":{"minecraft:brown_mushroom":2,"minecraft:cooked_beef":4,"minecraft:oak_log":49,"minecraft:glow_ink_sac":2,"minecraft:diamond":1,"minecraft:red_mushroom":1,"minecraft:dirt":428,"rechiseled:stone_slated":18,"paraglider:paraglider":1,"rechiseled:stone_small_tiles":17,"minecraft:cooked_chicken":5,"minecraft:iron_nugget":128,"biomesoplenty:yellow_autumn_sapling":2,"minecraft:birch_sapling":7,"minecraft:rotten_flesh":6,"minecraft:cooked_mutton":4,"minecraft:chiseled_stone_bricks":59,"minecraft:poppy":1,"create:wrench":2,"rechiseled:chisel":1,"create:water_wheel":15,"create:andesite_alloy":31,"minecraft:bread":63,"minecraft:wheat_seeds":51,"minecraft:feather":7,"minecraft:cobblestone":33,"biomesoplenty:fir_slab":6,"minecraft:stick":8,"create:andesite_casing":34,"minecraft:torch":1,"minecraft:iron_leggings":1,"minecraft:spruce_sapling":18,"minecraft:moss_carpet":2,"create:shaft":89,"minecraft:iron_boots":1,"sophisticatedbackpacks:backpack":3,"minecraft:pumpkin_seeds":1,"minecraft:flint_and_steel":1,"minecraft:stone":274,"biomesoplenty:fir_planks":192,"minecraft:iron_chestplate":1,"minecraft:andesite":137,"minecraft:oak_sapling":11,"sophisticatedbackpacks:copper_backpack":1,"minecraft:stone_pickaxe":7,"waystones:waystone":1},"minecraft:used":{"minecraft:poppy":1,"minecraft:chest":27,"minecraft:shield":40,"minecraft:stone":17,"minecraft:iron_sword":270,"minecraft:rotten_flesh":4,"create:mechanical_bearing":3,"minecraft:iron_chestplate":2,"create:cogwheel":50,"minecraft:tuff":1,"minecraft:glass":1,"rechiseled:stone_slated":3,"minecraft:iron_helmet":1,"ironfurnaces:iron_furnace":2,"create:rotation_speed_controller":3,"minecraft:sweet_berries":20,"minecraft:furnace":1,"rechiseled:stone_small_tiles":3,"minecraft:egg":1,"minecraft:stone_pickaxe":1850,"minecraft:oak_planks":16,"biomesoplenty:fir_planks":31,"waystones:waystone":3,"minecraft:dark_oak_log":1,"minecraft:bread":18,"biomesoplenty:yellow_autumn_sapling":12,"create:asurine":5,"minecraft:andesite":34,"minecraft:experience_bottle":2,"create:large_cogwheel":18,"ironfurnaces:gold_furnace":1,"minecraft:stone_shovel":1307,"minecraft:cooked_chicken":11,"minecraft:netherrack":50,"minecraft:torch":21,"minecraft:dirt":1042,"ironfurnaces:diamond_furnace":3,"biomesoplenty:maple_sapling":4,"minecraft:dark_oak_planks":21,"paraglider:horned_statue":1,"create:wrench":13,"create:gearbox":2,"minecraft:iron_axe":975,"minecraft:iron_boots":1,"minecraft:cooked_beef":35,"minecraft:cobbled_deepslate":65,"minecraft:iron_leggings":2,"minecraft:water_bucket":36,"minecraft:glow_ink_sac":1,"minecraft:crafting_table":5,"minecraft:lime_bed":6,"minecraft:spruce_log":2,"minecraft:oak_log":1,"minecraft:apple":2,"minecraft:iron_pickaxe":2728,"create:water_wheel":1,"create:large_water_wheel":26,"minecraft:stone_axe":20,"minecraft:chiseled_stone_bricks":40,"minecraft:cobblestone":1391,"minecraft:cooked_porkchop":3,"minecraft:bucket":37,"biomesoplenty:fir_log":36},"minecraft:crafted":{"minecraft:oak_planks":84,"minecraft:cooked_chicken":11,"minecraft:stone":30,"minecraft:heavy_weighted_pressure_plate":1,"minecraft:cooked_mutton":0,"minecraft:glass":0,"minecraft:iron_boots":2,"biomesoplenty:fir_slab":6,"minecraft:chest":34,"sophisticatedbackpacks:backpack":3,"minecraft:emerald":4,"minecraft:cooked_porkchop":3,"minecraft:crafting_table":4,"minecraft:spruce_planks":20,"minecraft:iron_helmet":2,"minecraft:gold_block":1,"minecraft:birch_planks":96,"sophisticatedbackpacks:upgrade_base":1,"biomesoplenty:fir_planks":1164,"minecraft:iron_chestplate":2,"create:water_wheel":39,"minecraft:shield":1,"sophisticatedbackpacks:diamond_backpack":1,"minecraft:stick":120,"minecraft:iron_ingot":106,"minecraft:iron_pickaxe":10,"minecraft:gold_ingot":0,"create:large_cogwheel":29,"minecraft:stone_shovel":13,"minecraft:iron_nugget":576,"minecraft:furnace":1,"minecraft:flint_and_steel":1,"minecraft:iron_axe":4,"minecraft:stone_pickaxe":23,"minecraft:redstone_block":1,"minecraft:dark_oak_planks":148,"sophisticatedbackpacks:iron_backpack":2,"minecraft:cooked_beef":15,"paraglider:paraglider":2,"minecraft:red_dye":1,"minecraft:crossbow":1,"create:andesite_alloy":64,"minecraft:iron_sword":2,"create:large_water_wheel":32,"ironfurnaces:upgrade_iron":1,"sophisticatedbackpacks:gold_backpack":1,"minecraft:bucket":2,"minecraft:air":0,"ironfurnaces:upgrade_gold":1,"sophisticatedbackpacks:stonecutter_upgrade":1,"minecraft:iron_leggings":2,"minecraft:stonecutter":1,"create:shaft":48,"ironfurnaces:upgrade_diamond":1,"minecraft:torch":36,"create:zinc_ingot":3},"minecraft:picked_up":{"minecraft:iron_chestplate":1,"minecraft:redstone_block":1,"biomesoplenty:orange_autumn_sapling":102,"create:wrench":1,"minecraft:string":50,"minecraft:raw_copper":63,"biomesoplenty:yellow_autumn_sapling":41,"minecraft:iron_leggings":1,"create:water_wheel":14,"minecraft:cobbled_deepslate":122,"biomesoplenty:fir_planks":25,"minecraft:iron_boots":1,"minecraft:stick":161,"minecraft:torch":6,"create:andesite_casing":26,"minecraft:porkchop":10,"create:large_cogwheel":16,"minecraft:rotten_flesh":26,"create:asurine":5,"rechiseled:stone_small_tiles":20,"minecraft:cobblestone":2882,"minecraft:birch_log":135,"minecraft:feather":28,"minecraft:cooked_beef":2,"minecraft:andesite":610,"biomesoplenty:fir_sapling":3,"biomesoplenty:fir_log":484,"paraglider:spirit_orb":2,"minecraft:flint":17,"create:raw_zinc":82,"minecraft:tuff":34,"minecraft:lapis_lazuli":49,"minecraft:dirt":3034,"minecraft:bone":17,"minecraft:bow":1,"minecraft:wheat_seeds":138,"minecraft:raw_gold":30,"create:shaft":80,"rechiseled:chisel":1,"minecraft:glowstone_dust":270,"minecraft:oak_planks":3,"ironfurnaces:iron_furnace":2,"biomesoplenty:toadstool":1,"securitycraft:universal_block_reinforcer_lvl3":1,"create:cogwheel":83,"minecraft:dark_oak_log":208,"alexsmobs:animal_dictionary":2,"minecraft:diamond":19,"waystones:waystone":1,"minecraft:crossbow":3,"minecraft:bread":2,"minecraft:oak_sapling":45,"minecraft:netherrack":69,"minecraft:dark_oak_fence":20,"minecraft:crafting_table":1,"minecraft:chicken":26,"minecraft:brown_mushroom":2,"create:rotation_speed_controller":2,"minecraft:heavy_weighted_pressure_plate":1,"minecraft:moss_carpet":2,"rechiseled:stone_slated":21,"minecraft:beef":45,"minecraft:poppy":5,"ironfurnaces:diamond_furnace":1,"minecraft:birch_sapling":18,"minecraft:egg":9,"minecraft:raw_iron":299,"minecraft:stone":76,"sophisticatedbackpacks:backpack":2,"minecraft:redstone":93,"minecraft:dark_oak_planks":124,"minecraft:arrow":3,"minecraft:beetroot_seeds":7,"ironfurnaces:gold_furnace":1,"sophisticatedbackpacks:copper_backpack":1,"paraglider:horned_statue":1,"minecraft:glow_berries":12,"minecraft:mutton":8,"minecraft:white_wool":2,"minecraft:lime_bed":2,"minecraft:glow_ink_sac":4,"minecraft:leather":33,"minecraft:red_mushroom":1,"minecraft:oak_log":134,"create:andesite_alloy":65,"minecraft:gunpowder":2,"minecraft:white_banner":2,"minecraft:apple":10,"minecraft:iron_ingot":58,"minecraft:stone_pickaxe":1,"minecraft:cooked_chicken":5,"create:mechanical_bearing":1,"create:large_water_wheel":8,"minecraft:sweet_berries":11,"minecraft:chiseled_stone_bricks":92,"minecraft:dandelion":1,"minecraft:gravel":232,"minecraft:spruce_sapling":22,"minecraft:spruce_log":37,"create:gearbox":1,"biomesoplenty:maple_sapling":19,"minecraft:pumpkin_seeds":1,"minecraft:stone_axe":1,"minecraft:black_wool":1,"minecraft:coal":243},"minecraft:killed":{"minecraft:spider":6,"minecraft:skeleton":8,"minecraft:chicken":18,"minecraft:pig":5,"alexsmobs:grizzly_bear":1,"minecraft:sheep":2,"minecraft:pillager":6,"minecraft:zombie":26,"minecraft:cow":23},"minecraft:custom":{"minecraft:animals_bred":1,"minecraft:interact_with_crafting_table":79,"goblintraders:trade_with_goblin":23,"minecraft:leave_game":4,"minecraft:time_since_death":151914,"minecraft:sprint_one_cm":728553,"minecraft:damage_blocked_by_shield":1500,"minecraft:drop":123,"minecraft:talked_to_villager":3,"minecraft:play_time":462752,"minecraft:deaths":3,"minecraft:jump":5866,"minecraft:walk_on_water_one_cm":19362,"minecraft:interact_with_furnace":149,"minecraft:sleep_in_bed":10,"minecraft:waystone_activated":4,"minecraft:damage_dealt":15391,"minecraft:crouch_one_cm":60435,"minecraft:mob_kills":107,"minecraft:damage_dealt_resisted":188,"minecraft:climb_one_cm":932,"minecraft:walk_one_cm":959410,"minecraft:sneak_time":18315,"minecraft:walk_under_water_one_cm":3791,"minecraft:total_world_time":462752,"minecraft:time_since_rest":55876,"minecraft:damage_taken":8027,"minecraft:swim_one_cm":1586,"minecraft:fly_one_cm":908362,"minecraft:open_chest":233,"minecraft:fall_one_cm":119810},"minecraft:mined":{"minecraft:dark_oak_planks":1,"create:andesite_casing":26,"minecraft:cave_vines_plant":21,"minecraft:grass_block":765,"create:rotation_speed_controller":2,"minecraft:chiseled_stone_bricks":33,"minecraft:spawner":1,"minecraft:glowstone":99,"ironfurnaces:gold_furnace":1,"minecraft:iron_ore":139,"minecraft:moss_carpet":2,"minecraft:deepslate_lapis_ore":8,"create:asurine":1,"minecraft:cave_vines":65,"minecraft:dirt_path":4,"biomesoplenty:webbing":4,"minecraft:deepslate_redstone_ore":10,"create:cogwheel":18,"minecraft:brown_mushroom":2,"ironfurnaces:iron_furnace":2,"minecraft:torch":1,"minecraft:poppy":3,"minecraft:glass":1,"minecraft:cobblestone":184,"rechiseled:stone_small_tiles":3,"minecraft:oak_planks":2,"minecraft:wall_torch":4,"minecraft:birch_log":137,"paraglider:horned_statue":1,"biomesoplenty:maple_sapling":1,"biomesoplenty:maple_leaves":30,"minecraft:pumpkin_stem":4,"biomesoplenty:fir_log":485,"minecraft:grass":1052,"minecraft:oak_log":118,"minecraft:dirt":2606,"minecraft:netherrack":69,"minecraft:oak_leaves":570,"rechiseled:stone_slated":3,"minecraft:deepslate":121,"create:zinc_ore":81,"biomesoplenty:orange_autumn_leaves":128,"minecraft:diamond_ore":2,"minecraft:tuff":34,"minecraft:deepslate_diamond_ore":17,"minecraft:dark_oak_log":154,"minecraft:dark_oak_fence":10,"create:large_cogwheel":15,"minecraft:spruce_leaves":353,"minecraft:red_mushroom":1,"minecraft:large_fern":67,"minecraft:redstone_ore":3,"biomesoplenty:toadstool":4,"minecraft:andesite":200,"minecraft:deepslate_iron_ore":149,"biomesoplenty:spider_egg":1,"minecraft:stone":2934,"minecraft:dandelion":2,"biomesoplenty:fir_planks":25,"minecraft:tall_grass":263,"minecraft:copper_ore":22,"minecraft:lapis_ore":4,"minecraft:deepslate_gold_ore":6,"minecraft:lime_bed":3,"create:gearbox":1,"biomesoplenty:yellow_autumn_leaves":71,"minecraft:sweet_berry_bush":4,"minecraft:spruce_log":36,"minecraft:birch_leaves":349,"minecraft:coal_ore":217,"biomesoplenty:fir_leaves":5,"minecraft:gravel":251,"biomesoplenty:stringy_cobweb":1,"minecraft:cobweb":48,"minecraft:gold_ore":19,"minecraft:fern":88}},"DataVersion":3465}