{"stats":{"minecraft:picked_up":{"minecraft:spruce_fence_gate":1,"minecraft:netherite_sword":1,"alexsmobs:animal_dictionary":1},"minecraft:used":{"minecraft:stone_bricks":40,"minecraft:black_terracotta":2,"minecraft:stone_brick_slab":6,"minecraft:netherite_sword":20,"minecraft:smooth_stone_slab":32},"minecraft:custom":{"minecraft:time_since_rest":11407,"minecraft:open_chest":1,"minecraft:waystone_activated":1,"minecraft:crouch_one_cm":28,"minecraft:play_time":11407,"minecraft:sprint_one_cm":17790,"minecraft:walk_one_cm":18121,"minecraft:sneak_time":144,"minecraft:walk_under_water_one_cm":1388,"minecraft:drop":9,"minecraft:jump":101,"minecraft:damage_dealt":635,"minecraft:time_since_death":11407,"minecraft:walk_on_water_one_cm":1117,"minecraft:total_world_time":11407,"minecraft:swim_one_cm":3401,"minecraft:fall_one_cm":267,"minecraft:fly_one_cm":229657,"minecraft:player_kills":2},"minecraft:dropped":{"alexsmobs:animal_dictionary":1,"minecraft:netherite_sword":1,"minecraft:spruce_fence_gate":448}},"DataVersion":3465}