{"stats":{"minecraft:mined":{"create:zinc_ore":22,"minecraft:spruce_planks":1,"minecraft:white_bed":3,"minecraft:oak_sapling":13,"minecraft:mossy_cobblestone":1,"minecraft:candle":1,"minecraft:ladder":5,"biomesoplenty:bush":2,"minecraft:allium":1,"minecraft:grass_block":812,"unusualprehistory:plant_fossil":18,"biomesoplenty:flowering_oak_leaves":4,"minecraft:spruce_leaves":3,"biomesoplenty:jacaranda_sapling":169,"biomesoplenty:dune_grass":33,"minecraft:large_fern":7,"minecraft:smooth_stone":44,"minecraft:tall_seagrass":3,"biomesoplenty:jacaranda_log":585,"biomesoplenty:tall_lavender":70,"minecraft:furnace":1,"minecraft:iron_ore":37,"biomesoplenty:lavender":126,"minecraft:andesite":1,"minecraft:gold_block":1,"minecraft:brown_bed":1,"biomesoplenty:sea_oats":60,"minecraft:cobblestone_slab":10,"minecraft:deepslate_iron_ore":3,"crittersandcompanions:silk_cocoon":2,"minecraft:stone":398,"biomesoplenty:jacaranda_leaves":206,"minecraft:deepslate_redstone_ore":10,"minecraft:oak_slab":4,"biomesoplenty:jacaranda_planks":268,"minecraft:stone_brick_slab":61,"minecraft:cornflower":1,"minecraft:blast_furnace":1,"minecraft:calcite":4,"minecraft:poppy":1,"minecraft:chest":1,"minecraft:copper_ore":17,"minecraft:tall_grass":34,"minecraft:cobblestone":55,"minecraft:amethyst_block":153,"minecraft:deepslate_copper_ore":7,"minecraft:spruce_log":14,"minecraft:birch_leaves":3,"minecraft:orange_tulip":1,"biomesoplenty:umbran_log":9,"minecraft:stone_brick_stairs":9,"minecraft:smooth_stone_slab":254,"minecraft:grass":1337,"minecraft:oak_log":31,"minecraft:coal_ore":171,"minecraft:gravel":8,"minecraft:dirt":1603,"biomesoplenty:flowering_oak_sapling":6,"biomesoplenty:umbran_leaves":2,"minecraft:smooth_basalt":5,"minecraft:stonecutter":1,"minecraft:stone_bricks":60,"biomesoplenty:redwood_wood":1,"minecraft:oak_leaves":46,"minecraft:deepslate":4,"minecraft:fern":3,"minecraft:dark_oak_planks":3},"minecraft:killed":{"minecraft:spider":2,"rotted:doctor":5,"rotted:miner":8,"minecraft:skeleton":10,"rotted:adventurer":12,"minecraft:drowned":2,"minecraft:pig":1,"rotted:shielder":2,"rotted:farmer":6,"rotted:flusk":2,"minecraft:iron_golem":5,"rotted:marine":4,"minecraft:creeper":2,"minecraft:sheep":7,"minecraft:zombie":9},"minecraft:custom":{"minecraft:interact_with_smithing_table":1,"minecraft:mob_kills":87,"minecraft:interact_with_crafting_table":26,"minecraft:open_barrel":1,"goblintraders:trade_with_goblin":79,"minecraft:bell_ring":1,"minecraft:leave_game":7,"minecraft:time_since_death":146486,"minecraft:climb_one_cm":2135,"minecraft:sprint_one_cm":521454,"minecraft:walk_one_cm":710870,"minecraft:damage_blocked_by_shield":290,"minecraft:drop":130,"minecraft:damage_dealt_absorbed":67,"minecraft:talked_to_villager":6,"minecraft:play_time":284098,"minecraft:sneak_time":15562,"minecraft:deaths":3,"minecraft:walk_under_water_one_cm":18339,"minecraft:jump":4033,"minecraft:interact_with_blast_furnace":5,"minecraft:walk_on_water_one_cm":8537,"minecraft:total_world_time":284098,"spartanshields:shield_bash_hits":1,"minecraft:interact_with_loom":1,"minecraft:interact_with_stonecutter":3,"minecraft:sleep_in_bed":6,"minecraft:waystone_activated":6,"minecraft:time_since_rest":146519,"minecraft:damage_taken":6342,"minecraft:damage_dealt":18389,"minecraft:swim_one_cm":58711,"minecraft:fly_one_cm":727633,"minecraft:open_chest":117,"minecraft:crouch_one_cm":44495,"minecraft:fall_one_cm":118159},"minecraft:broken":{"minecraft:iron_axe":3,"minecraft:iron_pickaxe":3,"selfexpression:death_king_chestplate":1},"minecraft:picked_up":{"minecraft:wooden_axe":1,"minecraft:wheat":2,"minecraft:ladder":7,"minecraft:brown_bed":2,"minecraft:gold_block":1,"biomesoplenty:jacaranda_sapling":346,"minecraft:stone_brick_stairs":10,"minecraft:amethyst_block":153,"minecraft:cornflower":1,"minecraft:string":1,"minecraft:raw_copper":82,"minecraft:iron_axe":1,"minecraft:smooth_stone_slab":248,"biomesoplenty:tall_lavender":58,"minecraft:cobbled_deepslate":4,"minecraft:candle":2,"minecraft:smooth_stone":43,"minecraft:spruce_planks":1,"minecraft:cobblestone_slab":14,"minecraft:calcite":4,"unusualprehistory:plant_fossil_item":18,"minecraft:iron_nugget":1,"minecraft:poppy":2,"minecraft:iron_pickaxe":1,"minecraft:light_gray_wool":1,"biomesoplenty:redwood_wood":1,"minecraft:chest":2,"minecraft:furnace":1,"minecraft:dark_oak_sapling":1,"minecraft:stick":261,"minecraft:raw_iron":46,"minecraft:torch":64,"minecraft:porkchop":1,"minecraft:carrot":1,"minecraft:redstone":43,"minecraft:dark_oak_planks":1,"minecraft:stone_sword":1,"minecraft:arrow":16,"minecraft:rotten_flesh":25,"biomesoplenty:jacaranda_log":732,"crittersandcompanions:silk":7,"minecraft:mutton":11,"securitycraft:keypad_door_item":5,"minecraft:white_wool":6,"minecraft:cobblestone":315,"biomesoplenty:lavender":95,"minecraft:andesite":1,"minecraft:flint":3,"create:raw_zinc":22,"minecraft:oak_log":34,"securitycraft:keypad_chest":4,"biomesoplenty:jacaranda_planks":249,"minecraft:gunpowder":2,"minecraft:lapis_lazuli":46,"minecraft:dirt":1940,"securitycraft:scanner_door_item":2,"minecraft:name_tag":3,"minecraft:bone":13,"minecraft:apple":2,"minecraft:stone_bricks":54,"minecraft:stonecutter":1,"minecraft:bow":5,"minecraft:wheat_seeds":131,"minecraft:rabbit_hide":4,"minecraft:iron_ingot":20,"rechiseled:chisel":1,"biomesoplenty:umbran_log":5,"minecraft:oak_slab":4,"securitycraft:universal_block_reinforcer_lvl3":3,"minecraft:smooth_basalt":5,"minecraft:stone_brick_slab":66,"minecraft:poisonous_potato":2,"minecraft:gravel":15,"minecraft:spruce_sapling":3,"minecraft:blast_furnace":1,"minecraft:white_bed":3,"minecraft:spruce_log":7,"minecraft:mossy_cobblestone":1,"biomesoplenty:flowering_oak_sapling":10,"securitycraft:universal_block_remover":4,"waystones:waystone":5,"minecraft:writable_book":1,"minecraft:bread":2,"minecraft:oak_sapling":18,"rotted:rotten_brain":4,"minecraft:coal":241,"minecraft:ender_pearl":1},"minecraft:crafted":{"minecraft:oak_planks":32,"minecraft:cobblestone_slab":6,"mvw:iron_katana":1,"minecraft:smooth_stone_slab":42,"minecraft:stone_brick_slab":126,"minecraft:bow":1,"minecraft:iron_boots":1,"minecraft:iron_axe":1,"minecraft:ladder":12,"minecraft:stone_pickaxe":1,"minecraft:chest":13,"minecraft:spruce_boat":2,"biomesoplenty:jacaranda_pressure_plate":1,"biomesoplenty:umbran_planks":16,"biomesoplenty:jacaranda_planks":388,"minecraft:crafting_table":5,"minecraft:spruce_planks":188,"biomesoplenty:redwood_planks":4,"minecraft:wooden_pickaxe":1,"minecraft:copper_ingot":60,"minecraft:stone_axe":2,"minecraft:air":0,"biomesoplenty:jacaranda_fence":3,"minecraft:stone_brick_stairs":8,"minecraft:iron_chestplate":1,"minecraft:shield":1,"minecraft:stick":48,"minecraft:iron_ingot":98,"minecraft:iron_pickaxe":4,"minecraft:iron_leggings":1},"minecraft:dropped":{"sophisticatedbackpacks:iron_backpack":2,"minecraft:bread":73,"minecraft:wheat_seeds":2,"minecraft:dark_oak_sapling":1,"minecraft:cobblestone":64,"biomesoplenty:lavender":64,"minecraft:iron_helmet":1,"biomesoplenty:jacaranda_planks":210,"sophisticatedbackpacks:gold_backpack":1,"biomesoplenty:jacaranda_log":292,"minecraft:torch":512,"minecraft:cornflower":1,"minecraft:writable_book":2,"minecraft:iron_pickaxe":5,"minecraft:smooth_stone":524,"minecraft:spruce_sapling":2,"minecraft:stone_axe":1,"securitycraft:universal_block_reinforcer_lvl3":5,"securitycraft:keypad_door_item":9,"minecraft:rotten_flesh":1,"securitycraft:universal_block_remover":6,"minecraft:cobblestone_slab":125,"minecraft:spruce_planks":1,"securitycraft:scanner_door_item":6,"rechiseled:chisel":3,"minecraft:bow":2,"minecraft:stone_pickaxe":2,"securitycraft:keypad_chest":12,"minecraft:stone_brick_stairs":256},"minecraft:used":{"minecraft:writable_book":2,"biomesoplenty:redwood_planks":4,"minecraft:ladder":7,"minecraft:chest":13,"minecraft:spruce_planks":29,"minecraft:shield":7,"minecraft:iron_sword":1,"minecraft:rotten_flesh":2,"minecraft:torch":38,"minecraft:dirt":99,"crittersandcompanions:otter_spawn_egg":1,"minecraft:carrot":2,"minecraft:stone_brick_slab":108,"minecraft:spruce_boat":3,"minecraft:dark_oak_planks":59,"minecraft:grass_block":69,"minecraft:iron_axe":1011,"minecraft:iron_helmet":2,"minecraft:stone_brick_stairs":53,"minecraft:stone_bricks":501,"selfexpression:death_king_chestplate":1,"minecraft:bow":1,"biomesoplenty:jacaranda_fence":1,"minecraft:brown_bed":1,"minecraft:stone_pickaxe":57,"fusion:steel_pickaxe":11,"minecraft:wooden_pickaxe":31,"minecraft:cobblestone_slab":35,"minecraft:stonecutter":1,"minecraft:crafting_table":5,"minecraft:blast_furnace":1,"minecraft:white_bed":1,"biomesoplenty:jacaranda_planks":210,"minecraft:oak_log":1,"waystones:waystone":4,"biomesoplenty:umbran_planks":16,"rotted:rotten_brain":1,"minecraft:bread":113,"minecraft:iron_pickaxe":1566,"minecraft:stone_axe":17,"minecraft:fishing_rod":1,"minecraft:cobblestone":169,"minecraft:porkchop":1,"minecraft:smooth_stone_slab":336,"minecraft:pumpkin_pie":1,"selfexpression:scarecrow_helmet":1,"minecraft:smooth_stone":184}},"DataVersion":3465}