{"stats":{"minecraft:killed":{"minecraft:skeleton":1},"minecraft:picked_up":{"minecraft:crafting_table":1,"minecraft:wooden_pickaxe":1,"biomesoplenty:fir_log":5,"minecraft:flint":31,"minecraft:tuff":630,"create:raw_zinc":108,"minecraft:shield":1,"minecraft:gunpowder":2,"minecraft:amethyst_block":250,"minecraft:lapis_lazuli":45,"minecraft:string":2,"minecraft:dirt":110,"minecraft:raw_copper":30,"minecraft:bone":5,"minecraft:wheat_seeds":1,"minecraft:bow":1,"minecraft:deepslate_tiles":4,"minecraft:cobbled_deepslate":2724,"minecraft:cobbled_deepslate_slab":18,"minecraft:spruce_planks":72,"minecraft:iron_ingot":4,"minecraft:stone_pickaxe":27,"minecraft:calcite":1,"minecraft:wooden_shovel":1,"minecraft:iron_pickaxe":2,"minecraft:gray_bed":1,"minecraft:diamond_hoe":1,"minecraft:furnace":3,"minecraft:smooth_basalt":2,"minecraft:stick":23,"minecraft:raw_iron":55,"minecraft:torch":6,"minecraft:gravel":350,"minecraft:porkchop":7,"minecraft:stripped_spruce_log":44,"minecraft:redstone":79,"minecraft:spruce_door":1,"minecraft:arrow":2,"minecraft:diamond":13,"waystones:waystone":2,"minecraft:iron_helmet":1,"minecraft:cracked_deepslate_bricks":2,"create:veridium":64,"minecraft:gray_wool":806,"minecraft:rail":69,"minecraft:cobblestone":363,"minecraft:wooden_axe":1},"minecraft:used":{"minecraft:amethyst_block":1,"minecraft:spruce_door":1,"minecraft:stone_pickaxe":5170,"minecraft:shield":1,"minecraft:wooden_pickaxe":108,"minecraft:iron_chestplate":1,"minecraft:torch":12,"minecraft:dirt":28,"minecraft:crafting_table":7,"waystones:waystone":1,"minecraft:iron_axe":18,"minecraft:bread":65,"minecraft:iron_pickaxe":871,"minecraft:iron_helmet":1,"minecraft:iron_boots":1,"minecraft:cobblestone":69,"minecraft:furnace":4,"biomesoplenty:fir_log":1,"minecraft:experience_bottle":1,"minecraft:gray_wool":473,"minecraft:cobbled_deepslate":21,"minecraft:diamond_leggings":1,"minecraft:iron_leggings":1},"minecraft:crafted":{"minecraft:crafting_table":6,"minecraft:spruce_planks":176,"minecraft:wooden_pickaxe":1,"minecraft:furnace":2,"ironfurnaces:upgrade_iron":1,"minecraft:air":0,"minecraft:iron_boots":1,"minecraft:iron_chestplate":1,"minecraft:shield":1,"minecraft:iron_axe":1,"minecraft:stick":60,"minecraft:iron_ingot":31,"minecraft:iron_pickaxe":2,"minecraft:stone_pickaxe":26,"minecraft:iron_leggings":1},"minecraft:killed_by":{"minecraft:player":1},"minecraft:mined":{"minecraft:deepslate_tiles":4,"minecraft:deepslate_redstone_ore":34,"create:deepslate_zinc_ore":71,"minecraft:tuff":976,"minecraft:deepslate_diamond_ore":18,"minecraft:sculk_vein":140,"minecraft:crafting_table":1,"minecraft:torch":1,"minecraft:grass_block":8,"minecraft:calcite":3,"minecraft:sculk_sensor":3,"minecraft:cobblestone":6,"minecraft:copper_ore":11,"minecraft:deepslate_gold_ore":12,"minecraft:lapis_ore":3,"minecraft:cracked_deepslate_bricks":2,"minecraft:sculk":1184,"minecraft:amethyst_block":383,"minecraft:wall_torch":7,"minecraft:gray_wool":871,"minecraft:sculk_catalyst":1,"minecraft:furnace":2,"minecraft:iron_ore":47,"minecraft:cobbled_deepslate":2,"minecraft:gray_bed":1,"minecraft:stripped_spruce_log":44,"minecraft:deepslate_lapis_ore":7,"minecraft:grass":1,"minecraft:deepslate_iron_ore":14,"minecraft:rail":72,"minecraft:gravel":455,"minecraft:dirt":83,"minecraft:gray_carpet":8,"minecraft:smooth_basalt":7,"minecraft:fern":2,"minecraft:stone":525,"create:veridium":64,"minecraft:deepslate":3849},"minecraft:broken":{"minecraft:stone_pickaxe":39,"minecraft:iron_pickaxe":3,"minecraft:wooden_pickaxe":2},"minecraft:dropped":{"biomesoplenty:fir_log":4,"minecraft:gravel":350,"minecraft:iron_ingot":1,"minecraft:porkchop":7,"minecraft:wheat_seeds":1,"minecraft:lapis_lazuli":64,"minecraft:raw_copper":30,"minecraft:cobbled_deepslate":2777,"minecraft:diamond":23,"minecraft:tuff":675,"minecraft:raw_iron":3,"minecraft:sculk_sensor":2,"minecraft:cobblestone":264,"minecraft:glow_berries":6,"minecraft:activator_rail":3,"minecraft:cobbled_deepslate_slab":18,"minecraft:rail":9,"minecraft:golden_apple":1,"minecraft:stick":1,"minecraft:dirt":82,"minecraft:gray_wool":64,"minecraft:gunpowder":2,"minecraft:wooden_axe":1,"fusion:bronze_shovel":1,"minecraft:wooden_shovel":1,"minecraft:arrow":2,"minecraft:bow":1,"minecraft:stone_pickaxe":4,"minecraft:calcite":1,"minecraft:string":2,"minecraft:bone":1,"create:raw_zinc":108,"minecraft:smooth_basalt":2,"minecraft:redstone":79},"minecraft:custom":{"minecraft:interact_with_furnace":42,"minecraft:mob_kills":2,"minecraft:interact_with_crafting_table":20,"minecraft:leave_game":1,"minecraft:time_since_death":85424,"minecraft:time_since_rest":85463,"minecraft:waystone_activated":3,"minecraft:sprint_one_cm":198381,"minecraft:damage_taken":2322,"minecraft:walk_one_cm":202653,"minecraft:damage_blocked_by_shield":60,"minecraft:drop":128,"minecraft:damage_dealt":1025,"minecraft:player_kills":1,"minecraft:swim_one_cm":1140,"minecraft:fly_one_cm":165002,"minecraft:open_chest":17,"minecraft:crouch_one_cm":62347,"minecraft:play_time":105332,"minecraft:deaths":1,"minecraft:sneak_time":16642,"minecraft:walk_under_water_one_cm":196,"minecraft:jump":1624,"minecraft:interact_with_blast_furnace":4,"minecraft:walk_on_water_one_cm":1541,"minecraft:total_world_time":105332,"minecraft:fall_one_cm":38132}},"DataVersion":3465}