{"stats":{"minecraft:killed_by":{"minecraft:player":1},"minecraft:broken":{"minecraft:iron_boots":1,"minecraft:iron_chestplate":1,"minecraft:iron_leggings":1,"minecraft:stone_pickaxe":13,"minecraft:diamond_pickaxe":1,"minecraft:iron_sword":1,"minecraft:stone_shovel":10,"minecraft:iron_axe":4,"minecraft:iron_pickaxe":11,"minecraft:iron_helmet":1},"minecraft:dropped":{"minecraft:brown_mushroom":2,"minecraft:cooked_beef":4,"minecraft:oak_log":49,"minecraft:glow_ink_sac":2,"minecraft:diamond":1,"minecraft:red_mushroom":1,"minecraft:dirt":428,"rechiseled:stone_slated":18,"paraglider:paraglider":1,"rechiseled:stone_small_tiles":17,"minecraft:cooked_chicken":5,"minecraft:iron_nugget":128,"biomesoplenty:yellow_autumn_sapling":2,"minecraft:birch_sapling":7,"minecraft:rotten_flesh":7,"minecraft:cooked_mutton":4,"minecraft:chiseled_stone_bricks":59,"minecraft:poppy":1,"create:wrench":2,"rechiseled:chisel":1,"create:water_wheel":15,"create:andesite_alloy":31,"minecraft:bread":63,"minecraft:wheat_seeds":51,"minecraft:golden_helmet":1,"minecraft:feather":7,"minecraft:cobblestone":33,"biomesoplenty:fir_slab":6,"minecraft:stick":8,"create:andesite_casing":34,"minecraft:torch":1,"minecraft:iron_leggings":1,"minecraft:smooth_stone":64,"minecraft:spruce_sapling":18,"minecraft:moss_carpet":2,"alexsmobs:maggot":1,"create:shaft":89,"minecraft:iron_boots":1,"sophisticatedbackpacks:backpack":3,"minecraft:pumpkin_seeds":1,"minecraft:flint_and_steel":1,"minecraft:stone":275,"biomesoplenty:fir_planks":192,"minecraft:iron_chestplate":1,"minecraft:andesite":137,"minecraft:oak_sapling":11,"minecraft:spider_eye":1,"minecraft:stone_bricks":1,"sophisticatedbackpacks:copper_backpack":1,"minecraft:stone_pickaxe":7,"waystones:waystone":1},"minecraft:used":{"minecraft:poppy":1,"create:portable_storage_interface":3,"minecraft:chest":33,"minecraft:shield":40,"minecraft:stone":21,"minecraft:iron_sword":304,"minecraft:rotten_flesh":4,"minecraft:iron_chestplate":2,"create:mechanical_bearing":5,"create:cogwheel":79,"create:depot":2,"minecraft:tuff":1,"minecraft:glass":1,"rechiseled:stone_slated":3,"minecraft:iron_helmet":1,"minecraft:stone_bricks":220,"ironfurnaces:iron_furnace":2,"create:rotation_speed_controller":3,"minecraft:sweet_berries":20,"minecraft:furnace":1,"minecraft:oak_sapling":4,"rechiseled:stone_small_tiles":3,"minecraft:egg":1,"minecraft:stone_pickaxe":1850,"minecraft:oak_planks":16,"biomesoplenty:fir_planks":191,"create:mechanical_saw":13,"minecraft:dripstone_block":45,"waystones:waystone":3,"minecraft:dark_oak_log":1,"minecraft:bread":49,"biomesoplenty:yellow_autumn_sapling":21,"minecraft:gravel":10,"create:asurine":5,"minecraft:andesite":34,"minecraft:smooth_stone_slab":100,"minecraft:bone_meal":192,"minecraft:experience_bottle":2,"create:large_cogwheel":18,"ironfurnaces:gold_furnace":1,"minecraft:stone_shovel":1307,"minecraft:cooked_chicken":11,"minecraft:netherrack":50,"minecraft:torch":29,"minecraft:dirt":1384,"ironfurnaces:diamond_furnace":3,"biomesoplenty:maple_sapling":92,"minecraft:stone_brick_slab":15,"paraglider:horned_statue":1,"minecraft:dark_oak_planks":21,"create:wrench":46,"create:gearbox":2,"minecraft:iron_axe":1162,"minecraft:iron_boots":1,"minecraft:cooked_beef":35,"minecraft:cobbled_deepslate":107,"minecraft:iron_leggings":2,"minecraft:water_bucket":89,"minecraft:glow_ink_sac":1,"minecraft:crafting_table":5,"minecraft:lime_bed":6,"biomesoplenty:orange_autumn_sapling":9,"minecraft:spruce_log":2,"minecraft:oak_log":1,"minecraft:diamond_pickaxe":2692,"minecraft:apple":2,"create:mechanical_press":1,"minecraft:iron_pickaxe":2966,"create:water_wheel":1,"create:large_water_wheel":26,"minecraft:stone_axe":20,"minecraft:chiseled_stone_bricks":40,"minecraft:cobblestone":1466,"minecraft:cooked_porkchop":3,"minecraft:bucket":90,"biomesoplenty:fir_log":65,"minecraft:smooth_stone":277},"minecraft:crafted":{"minecraft:oak_planks":84,"minecraft:cooked_chicken":11,"minecraft:stone":30,"minecraft:heavy_weighted_pressure_plate":1,"minecraft:cooked_mutton":0,"minecraft:glass":0,"minecraft:stone_brick_slab":16,"minecraft:iron_boots":2,"create:mechanical_press":1,"biomesoplenty:fir_slab":6,"minecraft:chest":34,"minecraft:stone_bricks":167,"create:depot":1,"sophisticatedbackpacks:backpack":3,"minecraft:emerald":4,"minecraft:cooked_porkchop":3,"minecraft:crafting_table":4,"minecraft:spruce_planks":20,"create:mechanical_saw":5,"minecraft:iron_helmet":2,"minecraft:gold_block":1,"minecraft:birch_planks":96,"sophisticatedbackpacks:upgrade_base":1,"biomesoplenty:fir_planks":1164,"minecraft:iron_chestplate":2,"create:water_wheel":39,"minecraft:shield":1,"sophisticatedbackpacks:diamond_backpack":1,"create:super_glue":1,"create:portable_storage_interface":1,"minecraft:stick":120,"minecraft:iron_ingot":141,"minecraft:iron_pickaxe":10,"minecraft:iron_block":1,"minecraft:gold_ingot":0,"create:large_cogwheel":29,"create:chute":4,"minecraft:stone_shovel":13,"minecraft:smooth_stone_slab":98,"minecraft:iron_nugget":576,"minecraft:furnace":1,"minecraft:bone_meal":192,"minecraft:flint_and_steel":1,"minecraft:iron_axe":5,"minecraft:slime_ball":108,"minecraft:stone_pickaxe":23,"minecraft:redstone_block":1,"minecraft:dark_oak_planks":148,"sophisticatedbackpacks:iron_backpack":2,"minecraft:cooked_beef":15,"paraglider:paraglider":2,"minecraft:red_dye":1,"minecraft:crossbow":1,"create:andesite_alloy":64,"minecraft:iron_sword":2,"create:large_water_wheel":32,"ironfurnaces:upgrade_iron":1,"sophisticatedbackpacks:gold_backpack":1,"minecraft:bucket":2,"minecraft:air":0,"ironfurnaces:upgrade_gold":1,"sophisticatedbackpacks:stonecutter_upgrade":1,"minecraft:iron_leggings":2,"minecraft:stonecutter":1,"create:shaft":80,"ironfurnaces:upgrade_diamond":1,"minecraft:torch":36,"create:zinc_ingot":3},"minecraft:picked_up":{"minecraft:iron_chestplate":1,"minecraft:redstone_block":1,"biomesoplenty:orange_autumn_sapling":112,"create:wrench":1,"minecraft:string":50,"minecraft:smooth_stone_slab":8,"minecraft:raw_copper":124,"biomesoplenty:yellow_autumn_sapling":43,"minecraft:iron_leggings":1,"create:water_wheel":14,"minecraft:deepslate_tiles":1,"minecraft:smooth_stone":3,"minecraft:cobbled_deepslate":361,"biomesoplenty:fir_planks":148,"minecraft:iron_boots":1,"minecraft:golden_helmet":1,"minecraft:stick":182,"minecraft:torch":14,"create:andesite_casing":88,"minecraft:porkchop":10,"create:large_cogwheel":16,"minecraft:rotten_flesh":28,"create:ochrum":4,"create:asurine":5,"minecraft:obsidian":320,"rechiseled:stone_small_tiles":20,"minecraft:cobblestone":4681,"minecraft:birch_log":142,"minecraft:feather":28,"minecraft:cooked_beef":2,"minecraft:andesite":611,"biomesoplenty:fir_sapling":3,"biomesoplenty:fir_log":484,"paraglider:spirit_orb":2,"minecraft:flint":19,"create:raw_zinc":85,"minecraft:tuff":104,"minecraft:lapis_lazuli":49,"minecraft:dirt":3348,"minecraft:bone":17,"minecraft:bow":1,"minecraft:wheat_seeds":165,"minecraft:raw_gold":33,"create:shaft":80,"rechiseled:chisel":1,"minecraft:glowstone_dust":270,"minecraft:oak_planks":3,"ironfurnaces:iron_furnace":2,"biomesoplenty:toadstool":1,"securitycraft:universal_block_reinforcer_lvl3":1,"create:cogwheel":97,"minecraft:dark_oak_log":239,"alexsmobs:animal_dictionary":2,"minecraft:diamond":27,"waystones:waystone":1,"minecraft:crossbow":3,"minecraft:bread":2,"alexsmobs:maggot":1,"minecraft:oak_sapling":46,"minecraft:netherrack":69,"minecraft:dark_oak_fence":20,"minecraft:crafting_table":1,"minecraft:chicken":26,"minecraft:brown_mushroom":2,"create:rotation_speed_controller":2,"minecraft:heavy_weighted_pressure_plate":1,"minecraft:moss_carpet":2,"rechiseled:stone_slated":21,"minecraft:beef":45,"minecraft:poppy":5,"ironfurnaces:diamond_furnace":1,"minecraft:chest":8,"minecraft:birch_sapling":18,"minecraft:spruce_trapdoor":1,"minecraft:egg":9,"minecraft:raw_iron":330,"minecraft:stone":77,"sophisticatedbackpacks:backpack":2,"minecraft:redstone":299,"minecraft:dark_oak_planks":124,"minecraft:arrow":4,"minecraft:beetroot_seeds":7,"ironfurnaces:gold_furnace":1,"create:depot":1,"sophisticatedbackpacks:copper_backpack":1,"paraglider:horned_statue":1,"minecraft:glow_berries":12,"minecraft:mutton":8,"minecraft:white_wool":2,"minecraft:lime_bed":2,"minecraft:glow_ink_sac":4,"minecraft:leather":33,"minecraft:red_mushroom":1,"minecraft:oak_log":139,"create:andesite_alloy":65,"minecraft:gunpowder":2,"minecraft:white_banner":2,"minecraft:apple":11,"minecraft:stone_bricks":15,"minecraft:iron_ingot":61,"minecraft:stone_pickaxe":1,"minecraft:cooked_chicken":5,"create:mechanical_bearing":1,"create:large_water_wheel":8,"minecraft:sweet_berries":11,"minecraft:chiseled_stone_bricks":92,"minecraft:stone_brick_slab":1,"minecraft:dandelion":1,"minecraft:dripstone_block":84,"minecraft:gravel":262,"minecraft:spruce_sapling":22,"minecraft:spruce_log":37,"minecraft:spider_eye":1,"create:gearbox":1,"minecraft:pumpkin_seeds":1,"biomesoplenty:maple_sapling":22,"minecraft:slime_ball":2,"minecraft:stone_axe":1,"create:portable_storage_interface":1,"minecraft:black_wool":1,"minecraft:stripped_dark_oak_log":1,"minecraft:coal":243},"minecraft:killed":{"minecraft:cave_spider":1,"minecraft:spider":6,"minecraft:skeleton":9,"minecraft:chicken":18,"minecraft:pig":5,"alexsmobs:grizzly_bear":1,"minecraft:sheep":2,"minecraft:pillager":6,"minecraft:zombie":29,"minecraft:cow":23,"minecraft:slime":6},"minecraft:custom":{"minecraft:animals_bred":1,"minecraft:interact_with_crafting_table":87,"minecraft:open_barrel":8,"goblintraders:trade_with_goblin":23,"minecraft:leave_game":6,"minecraft:time_since_death":311106,"minecraft:sprint_one_cm":889382,"minecraft:damage_blocked_by_shield":1500,"minecraft:drop":130,"minecraft:talked_to_villager":3,"minecraft:play_time":621944,"minecraft:deaths":3,"minecraft:jump":7477,"minecraft:walk_on_water_one_cm":51314,"minecraft:interact_with_furnace":202,"minecraft:sleep_in_bed":11,"minecraft:waystone_activated":4,"minecraft:damage_dealt":17432,"minecraft:crouch_one_cm":103315,"minecraft:mob_kills":118,"minecraft:damage_dealt_resisted":188,"minecraft:climb_one_cm":932,"minecraft:walk_one_cm":1340145,"minecraft:sneak_time":34569,"minecraft:walk_under_water_one_cm":26287,"minecraft:total_world_time":621944,"minecraft:time_since_rest":103546,"minecraft:damage_taken":10815,"minecraft:swim_one_cm":2537,"minecraft:fly_one_cm":1129652,"minecraft:open_chest":319,"minecraft:fall_one_cm":158819},"minecraft:mined":{"minecraft:dark_oak_planks":1,"create:andesite_casing":55,"minecraft:obsidian":384,"minecraft:spruce_trapdoor":1,"minecraft:cave_vines_plant":21,"minecraft:grass_block":789,"create:rotation_speed_controller":2,"minecraft:chiseled_stone_bricks":33,"minecraft:spawner":1,"minecraft:smooth_stone":4,"minecraft:glowstone":99,"ironfurnaces:gold_furnace":1,"minecraft:iron_ore":177,"minecraft:moss_carpet":2,"minecraft:deepslate_lapis_ore":8,"create:asurine":1,"minecraft:cave_vines":65,"minecraft:dirt_path":4,"biomesoplenty:webbing":5,"minecraft:deepslate_redstone_ore":26,"create:cogwheel":19,"minecraft:brown_mushroom":2,"ironfurnaces:iron_furnace":2,"minecraft:torch":7,"minecraft:poppy":3,"minecraft:chest":8,"minecraft:glass":1,"minecraft:cobblestone":310,"rechiseled:stone_small_tiles":3,"minecraft:oak_planks":8,"minecraft:wall_torch":6,"create:portable_storage_interface":1,"minecraft:birch_log":144,"paraglider:horned_statue":1,"minecraft:blue_ice":36,"biomesoplenty:maple_sapling":1,"biomesoplenty:maple_leaves":30,"minecraft:pumpkin_stem":4,"biomesoplenty:fir_log":485,"minecraft:smooth_stone_slab":5,"minecraft:grass":1073,"minecraft:oak_log":123,"minecraft:dirt":2926,"minecraft:netherrack":69,"minecraft:oak_leaves":571,"rechiseled:stone_slated":3,"minecraft:deepslate":421,"create:zinc_ore":83,"minecraft:deepslate_tiles":1,"biomesoplenty:orange_autumn_leaves":128,"minecraft:diamond_ore":2,"minecraft:tuff":107,"minecraft:deepslate_diamond_ore":25,"minecraft:dark_oak_log":186,"minecraft:dark_oak_fence":10,"create:large_cogwheel":15,"create:ochrum":4,"create:depot":1,"minecraft:spruce_leaves":353,"minecraft:red_mushroom":1,"minecraft:large_fern":67,"minecraft:redstone_ore":3,"biomesoplenty:toadstool":4,"minecraft:andesite":201,"minecraft:deepslate_iron_ore":150,"biomesoplenty:spider_egg":1,"minecraft:stone":4745,"minecraft:stripped_dark_oak_log":1,"minecraft:stone_brick_slab":1,"minecraft:dandelion":2,"biomesoplenty:fir_planks":147,"minecraft:sculk_sensor":1,"minecraft:tall_grass":263,"minecraft:copper_ore":36,"minecraft:lapis_ore":4,"minecraft:deepslate_gold_ore":7,"minecraft:sculk":64,"minecraft:lime_bed":3,"create:gearbox":1,"biomesoplenty:yellow_autumn_leaves":71,"minecraft:sweet_berry_bush":4,"minecraft:spruce_log":36,"minecraft:birch_leaves":349,"minecraft:coal_ore":217,"biomesoplenty:fir_leaves":5,"minecraft:dripstone_block":84,"minecraft:gravel":283,"biomesoplenty:stringy_cobweb":1,"minecraft:cobweb":48,"minecraft:stone_bricks":15,"minecraft:gold_ore":21,"minecraft:fern":88}},"DataVersion":3465}