{"stats":{"minecraft:mined":{"minecraft:spruce_planks":1,"minecraft:glass_pane":1,"minecraft:mossy_cobblestone":1,"minecraft:grass_block":5,"biomesoplenty:fir_planks":103,"minecraft:tall_grass":2,"minecraft:cobblestone":5,"minecraft:blue_bed":2,"minecraft:large_fern":1,"minecraft:sweet_berry_bush":25,"mcwdoors:spruce_barn_door":1,"biomesoplenty:fir_log":335,"minecraft:grass":42,"minecraft:coal_ore":25,"biomesoplenty:fir_leaves":1,"minecraft:gravel":4,"minecraft:dirt":26,"biomesoplenty:fir_sapling":2,"minecraft:stone":264,"minecraft:fern":6},"minecraft:broken":{"minecraft:stone_pickaxe":1,"morearmor:cobblestone_armor_helmet":1},"minecraft:killed_by":{"minecraft:player":2},"minecraft:picked_up":{"minecraft:leather":5,"alexsmobs:bear_fur":2,"biomesoplenty:fir_sapling":14,"biomesoplenty:fir_log":259,"minecraft:dirt":20,"minecraft:blue_bed":4,"minecraft:raw_copper":26,"minecraft:name_tag":1,"minecraft:gold_nugget":1,"minecraft:wheat_seeds":7,"biomesoplenty:fir_planks":99,"minecraft:spruce_planks":1,"minecraft:beef":10,"minecraft:stick":8,"minecraft:sweet_berries":45,"minecraft:torch":4,"minecraft:dandelion":2,"minecraft:gravel":4,"minecraft:porkchop":16,"minecraft:mossy_cobblestone":1,"minecraft:rotten_flesh":4,"minecraft:coal":23,"minecraft:mutton":4,"rotted:rotten_brain":1,"minecraft:white_wool":2,"minecraft:cobblestone":238},"minecraft:used":{"minecraft:cooked_mutton":4,"minecraft:stone_pickaxe":279,"minecraft:spruce_planks":5,"minecraft:chest":3,"biomesoplenty:fir_planks":236,"minecraft:blue_bed":4,"minecraft:rotten_flesh":2,"create_sa:copper_axe":58,"minecraft:torch":21,"minecraft:dirt":2,"minecraft:crafting_table":1,"minecraft:spruce_stairs":1,"biomesoplenty:fir_sapling":4,"minecraft:bread":5,"minecraft:iron_pickaxe":65,"minecraft:iron_boots":1,"minecraft:stone_axe":109,"minecraft:wooden_sword":5,"minecraft:cobblestone":2,"minecraft:sweet_berries":25,"minecraft:furnace":1},"minecraft:custom":{"minecraft:interact_with_furnace":18,"minecraft:mob_kills":32,"minecraft:interact_with_crafting_table":14,"minecraft:leave_game":1,"minecraft:time_since_death":6321,"minecraft:sleep_in_bed":1,"minecraft:climb_one_cm":257,"minecraft:time_since_rest":6351,"minecraft:sprint_one_cm":61132,"minecraft:damage_taken":1774,"minecraft:walk_one_cm":147000,"minecraft:drop":37,"minecraft:damage_dealt":4767,"minecraft:player_kills":1,"minecraft:fly_one_cm":74982,"minecraft:open_chest":19,"minecraft:crouch_one_cm":7771,"minecraft:play_time":83740,"minecraft:deaths":3,"minecraft:sneak_time":3458,"minecraft:jump":549,"minecraft:total_world_time":83740,"minecraft:fall_one_cm":12463},"minecraft:killed":{"minecraft:pig":7,"alexsmobs:grizzly_bear":1,"rotted:farmer":2,"alexsmobs:raccoon":1,"rotted:flusk":2,"rotted:doctor":3,"rotted:miner":1,"minecraft:sheep":2,"rotted:adventurer":7,"minecraft:cow":6},"minecraft:crafted":{"morearmor:cobblestone_armor_helmet":1,"minecraft:crafting_table":2,"minecraft:spruce_planks":16,"minecraft:furnace":1,"minecraft:copper_ingot":6,"minecraft:stone_axe":2,"minecraft:cooked_mutton":4,"minecraft:air":0,"biomesoplenty:fir_planks":516,"morearmor:cobblestone_armor_boots":1,"morearmor:cobblestone_armor_chestplate":1,"minecraft:charcoal":7,"morearmor:cobblestone_armor_leggings":1,"minecraft:stick":28,"minecraft:iron_pickaxe":1,"minecraft:stone_pickaxe":4,"minecraft:chest":3,"minecraft:torch":24,"create_sa:copper_pickaxe":1,"create_sa:copper_axe":1},"minecraft:dropped":{"biomesoplenty:fir_log":3,"minecraft:sweet_berries":10,"minecraft:wheat_seeds":4,"minecraft:mossy_cobblestone":1,"minecraft:crafting_table":3,"minecraft:cobblestone":90,"minecraft:rotten_flesh":4,"minecraft:iron_boots":2,"morearmor:cobblestone_armor_leggings":1,"minecraft:name_tag":2,"biomesoplenty:fir_sapling":6,"minecraft:stick":9,"minecraft:dirt":60,"biomesoplenty:fir_planks":178,"minecraft:spruce_planks":9,"minecraft:charcoal":1,"minecraft:wooden_axe":1,"minecraft:ladder":1,"morearmor:cobblestone_armor_boots":1,"minecraft:gold_nugget":1,"rotted:rotten_brain":1,"minecraft:wooden_sword":1,"minecraft:pumpkin":6,"minecraft:wooden_pickaxe":2,"mvw:wooden_knife":1,"minecraft:birch_stairs":1,"minecraft:dandelion":1}},"DataVersion":3465}