{"stats":{"minecraft:killed_by":{"minecraft:player":1},"minecraft:broken":{"minecraft:iron_boots":2,"minecraft:iron_chestplate":1,"minecraft:iron_leggings":2,"minecraft:stone_pickaxe":13,"minecraft:diamond_pickaxe":2,"minecraft:iron_sword":1,"minecraft:stone_shovel":10,"minecraft:iron_axe":4,"minecraft:iron_pickaxe":11,"minecraft:iron_helmet":1},"minecraft:dropped":{"minecraft:brown_mushroom":2,"minecraft:cooked_beef":4,"minecraft:oak_log":49,"minecraft:glow_ink_sac":2,"minecraft:diamond":33,"minecraft:crossbow":1,"minecraft:saddle":1,"paraglider:spirit_orb":2,"minecraft:red_mushroom":1,"minecraft:emerald":32,"minecraft:dirt":556,"rechiseled:stone_slated":18,"minecraft:iron_pickaxe":3,"paraglider:paraglider":1,"alexsmobs:spawn_egg_bone_serpent":1,"sereneseasons:calendar":2,"minecraft:gold_ingot":32,"minecraft:bone":8,"rechiseled:stone_small_tiles":17,"minecraft:cooked_chicken":5,"minecraft:iron_nugget":128,"alexsmobs:animal_dictionary":1,"biomesoplenty:yellow_autumn_sapling":4,"minecraft:birch_sapling":7,"minecraft:rotten_flesh":14,"biomesoplenty:orange_autumn_sapling":58,"minecraft:cooked_mutton":4,"create_sa:large_filling_tank":1,"minecraft:chiseled_stone_bricks":59,"minecraft:poppy":1,"create:wrench":2,"rechiseled:chisel":1,"create:water_wheel":15,"create:andesite_alloy":31,"minecraft:bread":63,"minecraft:water_bucket":3,"minecraft:iron_ingot":64,"create_sa:large_fueling_tank":1,"minecraft:wheat_seeds":80,"minecraft:golden_helmet":1,"minecraft:iron_helmet":1,"minecraft:feather":7,"minecraft:cobblestone":33,"alexsmobs:chorus_on_a_stick":3,"create_sa:brass_jetpack_chestplate":1,"minecraft:grass_block":2,"biomesoplenty:fir_slab":6,"minecraft:stick":11,"create:andesite_casing":34,"minecraft:torch":1,"minecraft:iron_leggings":2,"minecraft:white_banner":2,"minecraft:iron_axe":1,"minecraft:smooth_stone":67,"create:raw_zinc":32,"minecraft:spruce_sapling":18,"minecraft:redstone":129,"minecraft:moss_carpet":2,"alexsmobs:maggot":1,"create:shaft":89,"minecraft:bowl":3,"minecraft:iron_boots":2,"minecraft:iron_hoe":1,"sophisticatedbackpacks:backpack":4,"create_sa:creative_filling_tank":1,"minecraft:pumpkin_seeds":1,"minecraft:flint_and_steel":1,"minecraft:diamond_sword":3,"minecraft:stone":276,"biomesoplenty:fir_planks":192,"minecraft:diamond_pickaxe":1,"minecraft:iron_chestplate":2,"minecraft:andesite":140,"minecraft:oak_sapling":11,"minecraft:spider_eye":1,"minecraft:stone_bricks":1,"sophisticatedbackpacks:copper_backpack":1,"minecraft:stone_pickaxe":7,"waystones:waystone":2},"minecraft:used":{"alexsmobs:spawn_egg_triops":1,"minecraft:poppy":1,"create:portable_storage_interface":3,"minecraft:chest":33,"minecraft:shield":40,"minecraft:stone":238,"minecraft:iron_sword":313,"create:mechanical_bearing":5,"minecraft:rotten_flesh":5,"minecraft:iron_chestplate":2,"alexsmobs:spawn_egg_bone_serpent":6,"create:cogwheel":79,"create:depot":2,"minecraft:tuff":1,"minecraft:glass":16,"rechiseled:stone_slated":3,"minecraft:grass_block":247,"minecraft:iron_helmet":1,"minecraft:stone_bricks":222,"alexsmobs:spawn_egg_stradpole":1,"ironfurnaces:iron_furnace":2,"create:rotation_speed_controller":3,"alexsmobs:spawn_egg_emu":1,"minecraft:sweet_berries":20,"minecraft:oak_sapling":4,"minecraft:furnace":1,"rechiseled:stone_small_tiles":3,"alexsmobs:spawn_egg_spectre":1,"minecraft:egg":1,"minecraft:oak_planks":16,"minecraft:stone_pickaxe":1850,"alexsmobs:spawn_egg_sunbird":1,"biomesoplenty:fir_planks":201,"alexsmobs:spawn_egg_straddler":2,"create:mechanical_saw":13,"create_sa:brass_jetpack_chestplate":1,"minecraft:dripstone_block":45,"waystones:waystone":4,"minecraft:dark_oak_log":1,"alexsmobs:spawn_egg_alligator_snapping_turtle":1,"minecraft:bread":96,"biomesoplenty:yellow_autumn_sapling":21,"create:asurine":51,"minecraft:gravel":10,"minecraft:diamond_sword":25,"minecraft:andesite":34,"minecraft:smooth_stone_slab":100,"minecraft:bone_meal":192,"create:large_cogwheel":18,"minecraft:experience_bottle":2,"ironfurnaces:gold_furnace":1,"minecraft:stone_shovel":1307,"minecraft:cooked_chicken":11,"minecraft:netherrack":50,"minecraft:torch":68,"minecraft:dirt":1384,"ironfurnaces:diamond_furnace":3,"biomesoplenty:maple_sapling":122,"farmersdelight:stuffed_pumpkin_block":1,"alexsmobs:spawn_egg_komodo_dragon":1,"minecraft:stone_brick_slab":15,"minecraft:dark_oak_planks":21,"paraglider:horned_statue":1,"create:gearbox":2,"create:wrench":46,"alexsmobs:spawn_egg_grizzly_bear":1,"minecraft:iron_axe":1189,"minecraft:iron_boots":1,"alexsmobs:spawn_egg_snow_leopard":1,"securitycraft:sentry":3,"alexsmobs:spawn_egg_endergrade":4,"alexsmobs:spawn_egg_blobfish":1,"securitycraft:dirt_mine":10,"alexsmobs:spawn_egg_roadrunner":1,"minecraft:cooked_beef":35,"minecraft:cobbled_deepslate":137,"minecraft:iron_leggings":2,"alexsmobs:spawn_egg_soul_vulture":2,"minecraft:water_bucket":97,"minecraft:glow_ink_sac":1,"alexsmobs:spawn_egg_mimicube":1,"minecraft:lime_bed":6,"minecraft:crafting_table":5,"alexsmobs:spawn_egg_crocodile":1,"biomesoplenty:orange_autumn_sapling":9,"minecraft:spruce_log":2,"minecraft:oak_log":1,"alexsmobs:spawn_egg_blue_jay":1,"minecraft:diamond_pickaxe":4287,"minecraft:apple":2,"create:mechanical_press":1,"minecraft:iron_pickaxe":2966,"create:water_wheel":1,"create:large_water_wheel":26,"minecraft:chiseled_stone_bricks":40,"minecraft:stone_axe":20,"minecraft:cobblestone":1499,"minecraft:cooked_porkchop":3,"minecraft:bucket":99,"alexsmobs:animal_dictionary":1,"biomesoplenty:fir_log":65,"minecraft:splash_potion":2,"minecraft:smooth_stone":310},"minecraft:crafted":{"minecraft:oak_planks":84,"minecraft:cooked_chicken":11,"minecraft:stone":30,"minecraft:heavy_weighted_pressure_plate":1,"minecraft:cooked_mutton":0,"minecraft:glass":0,"minecraft:stone_brick_slab":16,"minecraft:iron_boots":2,"create:mechanical_press":1,"biomesoplenty:fir_slab":6,"minecraft:chest":34,"minecraft:stone_bricks":167,"create:depot":1,"sophisticatedbackpacks:backpack":3,"minecraft:emerald":4,"minecraft:cooked_porkchop":3,"minecraft:crafting_table":4,"minecraft:spruce_planks":20,"create:mechanical_saw":5,"minecraft:iron_helmet":2,"minecraft:gold_block":1,"minecraft:birch_planks":96,"sophisticatedbackpacks:upgrade_base":1,"biomesoplenty:fir_planks":1164,"minecraft:iron_chestplate":2,"create:water_wheel":39,"minecraft:shield":1,"sophisticatedbackpacks:diamond_backpack":1,"create:super_glue":1,"create:portable_storage_interface":1,"minecraft:stick":120,"minecraft:iron_ingot":141,"minecraft:iron_pickaxe":10,"minecraft:iron_block":1,"minecraft:gold_ingot":0,"create:large_cogwheel":29,"create:chute":4,"minecraft:stone_shovel":13,"minecraft:smooth_stone_slab":98,"minecraft:iron_nugget":576,"minecraft:furnace":1,"minecraft:bone_meal":192,"minecraft:flint_and_steel":1,"minecraft:iron_axe":5,"minecraft:slime_ball":108,"minecraft:stone_pickaxe":23,"minecraft:redstone_block":1,"minecraft:dark_oak_planks":148,"sophisticatedbackpacks:iron_backpack":2,"minecraft:cooked_beef":15,"paraglider:paraglider":2,"minecraft:red_dye":1,"minecraft:crossbow":1,"create:andesite_alloy":64,"minecraft:iron_sword":2,"create:large_water_wheel":32,"ironfurnaces:upgrade_iron":1,"sophisticatedbackpacks:gold_backpack":1,"minecraft:bucket":2,"minecraft:air":0,"ironfurnaces:upgrade_gold":1,"sophisticatedbackpacks:stonecutter_upgrade":1,"minecraft:iron_leggings":2,"minecraft:stonecutter":1,"create:shaft":80,"ironfurnaces:upgrade_diamond":1,"minecraft:torch":36,"create:zinc_ingot":3},"minecraft:picked_up":{"minecraft:iron_chestplate":2,"minecraft:redstone_block":1,"minecraft:diamond_sword":1,"biomesoplenty:orange_autumn_sapling":170,"create:wrench":1,"minecraft:string":54,"minecraft:raw_copper":135,"biomesoplenty:yellow_autumn_sapling":45,"minecraft:smooth_stone_slab":8,"minecraft:iron_leggings":1,"create:water_wheel":14,"minecraft:deepslate_tiles":1,"minecraft:cobbled_deepslate":1352,"minecraft:smooth_stone":5,"biomesoplenty:fir_planks":162,"minecraft:iron_boots":1,"minecraft:golden_helmet":1,"minecraft:stick":189,"minecraft:torch":16,"create:andesite_casing":88,"minecraft:porkchop":10,"create:large_cogwheel":16,"minecraft:rotten_flesh":38,"create:ochrum":4,"create:asurine":5,"minecraft:obsidian":320,"rechiseled:stone_small_tiles":20,"minecraft:cobblestone":4687,"minecraft:birch_log":142,"minecraft:feather":28,"minecraft:cooked_beef":2,"minecraft:water_bucket":1,"minecraft:andesite":614,"biomesoplenty:fir_sapling":3,"biomesoplenty:fir_log":484,"paraglider:spirit_orb":4,"minecraft:flint":21,"minecraft:tuff":264,"create:raw_zinc":130,"minecraft:lapis_lazuli":49,"minecraft:dirt":3476,"securitycraft:sentry":3,"minecraft:bone":25,"minecraft:bow":1,"minecraft:wheat_seeds":194,"minecraft:raw_gold":33,"create:shaft":80,"rechiseled:chisel":1,"minecraft:glowstone_dust":270,"minecraft:oak_planks":3,"ironfurnaces:iron_furnace":2,"biomesoplenty:toadstool":1,"securitycraft:universal_block_reinforcer_lvl3":1,"create:cogwheel":97,"minecraft:dark_oak_log":239,"alexsmobs:animal_dictionary":3,"minecraft:diamond":32,"waystones:waystone":1,"minecraft:crossbow":4,"minecraft:bread":2,"alexsmobs:maggot":2,"minecraft:oak_sapling":57,"minecraft:netherrack":69,"minecraft:dark_oak_fence":20,"minecraft:crafting_table":1,"minecraft:chicken":26,"minecraft:brown_mushroom":2,"create:rotation_speed_controller":2,"minecraft:heavy_weighted_pressure_plate":2,"minecraft:moss_carpet":2,"rechiseled:stone_slated":21,"minecraft:beef":45,"minecraft:poppy":5,"ironfurnaces:diamond_furnace":1,"minecraft:chest":8,"minecraft:birch_sapling":18,"minecraft:spruce_trapdoor":1,"minecraft:egg":9,"minecraft:raw_iron":346,"minecraft:stone":77,"sophisticatedbackpacks:backpack":2,"minecraft:redstone":299,"minecraft:dark_oak_planks":124,"minecraft:arrow":8,"alexsmobs:chorus_on_a_stick":1,"minecraft:beetroot_seeds":7,"ironfurnaces:gold_furnace":1,"create:depot":1,"sophisticatedbackpacks:copper_backpack":1,"paraglider:horned_statue":1,"minecraft:glow_berries":12,"minecraft:mutton":8,"minecraft:white_wool":2,"minecraft:lime_bed":2,"minecraft:glow_ink_sac":4,"minecraft:tripwire_hook":1,"minecraft:leather":33,"minecraft:red_mushroom":1,"minecraft:oak_log":149,"create:andesite_alloy":65,"minecraft:gunpowder":2,"minecraft:white_banner":4,"minecraft:apple":12,"minecraft:stone_bricks":15,"minecraft:iron_ingot":61,"minecraft:stone_pickaxe":1,"minecraft:cooked_chicken":5,"create:mechanical_bearing":1,"create:large_water_wheel":8,"minecraft:sweet_berries":11,"minecraft:chiseled_stone_bricks":92,"minecraft:stone_brick_slab":1,"minecraft:dandelion":1,"minecraft:dripstone_block":84,"minecraft:gravel":270,"minecraft:spruce_sapling":22,"minecraft:spruce_log":37,"minecraft:spider_eye":1,"create:gearbox":1,"minecraft:pumpkin_seeds":1,"biomesoplenty:maple_sapling":35,"minecraft:slime_ball":2,"minecraft:stone_axe":1,"create:portable_storage_interface":1,"minecraft:black_wool":2,"minecraft:stripped_dark_oak_log":1,"minecraft:coal":243},"minecraft:killed":{"minecraft:cave_spider":1,"minecraft:spider":8,"minecraft:skeleton":9,"minecraft:chicken":18,"minecraft:pig":5,"alexsmobs:grizzly_bear":1,"minecraft:sheep":2,"minecraft:pillager":6,"minecraft:zombie":31,"minecraft:cow":23,"minecraft:slime":6},"minecraft:custom":{"minecraft:animals_bred":1,"minecraft:interact_with_crafting_table":88,"minecraft:open_barrel":8,"goblintraders:trade_with_goblin":23,"minecraft:leave_game":8,"minecraft:time_since_death":63334,"minecraft:sprint_one_cm":945532,"minecraft:damage_blocked_by_shield":1500,"minecraft:drop":188,"minecraft:talked_to_villager":3,"minecraft:play_time":691667,"minecraft:deaths":4,"minecraft:jump":8078,"minecraft:walk_on_water_one_cm":57173,"minecraft:interact_with_furnace":204,"minecraft:sleep_in_bed":12,"minecraft:waystone_activated":5,"minecraft:damage_dealt":17795,"minecraft:crouch_one_cm":109897,"minecraft:mob_kills":122,"minecraft:damage_dealt_resisted":188,"minecraft:climb_one_cm":932,"minecraft:walk_one_cm":1485020,"minecraft:sneak_time":37104,"minecraft:walk_under_water_one_cm":26862,"minecraft:total_world_time":691667,"minecraft:time_since_rest":4275,"minecraft:damage_taken":13320,"minecraft:swim_one_cm":2647,"minecraft:fly_one_cm":1367200,"minecraft:open_chest":326,"minecraft:fall_one_cm":167773},"minecraft:mined":{"minecraft:dark_oak_planks":1,"create:deepslate_zinc_ore":13,"create:andesite_casing":55,"minecraft:obsidian":384,"minecraft:spruce_trapdoor":1,"minecraft:cave_vines_plant":21,"minecraft:grass_block":789,"create:rotation_speed_controller":2,"minecraft:chiseled_stone_bricks":33,"minecraft:spawner":1,"minecraft:smooth_stone":4,"minecraft:glowstone":99,"ironfurnaces:gold_furnace":1,"minecraft:iron_ore":177,"minecraft:cobbled_deepslate":36,"minecraft:moss_carpet":2,"minecraft:deepslate_lapis_ore":8,"create:asurine":1,"minecraft:cave_vines":65,"minecraft:dirt_path":4,"biomesoplenty:webbing":5,"minecraft:deepslate_redstone_ore":26,"create:cogwheel":19,"minecraft:brown_mushroom":2,"ironfurnaces:iron_furnace":2,"minecraft:torch":8,"minecraft:poppy":3,"minecraft:chest":8,"minecraft:glass":1,"minecraft:cobblestone":310,"rechiseled:stone_small_tiles":3,"minecraft:oak_planks":8,"minecraft:wall_torch":6,"create:portable_storage_interface":1,"minecraft:birch_log":144,"paraglider:horned_statue":1,"minecraft:blue_ice":36,"biomesoplenty:maple_sapling":6,"biomesoplenty:maple_leaves":30,"minecraft:pumpkin_stem":4,"biomesoplenty:fir_log":485,"minecraft:smooth_stone_slab":5,"minecraft:grass":1073,"minecraft:oak_log":133,"minecraft:dirt":2926,"minecraft:netherrack":69,"minecraft:oak_leaves":571,"rechiseled:stone_slated":3,"minecraft:deepslate":1779,"create:zinc_ore":83,"biomesoplenty:orange_autumn_leaves":128,"minecraft:deepslate_tiles":1,"minecraft:diamond_ore":2,"minecraft:tuff":272,"minecraft:deepslate_diamond_ore":30,"minecraft:dark_oak_log":186,"minecraft:dark_oak_fence":10,"create:large_cogwheel":15,"create:ochrum":4,"create:depot":1,"minecraft:spruce_leaves":353,"minecraft:red_mushroom":1,"minecraft:large_fern":67,"minecraft:redstone_ore":3,"biomesoplenty:toadstool":4,"minecraft:andesite":201,"minecraft:deepslate_iron_ore":166,"biomesoplenty:spider_egg":1,"minecraft:stone":4745,"minecraft:stripped_dark_oak_log":1,"minecraft:stone_brick_slab":1,"minecraft:dandelion":2,"biomesoplenty:fir_planks":161,"minecraft:sculk_sensor":1,"minecraft:tall_grass":263,"minecraft:copper_ore":36,"minecraft:lapis_ore":4,"minecraft:deepslate_gold_ore":7,"minecraft:sculk":64,"minecraft:lime_bed":3,"create:gearbox":1,"biomesoplenty:yellow_autumn_leaves":71,"minecraft:sweet_berry_bush":4,"minecraft:spruce_log":36,"minecraft:birch_leaves":349,"minecraft:coal_ore":217,"biomesoplenty:fir_leaves":5,"minecraft:gravel":283,"minecraft:dripstone_block":84,"biomesoplenty:stringy_cobweb":1,"minecraft:cobweb":48,"minecraft:stone_bricks":15,"minecraft:gold_ore":21,"minecraft:fern":88}},"DataVersion":3465}