{"stats":{"minecraft:killed":{"minecraft:pig":1,"minecraft:zombie":2},"minecraft:picked_up":{"minecraft:crafting_table":12,"biomesoplenty:fir_log":19,"biomesoplenty:fir_sapling":5,"minecraft:tuff":224,"minecraft:lapis_lazuli":56,"minecraft:dirt":1,"minecraft:wheat_seeds":1,"minecraft:cobbled_deepslate":978,"minecraft:raw_gold":8,"minecraft:stone_pickaxe":4,"minecraft:iron_ingot":6,"ironfurnaces:iron_furnace":2,"minecraft:furnace":2,"minecraft:stick":36,"minecraft:raw_iron":151,"minecraft:torch":12,"minecraft:gravel":61,"minecraft:porkchop":3,"minecraft:blast_furnace":2,"minecraft:redstone":192,"minecraft:rotten_flesh":1,"minecraft:diamond":14,"minecraft:golden_apple":1,"minecraft:gray_wool":68,"minecraft:coal":258,"minecraft:cobblestone":91},"minecraft:used":{"minecraft:stone_pickaxe":330,"minecraft:wooden_pickaxe":10,"minecraft:iron_sword":1,"minecraft:iron_chestplate":1,"minecraft:torch":14,"minecraft:dirt":1,"minecraft:crafting_table":14,"minecraft:blast_furnace":2,"minecraft:tuff":4,"minecraft:wooden_axe":33,"minecraft:iron_axe":3,"biomesoplenty:fir_sapling":3,"minecraft:bread":12,"minecraft:iron_pickaxe":83,"minecraft:iron_helmet":1,"minecraft:iron_boots":1,"minecraft:gravel":1,"minecraft:stone_axe":7,"ironfurnaces:iron_furnace":1,"minecraft:furnace":2,"minecraft:porkchop":3,"biomesoplenty:fir_log":1,"minecraft:cobbled_deepslate":3,"minecraft:gray_wool":31,"minecraft:diamond_leggings":1,"minecraft:iron_leggings":1},"minecraft:crafted":{"minecraft:cobbled_deepslate_slab":3,"minecraft:smooth_stone":3,"minecraft:crafting_table":3,"minecraft:wooden_pickaxe":1,"minecraft:iron_helmet":1,"minecraft:iron_sword":1,"minecraft:furnace":1,"minecraft:blast_furnace":1,"minecraft:stone":3,"minecraft:stone_axe":1,"minecraft:air":0,"biomesoplenty:fir_planks":72,"minecraft:iron_boots":1,"minecraft:iron_chestplate":1,"minecraft:shield":1,"minecraft:iron_axe":1,"minecraft:stick":76,"minecraft:iron_ingot":41,"minecraft:iron_pickaxe":3,"minecraft:stone_pickaxe":24,"minecraft:wooden_axe":1,"minecraft:iron_leggings":1,"minecraft:torch":8},"minecraft:mined":{"minecraft:deepslate_redstone_ore":35,"create:deepslate_zinc_ore":1,"minecraft:tuff":10,"minecraft:deepslate_diamond_ore":4,"ironfurnaces:iron_furnace":2,"minecraft:crafting_table":12,"minecraft:torch":4,"minecraft:blast_furnace":2,"minecraft:cobblestone":6,"minecraft:deepslate_tile_stairs":2,"minecraft:lapis_ore":4,"minecraft:sculk":3,"minecraft:wall_torch":8,"minecraft:gray_wool":7,"minecraft:furnace":2,"minecraft:iron_ore":55,"minecraft:cobbled_deepslate":3,"biomesoplenty:fir_log":23,"minecraft:coal_ore":64,"minecraft:deepslate_iron_ore":1,"minecraft:dirt_path":1,"minecraft:stone":61,"minecraft:deepslate":168,"minecraft:fern":1},"minecraft:broken":{"minecraft:stone_pickaxe":2},"minecraft:dropped":{"minecraft:gravel":64,"minecraft:iron_ingot":4,"minecraft:wheat_seeds":1,"minecraft:cobbled_deepslate":383,"minecraft:tuff":192,"minecraft:cobblestone":68,"minecraft:rotten_flesh":1,"minecraft:cobbled_deepslate_slab":18,"biomesoplenty:fir_sapling":2,"minecraft:stick":1,"minecraft:gray_wool":1,"minecraft:wooden_axe":1,"minecraft:iron_leggings":1,"minecraft:stone_pickaxe":26,"minecraft:wooden_pickaxe":1,"minecraft:iron_pickaxe":2},"minecraft:custom":{"minecraft:interact_with_furnace":19,"minecraft:mob_kills":3,"minecraft:interact_with_crafting_table":32,"minecraft:leave_game":1,"minecraft:time_since_death":78494,"minecraft:climb_one_cm":12,"minecraft:time_since_rest":78494,"minecraft:waystone_activated":1,"minecraft:sprint_one_cm":150186,"minecraft:damage_taken":235,"minecraft:walk_one_cm":79024,"minecraft:drop":58,"minecraft:damage_dealt":441,"minecraft:fly_one_cm":86434,"minecraft:open_chest":7,"minecraft:crouch_one_cm":150232,"minecraft:play_time":78494,"minecraft:sneak_time":35297,"minecraft:jump":1165,"minecraft:interact_with_blast_furnace":26,"minecraft:walk_on_water_one_cm":1020,"minecraft:total_world_time":78494,"minecraft:fall_one_cm":27292}},"DataVersion":3465}