{"stats":{"minecraft:killed":{"minecraft:pig":1,"minecraft:zombie":2},"minecraft:picked_up":{"minecraft:crafting_table":11,"biomesoplenty:fir_log":19,"biomesoplenty:fir_sapling":5,"minecraft:tuff":189,"minecraft:lapis_lazuli":56,"minecraft:dirt":1,"minecraft:wheat_seeds":1,"minecraft:cobbled_deepslate":791,"minecraft:raw_gold":8,"minecraft:stone_pickaxe":3,"minecraft:iron_ingot":6,"ironfurnaces:iron_furnace":2,"minecraft:furnace":2,"minecraft:stick":24,"minecraft:raw_iron":137,"minecraft:torch":10,"minecraft:gravel":61,"minecraft:porkchop":3,"minecraft:blast_furnace":2,"minecraft:redstone":165,"minecraft:rotten_flesh":1,"minecraft:diamond":9,"minecraft:golden_apple":1,"minecraft:gray_wool":4,"minecraft:coal":248,"minecraft:cobblestone":51},"minecraft:used":{"minecraft:stone_pickaxe":330,"minecraft:wooden_pickaxe":10,"minecraft:iron_sword":1,"minecraft:iron_chestplate":1,"minecraft:torch":13,"minecraft:dirt":1,"minecraft:crafting_table":13,"minecraft:blast_furnace":2,"minecraft:wooden_axe":33,"minecraft:iron_axe":2,"biomesoplenty:fir_sapling":3,"minecraft:bread":8,"minecraft:iron_pickaxe":43,"minecraft:iron_helmet":1,"minecraft:iron_boots":1,"minecraft:gravel":1,"minecraft:stone_axe":7,"ironfurnaces:iron_furnace":1,"minecraft:furnace":2,"minecraft:porkchop":3,"biomesoplenty:fir_log":1,"minecraft:cobbled_deepslate":3,"minecraft:diamond_leggings":1,"minecraft:iron_leggings":1},"minecraft:crafted":{"minecraft:cobbled_deepslate_slab":3,"minecraft:smooth_stone":3,"minecraft:crafting_table":2,"minecraft:wooden_pickaxe":1,"minecraft:iron_helmet":1,"minecraft:iron_sword":1,"minecraft:furnace":1,"minecraft:blast_furnace":1,"minecraft:stone":3,"minecraft:stone_axe":1,"minecraft:air":0,"biomesoplenty:fir_planks":72,"minecraft:iron_boots":1,"minecraft:iron_chestplate":1,"minecraft:shield":1,"minecraft:iron_axe":1,"minecraft:stick":64,"minecraft:iron_ingot":41,"minecraft:iron_pickaxe":3,"minecraft:stone_pickaxe":24,"minecraft:wooden_axe":1,"minecraft:iron_leggings":1,"minecraft:torch":8},"minecraft:mined":{"minecraft:deepslate_redstone_ore":30,"create:deepslate_zinc_ore":1,"minecraft:tuff":10,"minecraft:deepslate_diamond_ore":4,"ironfurnaces:iron_furnace":2,"minecraft:crafting_table":11,"minecraft:torch":3,"minecraft:blast_furnace":2,"minecraft:cobblestone":2,"minecraft:lapis_ore":4,"minecraft:sculk":3,"minecraft:wall_torch":8,"minecraft:gray_wool":7,"minecraft:furnace":2,"minecraft:iron_ore":48,"minecraft:cobbled_deepslate":2,"biomesoplenty:fir_log":23,"minecraft:coal_ore":54,"minecraft:deepslate_iron_ore":1,"minecraft:dirt_path":1,"minecraft:stone":50,"minecraft:deepslate":168,"minecraft:fern":1},"minecraft:broken":{"minecraft:stone_pickaxe":2},"minecraft:dropped":{"minecraft:gravel":64,"minecraft:iron_ingot":4,"minecraft:wheat_seeds":1,"minecraft:cobbled_deepslate":318,"minecraft:tuff":192,"minecraft:cobblestone":28,"minecraft:rotten_flesh":1,"minecraft:cobbled_deepslate_slab":18,"biomesoplenty:fir_sapling":2,"minecraft:stick":1,"minecraft:wooden_axe":1,"minecraft:stone_pickaxe":22,"minecraft:wooden_pickaxe":1,"minecraft:iron_pickaxe":2},"minecraft:custom":{"minecraft:interact_with_furnace":19,"minecraft:mob_kills":3,"minecraft:interact_with_crafting_table":31,"minecraft:leave_game":1,"minecraft:time_since_death":54494,"minecraft:time_since_rest":54494,"minecraft:waystone_activated":1,"minecraft:sprint_one_cm":129800,"minecraft:damage_taken":126,"minecraft:walk_one_cm":71530,"minecraft:drop":49,"minecraft:damage_dealt":441,"minecraft:fly_one_cm":81035,"minecraft:open_chest":2,"minecraft:crouch_one_cm":62775,"minecraft:play_time":54494,"minecraft:sneak_time":16724,"minecraft:jump":719,"minecraft:interact_with_blast_furnace":26,"minecraft:walk_on_water_one_cm":1020,"minecraft:total_world_time":54494,"minecraft:fall_one_cm":14050}},"DataVersion":3465}