{"stats":{"minecraft:mined":{"minecraft:spruce_planks":6,"minecraft:spruce_trapdoor":25,"minecraft:allium":5,"minecraft:grass_block":429,"minecraft:deepslate_bricks":3,"minecraft:oak_trapdoor":2,"minecraft:furnace":2,"minecraft:fire":1,"minecraft:snow":40,"biomesoplenty:fir_wall_sign":2,"minecraft:dirt_path":21,"minecraft:lantern":6,"minecraft:stone":324,"biomesoplenty:fir_sign":5,"minecraft:spruce_slab":2,"minecraft:podzol":1,"minecraft:scaffolding":12,"minecraft:red_bed":3,"minecraft:lily_of_the_valley":1,"minecraft:deepslate_brick_wall":8,"minecraft:smoker":2,"minecraft:dandelion":2,"minecraft:torch":2,"biomesoplenty:fir_planks":8,"minecraft:poppy":1,"minecraft:chest":2,"minecraft:rose_bush":8,"minecraft:campfire":1,"minecraft:cobblestone":8,"biomesoplenty:sprout":34,"minecraft:oak_planks":2,"minecraft:wall_torch":1,"minecraft:spruce_stairs":8,"minecraft:red_terracotta":1,"biomesoplenty:magic_planks":11,"biomesoplenty:blue_hydrangea":1,"minecraft:sweet_berry_bush":2,"minecraft:lilac":3,"biomesoplenty:fir_log":7,"minecraft:bee_nest":1,"minecraft:grass":27,"minecraft:coal_ore":68,"minecraft:sunflower":12,"minecraft:gravel":19,"minecraft:dirt":193,"minecraft:stonecutter":1,"minecraft:oak_leaves":6,"minecraft:fern":1},"minecraft:broken":{"minecraft:iron_shovel":1,"minecraft:wooden_shovel":1,"minecraft:wooden_pickaxe":1,"minecraft:stone_shovel":2},"minecraft:killed_by":{"minecraft:player":1,"rotted:adventurer":1},"minecraft:picked_up":{"minecraft:charcoal":2,"minecraft:allium":7,"biomesoplenty:fir_trapdoor":4,"minecraft:red_bed":3,"minecraft:oak_trapdoor":3,"securitycraft:scanner_trapdoor":1,"minecraft:compass":1,"biomesoplenty:fir_sign":8,"biomesoplenty:fir_planks":148,"minecraft:spruce_planks":6,"minecraft:rose_bush":12,"minecraft:poppy":17,"minecraft:iron_pickaxe":2,"minecraft:spruce_slab":2,"minecraft:chest":2,"securitycraft:reinforced_spruce_slab":1,"minecraft:spruce_trapdoor":26,"minecraft:furnace":2,"minecraft:stick":48,"minecraft:deepslate_brick_wall":8,"minecraft:torch":71,"minecraft:spruce_stairs":8,"minecraft:rotten_flesh":9,"biomesoplenty:blue_hydrangea":1,"minecraft:stone_shovel":1,"minecraft:deepslate_bricks":3,"securitycraft:reinforced_stripped_birch_log":2,"minecraft:snowball":45,"minecraft:cobblestone":965,"minecraft:lilac":2,"farmersdelight:rice":1,"minecraft:leather":4,"minecraft:smoker":2,"biomesoplenty:fir_sapling":1,"biomesoplenty:fir_log":5,"minecraft:dirt":848,"minecraft:lantern":13,"minecraft:bone":1,"minecraft:stonecutter":1,"minecraft:wheat_seeds":12,"minecraft:stone_pickaxe":1,"minecraft:oak_planks":2,"minecraft:iron_sword":4,"minecraft:scaffolding":15,"minecraft:dandelion":2,"minecraft:gravel":8,"minecraft:poisonous_potato":5,"minecraft:stripped_spruce_log":3,"minecraft:red_terracotta":1,"minecraft:spruce_door":1,"securitycraft:universal_block_remover":2,"biomesoplenty:magic_planks":8,"minecraft:bread":43,"minecraft:chainmail_helmet":1,"minecraft:oak_sapling":1,"minecraft:coal":9,"rotted:rotten_brain":2,"minecraft:sunflower":12},"minecraft:used":{"minecraft:oak_trapdoor":2,"minecraft:rose_bush":1,"minecraft:iron_shovel":261,"securitycraft:reinforced_stripped_birch_log":1,"minecraft:spruce_slab":2,"minecraft:stone_shovel":261,"minecraft:chest":2,"minecraft:spruce_planks":34,"minecraft:iron_sword":73,"securitycraft:scanner_trapdoor":1,"minecraft:wooden_shovel":59,"minecraft:torch":33,"minecraft:dirt":201,"mvw:stone_glaive":3,"minecraft:spruce_stairs":4,"minecraft:allium":5,"minecraft:snowball":35,"minecraft:lantern":10,"biomesoplenty:fir_sapling":1,"minecraft:sweet_berries":28,"minecraft:scaffolding":15,"minecraft:furnace":2,"farmersdelight:cooked_mutton_chops":2,"biomesoplenty:blue_hydrangea":1,"minecraft:potato":13,"minecraft:deepslate_brick_wall":8,"minecraft:water_bucket":41,"minecraft:stone_pickaxe":124,"minecraft:wooden_pickaxe":59,"biomesoplenty:fir_planks":2,"minecraft:stonecutter":1,"minecraft:deepslate_bricks":3,"securitycraft:universal_block_remover":1,"fusion:bronze_axe":236,"minecraft:smoker":2,"rotted:rotten_brain":1,"minecraft:sunflower":2,"minecraft:bread":64,"minecraft:iron_pickaxe":282,"minecraft:spruce_trapdoor":26,"minecraft:lilac":1,"minecraft:cobblestone":26,"minecraft:bucket":42,"biomesoplenty:fir_sign":13,"alexsmobs:animal_dictionary":1,"minecraft:dandelion":1},"minecraft:custom":{"minecraft:interact_with_smithing_table":1,"minecraft:mob_kills":14,"minecraft:interact_with_crafting_table":29,"minecraft:bell_ring":117,"minecraft:leave_game":2,"minecraft:time_since_death":118172,"minecraft:climb_one_cm":2906,"minecraft:sprint_one_cm":461073,"minecraft:walk_one_cm":604840,"minecraft:drop":80,"minecraft:talked_to_villager":64,"minecraft:play_time":202082,"minecraft:deaths":3,"minecraft:sneak_time":8424,"minecraft:walk_under_water_one_cm":65601,"minecraft:jump":4717,"minecraft:interact_with_blast_furnace":2,"minecraft:walk_on_water_one_cm":34564,"minecraft:total_world_time":202082,"minecraft:interact_with_furnace":4,"minecraft:traded_with_villager":2,"minecraft:interact_with_stonecutter":2,"minecraft:sleep_in_bed":18,"minecraft:time_since_rest":18584,"minecraft:waystone_activated":3,"minecraft:damage_taken":3587,"minecraft:damage_dealt":4545,"minecraft:swim_one_cm":6257,"minecraft:fly_one_cm":598862,"minecraft:open_chest":84,"minecraft:crouch_one_cm":21024,"minecraft:interact_with_smoker":6,"minecraft:fall_one_cm":73993},"minecraft:killed":{"rotted:doctor":2,"rotted:miner":1,"minecraft:bee":1,"rotted:adventurer":3,"rotted:shielder":1,"rotted:farmer":3,"rotted:marine":1,"minecraft:zombie":1,"minecraft:cow":1},"minecraft:crafted":{"minecraft:stone_shovel":2,"minecraft:iron_boots":1,"minecraft:stone_pickaxe":1,"minecraft:sea_lantern":8,"minecraft:wooden_shovel":1,"farmersdelight:cooked_mutton_chops":2,"minecraft:spruce_planks":64,"minecraft:wooden_pickaxe":1,"minecraft:iron_helmet":1,"minecraft:bucket":1,"biomesoplenty:fir_sign":3,"minecraft:spruce_trapdoor":6,"mvw:stone_glaive":1,"minecraft:iron_chestplate":1,"minecraft:stick":16,"minecraft:iron_leggings":1,"minecraft:torch":80},"minecraft:dropped":{"minecraft:iron_sword":2,"minecraft:stripped_spruce_log":2,"minecraft:wheat_seeds":7,"minecraft:lilac":1,"minecraft:poisonous_potato":5,"minecraft:feather":3,"minecraft:cobblestone":49,"minecraft:leather":4,"minecraft:chainmail_helmet":1,"farmersdelight:rice":36,"minecraft:dirt":2,"minecraft:red_bed":3,"minecraft:torch":6,"biomesoplenty:fir_trapdoor":4,"minecraft:rose_bush":11,"minecraft:snowball":10,"rotted:rotten_brain":1,"minecraft:sunflower":10,"minecraft:iron_pickaxe":1,"minecraft:dandelion":1,"minecraft:compass":3,"minecraft:oak_trapdoor":1,"minecraft:wheat":4,"minecraft:stone_shovel":1,"minecraft:rotten_flesh":9,"securitycraft:universal_block_remover":1,"minecraft:poppy":9,"minecraft:stone":1,"minecraft:allium":2,"minecraft:spruce_trapdoor":6,"minecraft:oak_sapling":1,"minecraft:stone_pickaxe":1}},"DataVersion":3465}