{"stats":{"minecraft:killed":{"minecraft:spider":1},"minecraft:dropped":{"minecraft:leather_chestplate":5,"minecraft:leather_leggings":4,"biomesoplenty:mahogany_sapling":1,"minecraft:wooden_pickaxe":2},"minecraft:custom":{"minecraft:time_since_rest":19675,"minecraft:sprint_one_cm":115953,"spartanshields:shield_bash_hits":2,"minecraft:damage_taken":406,"minecraft:walk_one_cm":69869,"minecraft:mob_kills":1,"minecraft:drop":12,"minecraft:damage_dealt":349,"minecraft:interact_with_crafting_table":2,"minecraft:talked_to_villager":5,"minecraft:fly_one_cm":54815,"minecraft:open_chest":14,"minecraft:crouch_one_cm":340,"minecraft:play_time":23500,"minecraft:bell_ring":1,"minecraft:sneak_time":191,"minecraft:walk_under_water_one_cm":22,"minecraft:jump":472,"minecraft:leave_game":1,"minecraft:time_since_death":23500,"minecraft:walk_on_water_one_cm":1471,"minecraft:sleep_in_bed":1,"minecraft:climb_one_cm":12440,"minecraft:total_world_time":23500,"minecraft:inspect_dispenser":1,"minecraft:fall_one_cm":11196},"minecraft:used":{"minecraft:iron_axe":4,"minecraft:bread":10,"minecraft:iron_pickaxe":78,"minecraft:wooden_pickaxe":46,"minecraft:torch":11,"minecraft:cobblestone":3,"alexsmobs:animal_dictionary":1},"minecraft:picked_up":{"minecraft:raw_iron":2,"minecraft:stick":2,"minecraft:iron_chestplate":1,"minecraft:leather_chestplate":3,"minecraft:jungle_log":2,"minecraft:leather_leggings":3,"minecraft:torch":6,"minecraft:wooden_pickaxe":1,"minecraft:shield":1,"minecraft:string":2,"minecraft:iron_axe":1,"minecraft:iron_leggings":1,"minecraft:arrow":2,"biomesoplenty:mahogany_sapling":1,"minecraft:cobbled_deepslate":12,"crittersandcompanions:silk":4,"minecraft:rabbit_hide":3,"minecraft:iron_helmet":1,"minecraft:iron_nugget":1,"minecraft:iron_pickaxe":1,"minecraft:iron_boots":1,"minecraft:cobblestone":3},"minecraft:mined":{"create:zinc_ore":12,"minecraft:tuff":12,"create:deepslate_zinc_ore":10,"minecraft:iron_ore":12,"minecraft:torch":1,"minecraft:coal_ore":37,"minecraft:deepslate_iron_ore":3,"biomesoplenty:mahogany_leaves":5,"minecraft:jungle_log":2,"crittersandcompanions:silk_cocoon":1,"minecraft:cobblestone":1,"minecraft:deepslate_gold_ore":4,"minecraft:stone":1,"minecraft:gold_ore":7,"minecraft:deepslate":14,"minecraft:wall_torch":5},"minecraft:crafted":{"minecraft:wooden_pickaxe":1,"minecraft:torch":8,"minecraft:jungle_planks":4}},"DataVersion":3465}