{"stats":{"minecraft:mined":{"minecraft:grass":2,"biomesoplenty:fir_planks":7,"minecraft:chest":2,"minecraft:rose_bush":1,"biomesoplenty:fir_log":7},"minecraft:dropped":{"minecraft:rotten_flesh":2,"minecraft:wheat_seeds":1,"farmersdelight:rice":13},"minecraft:used":{"minecraft:bread":10,"alexsmobs:animal_dictionary":1,"fusion:bronze_axe":19,"minecraft:spruce_planks":1,"minecraft:potato":1},"minecraft:picked_up":{"farmersdelight:rice":1,"minecraft:rotten_flesh":2,"minecraft:wheat_seeds":1,"biomesoplenty:fir_planks":1,"biomesoplenty:fir_log":5,"minecraft:rose_bush":1,"minecraft:chest":2},"minecraft:custom":{"minecraft:open_chest":28,"minecraft:time_since_rest":988,"minecraft:waystone_activated":1,"minecraft:crouch_one_cm":568,"minecraft:play_time":17746,"minecraft:sprint_one_cm":49555,"minecraft:damage_taken":360,"minecraft:walk_one_cm":55906,"minecraft:bell_ring":29,"minecraft:sneak_time":106,"minecraft:drop":5,"minecraft:jump":211,"minecraft:damage_dealt":4,"minecraft:interact_with_blast_furnace":2,"minecraft:time_since_death":17746,"minecraft:sleep_in_bed":2,"minecraft:traded_with_villager":2,"minecraft:total_world_time":17746,"minecraft:interact_with_crafting_table":2,"minecraft:talked_to_villager":6,"minecraft:fall_one_cm":6385,"minecraft:fly_one_cm":53098},"minecraft:crafted":{"minecraft:spruce_planks":64,"minecraft:sea_lantern":8}},"DataVersion":3465}