{"stats":{"minecraft:crafted":{"minecraft:oak_planks":4,"minecraft:emerald":2,"minecraft:wooden_pickaxe":1,"minecraft:jungle_planks":4,"minecraft:iron_ingot":37,"minecraft:gold_ingot":48,"minecraft:torch":8},"minecraft:picked_up":{"minecraft:charcoal":2,"minecraft:iron_chestplate":1,"minecraft:leather_chestplate":3,"minecraft:chainmail_boots":1,"minecraft:flower_pot":1,"minecraft:glow_ink_sac":8,"minecraft:jungle_log":2,"minecraft:leather_leggings":3,"minecraft:wooden_pickaxe":1,"minecraft:tuff":238,"minecraft:oak_log":1,"minecraft:yellow_bed":1,"minecraft:shield":1,"minecraft:gunpowder":1,"artifacts:flippers":2,"minecraft:string":5,"minecraft:lantern":1,"minecraft:iron_axe":1,"minecraft:iron_leggings":1,"minecraft:bone":8,"minecraft:cobbled_deepslate":40,"minecraft:rabbit_hide":6,"minecraft:calcite":85,"minecraft:iron_nugget":1,"minecraft:iron_pickaxe":1,"minecraft:gray_bed":1,"minecraft:iron_boots":1,"minecraft:furnace":1,"minecraft:stick":2,"minecraft:raw_iron":2,"minecraft:torch":18,"minecraft:gravel":36,"minecraft:dried_kelp":3,"minecraft:stone_button":1,"minecraft:spider_eye":1,"minecraft:mossy_cobblestone":2,"minecraft:tnt":1,"minecraft:arrow":3,"biomesoplenty:mahogany_sapling":1,"minecraft:iron_helmet":1,"crittersandcompanions:silk":4,"create:asurine":31,"minecraft:cobblestone":67},"minecraft:mined":{"create:zinc_ore":12,"minecraft:deepslate_redstone_ore":6,"create:deepslate_zinc_ore":10,"minecraft:tuff":12,"minecraft:mossy_cobblestone":2,"minecraft:deepslate_diamond_ore":8,"minecraft:sculk_vein":1,"minecraft:torch":5,"minecraft:jungle_log":2,"minecraft:campfire":1,"minecraft:cobblestone":1,"minecraft:deepslate_gold_ore":19,"minecraft:sculk":1,"minecraft:wall_torch":10,"minecraft:iron_ore":12,"minecraft:cobbled_deepslate":3,"minecraft:gray_bed":1,"minecraft:tnt":1,"minecraft:deepslate_lapis_ore":6,"create:asurine":3,"minecraft:oak_log":1,"minecraft:coal_ore":42,"minecraft:deepslate_iron_ore":16,"biomesoplenty:mahogany_leaves":5,"minecraft:lantern":1,"crittersandcompanions:silk_cocoon":1,"minecraft:stone":1,"minecraft:gold_ore":7,"minecraft:deepslate":21},"minecraft:killed":{"minecraft:spider":2,"minecraft:skeleton":3,"minecraft:zombie":3},"minecraft:custom":{"minecraft:interact_with_furnace":6,"spartanshields:shield_bash_hits":11,"minecraft:mob_kills":9,"minecraft:interact_with_crafting_table":2,"minecraft:open_barrel":9,"goblintraders:trade_with_goblin":27,"minecraft:interact_with_loom":3,"minecraft:bell_ring":1,"minecraft:leave_game":2,"minecraft:time_since_death":105973,"minecraft:sleep_in_bed":1,"minecraft:climb_one_cm":14351,"minecraft:time_since_rest":102148,"minecraft:sprint_one_cm":304332,"minecraft:damage_taken":1092,"minecraft:walk_one_cm":216651,"minecraft:damage_blocked_by_shield":150,"minecraft:drop":63,"minecraft:damage_dealt":1919,"minecraft:swim_one_cm":724,"minecraft:talked_to_villager":5,"minecraft:fly_one_cm":182642,"minecraft:open_chest":18,"minecraft:crouch_one_cm":2359,"minecraft:play_time":105973,"minecraft:sneak_time":1078,"minecraft:walk_under_water_one_cm":3167,"minecraft:jump":1486,"minecraft:walk_on_water_one_cm":15444,"minecraft:total_world_time":105973,"minecraft:fall_one_cm":31433,"minecraft:inspect_dispenser":1},"minecraft:used":{"minecraft:dried_kelp":3,"minecraft:wooden_pickaxe":46,"minecraft:shield":4,"minecraft:torch":19,"minecraft:mossy_cobblestone":1,"minecraft:lantern":1,"minecraft:iron_axe":82,"minecraft:bread":27,"minecraft:iron_pickaxe":156,"minecraft:cobblestone":3,"minecraft:furnace":1,"alexsmobs:animal_dictionary":1,"minecraft:cobbled_deepslate":50},"minecraft:dropped":{"minecraft:gravel":27,"minecraft:bread":3,"minecraft:iron_nugget":1,"minecraft:glow_ink_sac":2,"alexsmobs:animal_dictionary":1,"minecraft:cobbled_deepslate":1,"minecraft:cocoa_beans":26,"alexscaves:cave_tablet":6,"minecraft:cookie":38,"artifacts:anglers_hat":1,"minecraft:rabbit_hide":6,"minecraft:leather_chestplate":5,"minecraft:flower_pot":1,"minecraft:gunpowder":1,"minecraft:stone_button":1,"minecraft:torch":2,"minecraft:chainmail_boots":1,"minecraft:leather_leggings":4,"minecraft:dried_kelp":3,"minecraft:arrow":3,"biomesoplenty:mahogany_sapling":1,"minecraft:wooden_pickaxe":2,"minecraft:iron_pickaxe":1,"minecraft:calcite":1,"minecraft:paper":15,"minecraft:string":5,"create:raw_zinc":22,"minecraft:bone":8}},"DataVersion":3465}