{"stats":{"minecraft:mined":{"minecraft:podzol":1,"minecraft:sweet_berry_bush":2,"biomesoplenty:fir_log":7,"minecraft:spruce_trapdoor":14,"minecraft:grass":6,"minecraft:allium":3,"minecraft:grass_block":3,"biomesoplenty:fir_planks":7,"minecraft:chest":2,"minecraft:rose_bush":1,"minecraft:campfire":1,"minecraft:spruce_slab":2},"minecraft:dropped":{"minecraft:wheat_seeds":3,"minecraft:rotten_flesh":4,"farmersdelight:rice":13},"minecraft:used":{"biomesoplenty:fir_sapling":1,"minecraft:bread":14,"minecraft:spruce_planks":8,"minecraft:spruce_trapdoor":13,"minecraft:dirt":3,"minecraft:sweet_berries":28,"minecraft:allium":3,"fusion:bronze_axe":79,"alexsmobs:animal_dictionary":1,"minecraft:potato":10},"minecraft:picked_up":{"minecraft:charcoal":2,"minecraft:allium":3,"farmersdelight:rice":1,"biomesoplenty:fir_log":5,"biomesoplenty:fir_sapling":1,"minecraft:dirt":4,"minecraft:rotten_flesh":4,"minecraft:wheat_seeds":3,"biomesoplenty:fir_planks":1,"minecraft:rose_bush":1,"minecraft:spruce_slab":2,"minecraft:chest":2,"minecraft:spruce_trapdoor":14},"minecraft:custom":{"minecraft:time_since_rest":5285,"minecraft:interact_with_smithing_table":1,"minecraft:waystone_activated":1,"minecraft:interact_with_furnace":1,"minecraft:sprint_one_cm":85726,"minecraft:damage_taken":561,"minecraft:walk_one_cm":98138,"minecraft:drop":8,"minecraft:damage_dealt":1174,"minecraft:traded_with_villager":2,"minecraft:talked_to_villager":61,"minecraft:interact_with_crafting_table":2,"minecraft:fly_one_cm":92608,"minecraft:open_chest":30,"minecraft:crouch_one_cm":1773,"minecraft:play_time":29746,"minecraft:sneak_time":870,"minecraft:bell_ring":114,"minecraft:jump":400,"minecraft:interact_with_blast_furnace":2,"minecraft:time_since_death":29746,"minecraft:sleep_in_bed":3,"minecraft:total_world_time":29746,"minecraft:fall_one_cm":12180},"minecraft:crafted":{"minecraft:spruce_planks":64,"minecraft:sea_lantern":8}},"DataVersion":3465}