{"stats":{"minecraft:killed":{"minecraft:spider":2,"minecraft:skeleton":2,"minecraft:zombie":3},"minecraft:dropped":{"alexsmobs:animal_dictionary":1,"minecraft:cobbled_deepslate":1,"minecraft:cookie":38,"artifacts:anglers_hat":1,"minecraft:leather_chestplate":5,"minecraft:leather_leggings":4,"minecraft:arrow":3,"biomesoplenty:mahogany_sapling":1,"minecraft:wooden_pickaxe":2,"minecraft:calcite":1,"minecraft:string":5},"minecraft:custom":{"minecraft:interact_with_furnace":1,"spartanshields:shield_bash_hits":9,"minecraft:mob_kills":7,"minecraft:interact_with_crafting_table":2,"minecraft:open_barrel":1,"minecraft:bell_ring":1,"minecraft:leave_game":1,"minecraft:time_since_death":47500,"minecraft:sleep_in_bed":1,"minecraft:climb_one_cm":12440,"minecraft:time_since_rest":43675,"minecraft:sprint_one_cm":178644,"minecraft:damage_taken":717,"minecraft:walk_one_cm":119688,"minecraft:damage_blocked_by_shield":45,"minecraft:drop":19,"minecraft:damage_dealt":952,"minecraft:talked_to_villager":5,"minecraft:fly_one_cm":98754,"minecraft:open_chest":15,"minecraft:crouch_one_cm":414,"minecraft:play_time":47500,"minecraft:sneak_time":225,"minecraft:walk_under_water_one_cm":22,"minecraft:jump":758,"minecraft:walk_on_water_one_cm":1471,"minecraft:total_world_time":47500,"minecraft:fall_one_cm":17083,"minecraft:inspect_dispenser":1},"minecraft:used":{"minecraft:wooden_pickaxe":46,"minecraft:shield":2,"minecraft:torch":18,"minecraft:mossy_cobblestone":1,"minecraft:iron_axe":34,"minecraft:bread":18,"minecraft:iron_pickaxe":132,"minecraft:cobblestone":3,"alexsmobs:animal_dictionary":1,"minecraft:cobbled_deepslate":14},"minecraft:picked_up":{"minecraft:charcoal":2,"minecraft:iron_chestplate":1,"minecraft:leather_chestplate":3,"minecraft:flower_pot":1,"minecraft:jungle_log":2,"minecraft:leather_leggings":3,"minecraft:wooden_pickaxe":1,"minecraft:tuff":238,"minecraft:yellow_bed":1,"minecraft:shield":1,"minecraft:string":5,"minecraft:iron_axe":1,"minecraft:iron_leggings":1,"minecraft:cobbled_deepslate":24,"minecraft:rabbit_hide":3,"minecraft:calcite":85,"minecraft:iron_nugget":1,"minecraft:iron_pickaxe":1,"minecraft:iron_boots":1,"minecraft:stick":2,"minecraft:raw_iron":2,"minecraft:torch":12,"minecraft:gravel":5,"minecraft:spider_eye":1,"minecraft:mossy_cobblestone":1,"minecraft:arrow":3,"biomesoplenty:mahogany_sapling":1,"minecraft:iron_helmet":1,"crittersandcompanions:silk":4,"create:asurine":31,"minecraft:cobblestone":67},"minecraft:mined":{"create:zinc_ore":12,"minecraft:deepslate_redstone_ore":6,"create:deepslate_zinc_ore":10,"minecraft:tuff":12,"minecraft:deepslate_diamond_ore":8,"minecraft:sculk_vein":1,"minecraft:torch":3,"minecraft:jungle_log":2,"minecraft:campfire":1,"minecraft:cobblestone":1,"minecraft:deepslate_gold_ore":12,"minecraft:sculk":1,"minecraft:wall_torch":8,"minecraft:iron_ore":12,"minecraft:cobbled_deepslate":2,"minecraft:deepslate_lapis_ore":6,"create:asurine":3,"minecraft:coal_ore":37,"minecraft:deepslate_iron_ore":16,"biomesoplenty:mahogany_leaves":5,"crittersandcompanions:silk_cocoon":1,"minecraft:stone":1,"minecraft:gold_ore":7,"minecraft:deepslate":17},"minecraft:crafted":{"minecraft:wooden_pickaxe":1,"minecraft:jungle_planks":4,"minecraft:torch":8}},"DataVersion":3465}