{"stats":{"minecraft:crafted":{"minecraft:oak_planks":28,"minecraft:cooked_mutton":3,"minecraft:emerald":2,"minecraft:cooked_porkchop":11,"minecraft:wooden_pickaxe":2,"minecraft:bucket":2,"minecraft:jungle_planks":4,"minecraft:diamond_pickaxe":1,"minecraft:stick":12,"minecraft:iron_ingot":37,"minecraft:gold_ingot":48,"minecraft:torch":40},"minecraft:mined":{"minecraft:dark_oak_planks":1,"create:zinc_ore":12,"create:deepslate_zinc_ore":10,"minecraft:tuff":17,"minecraft:mossy_cobblestone":2,"minecraft:deepslate_diamond_ore":8,"minecraft:sculk_vein":1,"minecraft:dark_oak_log":1,"unusualprehistory:stone_amber_ore":4,"minecraft:carved_pumpkin":1,"minecraft:grass_block":2,"minecraft:jungle_log":2,"minecraft:cartography_table":1,"farmersdelight:wild_onions":1,"minecraft:fire":1,"minecraft:cobbled_deepslate":5,"minecraft:iron_ore":34,"minecraft:deepslate_lapis_ore":6,"create:asurine":3,"minecraft:deepslate_iron_ore":18,"biomesoplenty:mahogany_leaves":5,"biomesoplenty:webbing":2,"minecraft:lantern":1,"crittersandcompanions:silk_cocoon":1,"minecraft:stone":4,"minecraft:deepslate_redstone_ore":6,"minecraft:red_bed":1,"minecraft:torch":7,"minecraft:poppy":2,"minecraft:melon":1,"minecraft:chest":1,"minecraft:rose_bush":1,"minecraft:campfire":1,"minecraft:potted_oxeye_daisy":1,"minecraft:copper_ore":5,"minecraft:cobblestone":1,"minecraft:deepslate_gold_ore":19,"minecraft:sculk":1,"minecraft:wall_torch":14,"minecraft:deepslate_copper_ore":6,"minecraft:gray_bed":1,"minecraft:tnt":1,"minecraft:grass":7,"minecraft:coal_ore":42,"minecraft:oak_log":7,"minecraft:dirt":1,"minecraft:gold_ore":7,"minecraft:oak_leaves":2,"minecraft:deepslate":21,"minecraft:fern":1},"minecraft:picked_up":{"minecraft:wooden_axe":1,"minecraft:charcoal":2,"minecraft:iron_chestplate":1,"minecraft:chainmail_boots":1,"unusualprehistory:amber_shard":3,"minecraft:flower_pot":4,"minecraft:leather_leggings":3,"minecraft:wooden_pickaxe":1,"minecraft:shield":1,"minecraft:raw_copper":3,"lookinsharp:deadly_artifact":1,"minecraft:string":5,"minecraft:red_bed":1,"minecraft:iron_axe":2,"minecraft:iron_leggings":1,"minecraft:cartography_table":1,"minecraft:cobbled_deepslate":42,"minecraft:calcite":85,"minecraft:iron_nugget":1,"minecraft:poppy":12,"minecraft:iron_pickaxe":1,"minecraft:melon_slice":5,"minecraft:sugar_cane":8,"minecraft:chest":1,"minecraft:iron_boots":1,"minecraft:furnace":1,"minecraft:dark_oak_sapling":4,"minecraft:raw_iron":2,"minecraft:stick":2,"farmersdelight:minced_beef":12,"minecraft:torch":55,"minecraft:porkchop":11,"minecraft:dried_kelp":3,"minecraft:golden_axe":1,"minecraft:stone_button":1,"minecraft:dark_oak_planks":1,"minecraft:tnt":1,"minecraft:arrow":6,"biomesoplenty:mahogany_sapling":1,"crittersandcompanions:silk":4,"create:asurine":31,"minecraft:carved_pumpkin":1,"minecraft:mutton":12,"minecraft:cobblestone":68,"minecraft:oxeye_daisy":1,"minecraft:leather_chestplate":3,"minecraft:feather":1,"minecraft:glow_ink_sac":8,"minecraft:jungle_log":2,"farmersdelight:bacon":7,"minecraft:tuff":281,"minecraft:oak_log":7,"minecraft:yellow_bed":1,"minecraft:gunpowder":1,"minecraft:dirt":1,"minecraft:lantern":1,"artifacts:flippers":2,"minecraft:bone":11,"minecraft:wheat_seeds":1,"minecraft:rabbit_hide":6,"minecraft:iron_ingot":7,"minecraft:gray_bed":1,"minecraft:gravel":36,"minecraft:dark_oak_log":1,"minecraft:spider_eye":1,"minecraft:mossy_cobblestone":2,"artifacts:golden_hook":1,"minecraft:iron_helmet":1,"minecraft:bread":2,"unusualprehistory:amber_fossil":1,"minecraft:diamond_pickaxe":1},"minecraft:killed":{"minecraft:cave_spider":1,"minecraft:spider":3,"minecraft:skeleton":6,"artifacts:mimic":1,"minecraft:pig":4,"minecraft:iron_golem":1,"minecraft:zombie":5},"minecraft:custom":{"minecraft:mob_kills":22,"minecraft:interact_with_crafting_table":9,"minecraft:open_barrel":9,"goblintraders:trade_with_goblin":27,"minecraft:bell_ring":1,"minecraft:leave_game":2,"minecraft:time_since_death":141973,"minecraft:climb_one_cm":15937,"minecraft:sprint_one_cm":412419,"minecraft:walk_one_cm":311677,"minecraft:damage_blocked_by_shield":175,"minecraft:drop":89,"minecraft:talked_to_villager":7,"minecraft:play_time":141973,"minecraft:sneak_time":3227,"minecraft:walk_under_water_one_cm":3790,"minecraft:jump":2134,"minecraft:walk_on_water_one_cm":20698,"minecraft:total_world_time":141973,"minecraft:interact_with_furnace":14,"spartanshields:shield_bash_hits":12,"minecraft:interact_with_cartography_table":1,"minecraft:interact_with_loom":3,"minecraft:pot_flower":1,"minecraft:sleep_in_bed":1,"minecraft:time_since_rest":138148,"minecraft:waystone_activated":1,"minecraft:damage_taken":1883,"minecraft:damage_dealt":5843,"minecraft:swim_one_cm":1988,"minecraft:fly_one_cm":286519,"minecraft:open_chest":29,"minecraft:crouch_one_cm":5944,"minecraft:interact_with_smoker":1,"minecraft:fall_one_cm":52192,"minecraft:inspect_dispenser":1},"minecraft:used":{"minecraft:dried_kelp":3,"minecraft:poppy":3,"minecraft:chest":1,"minecraft:shield":5,"minecraft:torch":36,"minecraft:mutton":6,"minecraft:tuff":37,"minecraft:lava_bucket":3,"minecraft:lantern":1,"minecraft:iron_axe":97,"fusion:bronze_sword":118,"minecraft:furnace":1,"minecraft:cobbled_deepslate":117,"minecraft:golden_axe":1,"minecraft:water_bucket":1,"minecraft:wooden_pickaxe":47,"minecraft:mossy_cobblestone":2,"minecraft:flower_pot":1,"minecraft:diamond_pickaxe":50,"minecraft:bread":40,"minecraft:melon_slice":5,"minecraft:iron_pickaxe":156,"minecraft:cobblestone":3,"minecraft:bucket":6,"alexsmobs:animal_dictionary":1},"minecraft:dropped":{"minecraft:bread":3,"minecraft:wheat_seeds":1,"minecraft:glow_ink_sac":8,"minecraft:dark_oak_sapling":8,"minecraft:feather":1,"minecraft:golden_axe":2,"minecraft:cookie":38,"artifacts:anglers_hat":1,"minecraft:stone_button":1,"minecraft:torch":33,"minecraft:mutton":3,"minecraft:wooden_axe":1,"minecraft:dried_kelp":3,"minecraft:iron_axe":1,"minecraft:iron_pickaxe":1,"minecraft:paper":15,"minecraft:string":5,"create:raw_zinc":22,"minecraft:bone":8,"minecraft:gravel":27,"minecraft:sugar_cane":8,"minecraft:iron_nugget":1,"alexsmobs:animal_dictionary":1,"minecraft:cobbled_deepslate":1,"minecraft:cocoa_beans":26,"alexscaves:cave_tablet":6,"minecraft:poppy":9,"minecraft:rabbit_hide":6,"minecraft:leather_chestplate":5,"minecraft:potato":2,"minecraft:flower_pot":3,"minecraft:gunpowder":1,"minecraft:diamond_pickaxe":1,"minecraft:charcoal":2,"minecraft:yellow_bed":1,"minecraft:chainmail_boots":1,"minecraft:leather_leggings":4,"minecraft:arrow":3,"biomesoplenty:mahogany_sapling":1,"minecraft:wooden_pickaxe":2,"minecraft:calcite":1}},"DataVersion":3465}