{"stats":{"minecraft:killed":{"rotted:farmer":2,"rotted:marine":1,"rotted:miner":1,"minecraft:bee":1,"rotted:adventurer":1,"minecraft:cow":1},"minecraft:mined":{"minecraft:podzol":1,"minecraft:spruce_planks":1,"minecraft:red_bed":3,"minecraft:spruce_trapdoor":14,"minecraft:allium":3,"minecraft:grass_block":3,"biomesoplenty:fir_planks":7,"minecraft:poppy":1,"minecraft:chest":2,"minecraft:rose_bush":1,"minecraft:campfire":1,"biomesoplenty:sprout":24,"minecraft:sweet_berry_bush":2,"minecraft:lilac":1,"biomesoplenty:fir_log":7,"minecraft:bee_nest":1,"minecraft:grass":24,"minecraft:sunflower":4,"minecraft:spruce_slab":2},"minecraft:dropped":{"minecraft:wheat_seeds":3,"minecraft:poisonous_potato":1,"minecraft:feather":3,"minecraft:rotten_flesh":4,"farmersdelight:rice":13,"minecraft:dirt":1,"minecraft:red_bed":3,"minecraft:torch":6,"minecraft:rose_bush":2,"minecraft:sunflower":5,"rotted:rotten_brain":1},"minecraft:used":{"minecraft:spruce_slab":2,"minecraft:spruce_planks":26,"minecraft:torch":5,"minecraft:dirt":3,"minecraft:allium":3,"fusion:bronze_axe":139,"biomesoplenty:fir_sapling":1,"minecraft:bread":22,"minecraft:spruce_trapdoor":14,"minecraft:sweet_berries":28,"alexsmobs:animal_dictionary":1,"minecraft:potato":10},"minecraft:picked_up":{"minecraft:charcoal":2,"minecraft:allium":3,"farmersdelight:rice":1,"biomesoplenty:fir_sapling":1,"biomesoplenty:fir_log":5,"minecraft:dirt":5,"minecraft:red_bed":3,"minecraft:wheat_seeds":8,"biomesoplenty:fir_planks":114,"minecraft:rose_bush":2,"minecraft:spruce_slab":2,"minecraft:chest":2,"minecraft:spruce_trapdoor":14,"minecraft:torch":3,"minecraft:poisonous_potato":3,"minecraft:rotten_flesh":8,"rotted:rotten_brain":1,"minecraft:sunflower":5},"minecraft:killed_by":{"rotted:adventurer":1},"minecraft:custom":{"minecraft:interact_with_smithing_table":1,"minecraft:interact_with_furnace":1,"minecraft:mob_kills":7,"minecraft:traded_with_villager":2,"minecraft:interact_with_crafting_table":3,"minecraft:bell_ring":117,"minecraft:time_since_death":6498,"minecraft:sleep_in_bed":3,"minecraft:climb_one_cm":136,"minecraft:time_since_rest":6525,"minecraft:waystone_activated":1,"minecraft:sprint_one_cm":180471,"minecraft:damage_taken":1366,"minecraft:walk_one_cm":169659,"minecraft:drop":28,"minecraft:damage_dealt":2298,"minecraft:talked_to_villager":64,"minecraft:fly_one_cm":204885,"minecraft:open_chest":34,"minecraft:crouch_one_cm":7955,"minecraft:play_time":53746,"minecraft:deaths":1,"minecraft:sneak_time":4069,"minecraft:jump":996,"minecraft:interact_with_blast_furnace":2,"minecraft:total_world_time":53746,"minecraft:fall_one_cm":32325},"minecraft:crafted":{"minecraft:spruce_planks":64,"minecraft:torch":8,"minecraft:sea_lantern":8}},"DataVersion":3465}