{"stats":{"minecraft:dropped":{"minecraft:leather_chestplate":5,"minecraft:cobbled_deepslate":1,"minecraft:cookie":38,"minecraft:leather_leggings":4,"biomesoplenty:mahogany_sapling":1,"minecraft:wooden_pickaxe":2},"minecraft:killed":{"minecraft:skeleton":2,"minecraft:zombie":3,"minecraft:spider":2},"minecraft:custom":{"minecraft:time_since_rest":31675,"minecraft:sprint_one_cm":171986,"spartanshields:shield_bash_hits":9,"minecraft:damage_taken":695,"minecraft:walk_one_cm":112526,"minecraft:damage_blocked_by_shield":45,"minecraft:mob_kills":7,"minecraft:drop":14,"minecraft:damage_dealt":952,"minecraft:interact_with_crafting_table":2,"minecraft:talked_to_villager":5,"minecraft:fly_one_cm":86972,"minecraft:open_chest":14,"minecraft:crouch_one_cm":410,"minecraft:play_time":35500,"minecraft:bell_ring":1,"minecraft:sneak_time":220,"minecraft:walk_under_water_one_cm":22,"minecraft:jump":705,"minecraft:leave_game":1,"minecraft:time_since_death":35500,"minecraft:walk_on_water_one_cm":1471,"minecraft:sleep_in_bed":1,"minecraft:climb_one_cm":12440,"minecraft:total_world_time":35500,"minecraft:interact_with_furnace":1,"minecraft:inspect_dispenser":1,"minecraft:fall_one_cm":15202},"minecraft:used":{"minecraft:iron_axe":33,"minecraft:bread":16,"minecraft:iron_pickaxe":130,"minecraft:shield":2,"minecraft:wooden_pickaxe":46,"minecraft:torch":16,"minecraft:cobblestone":3,"minecraft:cobbled_deepslate":2,"alexsmobs:animal_dictionary":1},"minecraft:picked_up":{"minecraft:raw_iron":2,"minecraft:stick":2,"minecraft:iron_chestplate":1,"minecraft:leather_chestplate":3,"minecraft:jungle_log":2,"minecraft:leather_leggings":3,"minecraft:torch":11,"minecraft:wooden_pickaxe":1,"minecraft:yellow_bed":1,"minecraft:shield":1,"minecraft:spider_eye":1,"minecraft:string":5,"minecraft:iron_axe":1,"minecraft:iron_leggings":1,"minecraft:arrow":3,"biomesoplenty:mahogany_sapling":1,"minecraft:cobbled_deepslate":19,"crittersandcompanions:silk":4,"minecraft:rabbit_hide":3,"minecraft:iron_helmet":1,"create:asurine":3,"minecraft:iron_nugget":1,"minecraft:iron_pickaxe":1,"minecraft:iron_boots":1,"minecraft:cobblestone":3},"minecraft:mined":{"create:zinc_ore":12,"minecraft:tuff":12,"create:deepslate_zinc_ore":10,"minecraft:deepslate_diamond_ore":8,"minecraft:iron_ore":12,"minecraft:sculk_vein":1,"minecraft:deepslate_lapis_ore":6,"minecraft:torch":3,"create:asurine":3,"minecraft:coal_ore":37,"minecraft:deepslate_iron_ore":16,"biomesoplenty:mahogany_leaves":5,"minecraft:jungle_log":2,"crittersandcompanions:silk_cocoon":1,"minecraft:cobblestone":1,"minecraft:deepslate_gold_ore":12,"minecraft:stone":1,"minecraft:sculk":1,"minecraft:gold_ore":7,"minecraft:deepslate":17,"minecraft:wall_torch":8,"minecraft:deepslate_redstone_ore":6},"minecraft:crafted":{"minecraft:wooden_pickaxe":1,"minecraft:torch":8,"minecraft:jungle_planks":4}},"DataVersion":3465}