{"stats":{"minecraft:picked_up":{"biomesoplenty:toadstool":1,"minecraft:raw_iron":48,"minecraft:stick":4,"minecraft:crafting_table":4,"minecraft:torch":7,"minecraft:gravel":15,"biomesoplenty:fir_log":17,"minecraft:flint":2,"minecraft:tuff":20,"create:raw_zinc":20,"minecraft:dirt":9,"minecraft:raw_copper":5,"minecraft:diamond":10,"minecraft:cobbled_deepslate":183,"minecraft:iron_ingot":10,"minecraft:coal":30,"minecraft:snowball":1,"minecraft:cobblestone":357,"minecraft:furnace":1},"minecraft:used":{"minecraft:iron_shovel":21,"minecraft:bread":4,"minecraft:stone_pickaxe":80,"minecraft:iron_pickaxe":595,"minecraft:iron_helmet":1,"minecraft:wooden_pickaxe":6,"minecraft:iron_boots":1,"minecraft:gravel":13,"minecraft:iron_chestplate":1,"minecraft:stone_axe":20,"minecraft:torch":8,"minecraft:dirt":4,"minecraft:cobblestone":28,"minecraft:crafting_table":4,"minecraft:furnace":1},"minecraft:crafted":{"biomesoplenty:fir_planks":20,"minecraft:iron_boots":1,"minecraft:iron_chestplate":1,"minecraft:crafting_table":1,"minecraft:stick":16,"minecraft:iron_helmet":1,"minecraft:iron_pickaxe":3,"minecraft:iron_ingot":30,"minecraft:wooden_pickaxe":1,"minecraft:stone_pickaxe":1,"minecraft:iron_leggings":1,"minecraft:stone_sword":1,"minecraft:iron_sword":1,"minecraft:iron_shovel":1,"minecraft:furnace":1,"minecraft:bucket":1,"minecraft:torch":16,"minecraft:stone_axe":1,"minecraft:air":0},"minecraft:broken":{"minecraft:iron_pickaxe":2},"minecraft:mined":{"create:zinc_ore":20,"minecraft:tuff":20,"minecraft:furnace":1,"minecraft:deepslate_diamond_ore":10,"minecraft:iron_ore":47,"minecraft:snow":1,"minecraft:torch":2,"minecraft:powder_snow":14,"biomesoplenty:fir_log":17,"minecraft:crafting_table":4,"minecraft:grass_block":7,"minecraft:coal_ore":30,"biomesoplenty:fir_leaves":4,"minecraft:gravel":16,"minecraft:dirt":2,"minecraft:copper_ore":2,"minecraft:cobblestone":1,"minecraft:stone":357,"minecraft:sculk":2,"minecraft:deepslate":183,"minecraft:wall_torch":5},"minecraft:dropped":{"biomesoplenty:toadstool":1,"minecraft:gravel":1},"minecraft:custom":{"minecraft:time_since_rest":40733,"minecraft:interact_with_furnace":19,"minecraft:sprint_one_cm":47934,"minecraft:damage_taken":479,"minecraft:walk_one_cm":39980,"minecraft:drop":2,"minecraft:damage_dealt":20,"minecraft:interact_with_crafting_table":14,"minecraft:fly_one_cm":42546,"minecraft:crouch_one_cm":45827,"minecraft:play_time":43079,"minecraft:deaths":1,"minecraft:sneak_time":23319,"minecraft:jump":347,"minecraft:leave_game":2,"minecraft:walk_on_water_one_cm":236,"minecraft:time_since_death":40703,"minecraft:total_world_time":43079,"minecraft:fall_one_cm":12841}},"DataVersion":3465}