{"stats":{"minecraft:picked_up":{"minecraft:stick":3,"minecraft:crafting_table":1,"minecraft:gravel":2,"biomesoplenty:fir_log":5,"minecraft:coal":14,"minecraft:dirt":6,"minecraft:cobblestone":47,"minecraft:raw_iron":9},"minecraft:used":{"minecraft:stone_axe":1,"minecraft:dirt":4,"minecraft:cobblestone":5,"minecraft:crafting_table":1,"minecraft:stone_pickaxe":68,"minecraft:wooden_pickaxe":6},"minecraft:crafted":{"minecraft:stone_sword":1,"biomesoplenty:fir_planks":20,"minecraft:torch":16,"minecraft:stone_axe":1,"minecraft:crafting_table":1,"minecraft:stick":8,"minecraft:stone_pickaxe":1,"minecraft:wooden_pickaxe":1},"minecraft:mined":{"minecraft:coal_ore":14,"minecraft:grass_block":6,"biomesoplenty:fir_leaves":2,"minecraft:gravel":2,"minecraft:iron_ore":9,"minecraft:stone":49,"minecraft:crafting_table":1,"biomesoplenty:fir_log":5},"minecraft:custom":{"minecraft:crouch_one_cm":604,"minecraft:time_since_rest":4631,"minecraft:sprint_one_cm":18754,"minecraft:play_time":6977,"minecraft:deaths":1,"minecraft:damage_taken":358,"minecraft:walk_one_cm":8816,"minecraft:sneak_time":659,"minecraft:jump":73,"minecraft:damage_dealt":20,"minecraft:leave_game":1,"minecraft:time_since_death":4601,"minecraft:total_world_time":6977,"minecraft:interact_with_crafting_table":3,"minecraft:fall_one_cm":5320,"minecraft:fly_one_cm":15646}},"DataVersion":3465}